h,model,forecast_m,origin,time,validation_score,correction_m
1,nivel_montante,7.832572648604434,2026-09-21T12:45:00-03:00,2026-09-21T13:45:00-03:00,0.01332583286567278,0.0
1,nivel_montante_assimilado,7.77706800457344,2026-09-21T12:45:00-03:00,2026-09-21T13:45:00-03:00,0.01332583286567278,-0.05550464403099431
1,nivel_barragens,7.924192637801315,2026-09-21T12:45:00-03:00,2026-09-21T13:45:00-03:00,0.013832936589196937,0.0
1,nivel_barragens_assimilado,7.839496820926446,2026-09-21T12:45:00-03:00,2026-09-21T13:45:00-03:00,0.013832936589196937,-0.08469581687486875
1,integrado,8.224108528124987,2026-09-21T12:45:00-03:00,2026-09-21T13:45:00-03:00,0.013720990509385644,0.0
1,integrado_assimilado,7.927177635678392,2026-09-21T12:45:00-03:00,2026-09-21T13:45:00-03:00,0.013720990509385644,-0.296930892446595
1,barragens_chuva,8.063113737280512,2026-09-21T12:45:00-03:00,2026-09-21T13:45:00-03:00,0.013913669144642772,0.0
1,barragens_chuva_assimilado,7.85534256100785,2026-09-21T12:45:00-03:00,2026-09-21T13:45:00-03:00,0.013913669144642772,-0.20777117627266195
2,nivel_montante,8.346460797172595,2026-09-21T12:45:00-03:00,2026-09-21T14:45:00-03:00,0.03047819745932347,0.0
2,nivel_montante_assimilado,8.40567535974079,2026-09-21T12:45:00-03:00,2026-09-21T14:45:00-03:00,0.03047819745932347,0.05921456256819502
2,nivel_barragens,8.524736640722706,2026-09-21T12:45:00-03:00,2026-09-21T14:45:00-03:00,0.032654451056292146,0.0
2,nivel_barragens_assimilado,8.526522511150313,2026-09-21T12:45:00-03:00,2026-09-21T14:45:00-03:00,0.032654451056292146,0.001785870427606806
2,integrado,9.37197216648607,2026-09-21T12:45:00-03:00,2026-09-21T14:45:00-03:00,0.03174636192545406,0.0
2,integrado_assimilado,8.827306087536293,2026-09-21T12:45:00-03:00,2026-09-21T14:45:00-03:00,0.03174636192545406,-0.5446660789497771
2,barragens_chuva,8.936568124219093,2026-09-21T12:45:00-03:00,2026-09-21T14:45:00-03:00,0.032576855532554704,0.0
2,barragens_chuva_assimilado,8.525644709917906,2026-09-21T12:45:00-03:00,2026-09-21T14:45:00-03:00,0.032576855532554704,-0.41092341430118706
3,nivel_montante,8.998626083516546,2026-09-21T12:45:00-03:00,2026-09-21T15:45:00-03:00,0.17777965384506447,0.0
3,nivel_montante_assimilado,9.295626571966672,2026-09-21T12:45:00-03:00,2026-09-21T15:45:00-03:00,0.17777965384506447,0.29700048845012555
3,nivel_barragens,9.519265935785521,2026-09-21T12:45:00-03:00,2026-09-21T15:45:00-03:00,0.16689518767295985,0.0
3,nivel_barragens_assimilado,9.835560893760924,2026-09-21T12:45:00-03:00,2026-09-21T15:45:00-03:00,0.16689518767295985,0.31629495797540325
3,integrado,10.677984537877355,2026-09-21T12:45:00-03:00,2026-09-21T15:45:00-03:00,0.1522616772619542,0.0
3,integrado_assimilado,10.439943510736901,2026-09-21T12:45:00-03:00,2026-09-21T15:45:00-03:00,0.1522616772619542,-0.23804102714045441
3,barragens_chuva,10.051334485486601,2026-09-21T12:45:00-03:00,2026-09-21T15:45:00-03:00,0.14651947055041703,0.0
3,barragens_chuva_assimilado,9.883577072769917,2026-09-21T12:45:00-03:00,2026-09-21T15:45:00-03:00,0.14651947055041703,-0.16775741271668299
4,nivel_montante,9.230594330129849,2026-09-21T12:45:00-03:00,2026-09-21T16:45:00-03:00,0.17683648813221833,0.0
4,nivel_montante_assimilado,10.128904361715376,2026-09-21T12:45:00-03:00,2026-09-21T16:45:00-03:00,0.17683648813221833,0.8983100315855267
4,nivel_barragens,9.544409265784125,2026-09-21T12:45:00-03:00,2026-09-21T16:45:00-03:00,0.16824710231324322,0.0
4,nivel_barragens_assimilado,10.486902604925714,2026-09-21T12:45:00-03:00,2026-09-21T16:45:00-03:00,0.16824710231324322,0.942493339141588
4,integrado,10.887758059576916,2026-09-21T12:45:00-03:00,2026-09-21T16:45:00-03:00,0.15383660231136786,0.0
4,integrado_assimilado,11.270692354728505,2026-09-21T12:45:00-03:00,2026-09-21T16:45:00-03:00,0.15383660231136786,0.3829342951515888
4,barragens_chuva,10.156098138817503,2026-09-21T12:45:00-03:00,2026-09-21T16:45:00-03:00,0.14575807792881929,0.0
4,barragens_chuva_assimilado,10.567047911160735,2026-09-21T12:45:00-03:00,2026-09-21T16:45:00-03:00,0.14575807792881929,0.4109497723432319
5,nivel_montante,9.451305615025094,2026-09-21T12:45:00-03:00,2026-09-21T17:45:00-03:00,0.21026730668305652,0.0
5,nivel_montante_assimilado,10.900913607009324,2026-09-21T12:45:00-03:00,2026-09-21T17:45:00-03:00,0.21026730668305652,1.4496079919842295
5,nivel_barragens,9.728065303292855,2026-09-21T12:45:00-03:00,2026-09-21T17:45:00-03:00,0.20489830665170297,0.0
5,nivel_barragens_assimilado,11.19768906977474,2026-09-21T12:45:00-03:00,2026-09-21T17:45:00-03:00,0.20489830665170297,1.4696237664818845
5,integrado,11.106810999185289,2026-09-21T12:45:00-03:00,2026-09-21T17:45:00-03:00,0.16526791741389868,0.0
5,integrado_assimilado,12.274153266702747,2026-09-21T12:45:00-03:00,2026-09-21T17:45:00-03:00,0.16526791741389868,1.1673422675174578
5,barragens_chuva,10.477237952699985,2026-09-21T12:45:00-03:00,2026-09-21T17:45:00-03:00,0.16766802468064806,0.0
5,barragens_chuva_assimilado,11.654708735093234,2026-09-21T12:45:00-03:00,2026-09-21T17:45:00-03:00,0.16766802468064806,1.1774707823932484
6,nivel_montante,9.590800950550522,2026-09-21T12:45:00-03:00,2026-09-21T18:45:00-03:00,0.27629446755265596,0.0
6,nivel_montante_assimilado,11.185825058252869,2026-09-21T12:45:00-03:00,2026-09-21T18:45:00-03:00,0.27629446755265596,1.5950241077023473
6,nivel_barragens,10.182176888043692,2026-09-21T12:45:00-03:00,2026-09-21T18:45:00-03:00,0.2718907591206988,0.0
6,nivel_barragens_assimilado,11.780405683135783,2026-09-21T12:45:00-03:00,2026-09-21T18:45:00-03:00,0.2718907591206988,1.59822879509209
6,integrado,11.162509871308117,2026-09-21T12:45:00-03:00,2026-09-21T18:45:00-03:00,0.21924584788124402,0.0
6,integrado_assimilado,12.551237966964358,2026-09-21T12:45:00-03:00,2026-09-21T18:45:00-03:00,0.21924584788124402,1.38872809565624
6,barragens_chuva,11.032507674718346,2026-09-21T12:45:00-03:00,2026-09-21T18:45:00-03:00,0.22325986506831996,0.0
6,barragens_chuva_assimilado,12.441521140601411,2026-09-21T12:45:00-03:00,2026-09-21T18:45:00-03:00,0.22325986506831996,1.4090134658830653
