source,source_peak,source_value,mucum_peak,mucum_level,lag_h,distance_km,wave_speed_km_h
Linha José Júlio,2025-06-18T20:45:00-03:00,12.56,2025-06-19T00:45:00-03:00,13.05,4,37.56500929069928,9.39125232267482
Linha José Júlio,2025-06-23T17:45:00-03:00,12.51,2025-06-23T21:45:00-03:00,11.4,4,37.56500929069928,9.39125232267482
Linha José Júlio,2025-06-29T19:45:00-03:00,15.73,2025-06-29T22:45:00-03:00,14.98,3,37.56500929069928,12.521669763566427
Linha José Júlio,2025-09-22T21:45:00-03:00,9.35,2025-09-23T00:45:00-03:00,8.93,3,37.56500929069928,12.521669763566427
Linha José Júlio,2025-11-08T21:45:00-03:00,10.36,2025-11-08T23:45:00-03:00,9.09,2,37.56500929069928,18.78250464534964
Linha José Júlio,2026-07-03T06:45:00-03:00,10.31,2026-07-03T09:45:00-03:00,8.84,3,37.56500929069928,12.521669763566427
Linha José Júlio,2026-07-22T10:45:00-03:00,20.35,2026-07-22T15:45:00-03:00,19.81,5,37.56500929069928,7.513001858139856
Linha José Júlio,2026-07-29T16:45:00-03:00,15.96,2026-07-29T18:45:00-03:00,15.3,2,37.56500929069928,18.78250464534964
Linha José Júlio,2026-08-14T00:45:00-03:00,10.77,2026-08-14T02:45:00-03:00,9.74,2,37.56500929069928,18.78250464534964
Linha José Júlio,2026-08-31T03:45:00-03:00,8.89,2026-08-31T07:45:00-03:00,7.54,4,37.56500929069928,9.39125232267482
Santa Tereza,2025-06-18T22:45:00-03:00,10.88,2025-06-19T00:45:00-03:00,13.05,2,20.503243941828863,10.251621970914432
Santa Tereza,2025-06-23T18:45:00-03:00,10.47,2025-06-23T21:45:00-03:00,11.4,3,20.503243941828863,6.8344146472762874
Santa Tereza,2025-06-29T20:45:00-03:00,13.32,2025-06-29T22:45:00-03:00,14.98,2,20.503243941828863,10.251621970914432
Santa Tereza,2025-09-22T22:45:00-03:00,8.01,2025-09-23T00:45:00-03:00,8.93,2,20.503243941828863,10.251621970914432
Santa Tereza,2025-11-08T22:45:00-03:00,8.51,2025-11-08T23:45:00-03:00,9.09,1,20.503243941828863,20.503243941828863
Santa Tereza,2026-07-03T08:45:00-03:00,8.39,2026-07-03T09:45:00-03:00,8.84,1,20.503243941828863,20.503243941828863
Santa Tereza,2026-07-22T11:45:00-03:00,17.43,2026-07-22T15:45:00-03:00,19.81,4,20.503243941828863,5.125810985457216
Santa Tereza,2026-07-29T16:45:00-03:00,13.36,2026-07-29T18:45:00-03:00,15.3,2,20.503243941828863,10.251621970914432
Santa Tereza,2026-08-14T01:45:00-03:00,8.88,2026-08-14T02:45:00-03:00,9.74,1,20.503243941828863,20.503243941828863
Santa Tereza,2026-08-31T05:45:00-03:00,7.19,2026-08-31T07:45:00-03:00,7.54,2,20.503243941828863,10.251621970914432
Passo Carreiro,2025-06-18T03:45:00-03:00,6.17,2025-06-19T00:45:00-03:00,13.05,21,77.34323850475506,3.683011357369289
Passo Carreiro,2025-06-23T14:45:00-03:00,5.87,2025-06-23T21:45:00-03:00,11.4,7,77.34323850475506,11.049034072107867
Passo Carreiro,2025-06-29T16:45:00-03:00,6.76,2025-06-29T22:45:00-03:00,14.98,6,77.34323850475506,12.890539750792511
Passo Carreiro,2025-09-22T19:45:00-03:00,5.38,2025-09-23T00:45:00-03:00,8.93,5,77.34323850475506,15.468647700951013
Passo Carreiro,2025-11-08T07:45:00-03:00,5.1,2025-11-08T23:45:00-03:00,9.09,16,77.34323850475506,4.8339524065471915
Passo Carreiro,2026-07-29T14:45:00-03:00,7.892,2026-07-29T18:45:00-03:00,15.3,4,77.34323850475506,19.335809626188766
Passo Carreiro,2026-08-13T02:45:00-03:00,6.3020000000000005,2026-08-14T02:45:00-03:00,9.74,24,77.34323850475506,3.222634937698128
14 de Julho,2025-06-18T18:45:00-03:00,3495.0,2025-06-19T00:45:00-03:00,13.05,6,40.292788571043495,6.7154647618405825
14 de Julho,2025-06-23T15:45:00-03:00,3744.0,2025-06-23T21:45:00-03:00,11.4,6,40.292788571043495,6.7154647618405825
14 de Julho,2025-06-29T19:45:00-03:00,6098.0,2025-06-29T22:45:00-03:00,14.98,3,40.292788571043495,13.430929523681165
14 de Julho,2025-11-08T20:45:00-03:00,2600.0,2025-11-08T23:45:00-03:00,9.09,3,40.292788571043495,13.430929523681165
14 de Julho,2026-07-03T06:45:00-03:00,2341.0,2026-07-03T09:45:00-03:00,8.84,3,40.292788571043495,13.430929523681165
14 de Julho,2026-07-22T09:45:00-03:00,9452.0,2026-07-22T15:45:00-03:00,19.81,6,40.292788571043495,6.7154647618405825
14 de Julho,2026-07-29T14:45:00-03:00,6148.0,2026-07-29T18:45:00-03:00,15.3,4,40.292788571043495,10.073197142760874
14 de Julho,2026-08-13T23:45:00-03:00,2805.0,2026-08-14T02:45:00-03:00,9.74,3,40.292788571043495,13.430929523681165
14 de Julho,2026-08-31T02:45:00-03:00,1887.0,2026-08-31T07:45:00-03:00,7.54,5,40.292788571043495,8.0585577142087
Monte Claro,2025-06-18T21:45:00-03:00,2563.0,2025-06-19T00:45:00-03:00,13.05,3,,
Monte Claro,2025-06-23T16:45:00-03:00,3671.0,2025-06-23T21:45:00-03:00,11.4,5,,
Monte Claro,2025-06-29T16:45:00-03:00,5575.0,2025-06-29T22:45:00-03:00,14.98,6,,
Monte Claro,2025-11-08T17:45:00-03:00,2525.0,2025-11-08T23:45:00-03:00,9.09,6,,
Monte Claro,2026-07-02T22:45:00-03:00,2320.0,2026-07-03T09:45:00-03:00,8.84,11,,
Monte Claro,2026-07-22T10:45:00-03:00,9907.0,2026-07-22T15:45:00-03:00,19.81,5,,
Monte Claro,2026-07-29T13:45:00-03:00,5962.0,2026-07-29T18:45:00-03:00,15.3,5,,
Monte Claro,2026-08-13T21:45:00-03:00,2756.0,2026-08-14T02:45:00-03:00,9.74,5,,
Monte Claro,2026-08-31T05:45:00-03:00,1729.0,2026-08-31T07:45:00-03:00,7.54,2,,
Castro Alves,2025-06-18T03:45:00-03:00,1143.0,2025-06-19T00:45:00-03:00,13.05,21,,
Castro Alves,2025-06-23T14:45:00-03:00,2456.0,2025-06-23T21:45:00-03:00,11.4,7,,
Castro Alves,2025-06-29T15:45:00-03:00,4061.0,2025-06-29T22:45:00-03:00,14.98,7,,
Castro Alves,2025-11-08T16:45:00-03:00,1890.0,2025-11-08T23:45:00-03:00,9.09,7,,
Castro Alves,2026-07-03T03:45:00-03:00,1180.0,2026-07-03T09:45:00-03:00,8.84,6,,
Castro Alves,2026-07-22T07:45:00-03:00,5323.0,2026-07-22T15:45:00-03:00,19.81,8,,
Castro Alves,2026-07-29T14:45:00-03:00,3314.0,2026-07-29T18:45:00-03:00,15.3,4,,
Castro Alves,2026-08-14T00:45:00-03:00,1482.0,2026-08-14T02:45:00-03:00,9.74,2,,
Passo Tainhas,2025-06-18T09:45:00-03:00,2.47,2025-06-19T00:45:00-03:00,13.05,15,274.8089899923489,18.32059933282326
Passo Tainhas,2025-06-18T09:45:00-03:00,2.47,2025-06-20T15:45:00-03:00,9.09,54,274.8089899923489,5.089055370228684
Passo Tainhas,2025-06-23T13:45:00-03:00,3.27,2025-06-23T21:45:00-03:00,11.4,8,274.8089899923489,34.351123749043616
Passo Tainhas,2025-06-29T12:45:00-03:00,4.04,2025-06-29T22:45:00-03:00,14.98,10,274.8089899923489,27.480898999234892
Passo Tainhas,2025-09-22T13:45:00-03:00,2.71,2025-09-23T00:45:00-03:00,8.93,11,274.8089899923489,24.982635453849902
Passo Tainhas,2025-11-08T05:45:00-03:00,3.73,2025-11-08T23:45:00-03:00,9.09,18,274.8089899923489,15.267166110686052
Passo Tainhas,2026-07-03T02:45:00-03:00,2.21,2026-07-03T09:45:00-03:00,8.84,7,274.8089899923489,39.25842714176413
Passo Tainhas,2026-07-22T04:45:00-03:00,4.65,2026-07-22T15:45:00-03:00,19.81,11,274.8089899923489,24.982635453849902
Passo Tainhas,2026-07-29T09:45:00-03:00,4.2,2026-07-29T18:45:00-03:00,15.3,9,274.8089899923489,30.534332221372104
Passo Tainhas,2026-08-13T16:45:00-03:00,2.74,2026-08-14T02:45:00-03:00,9.74,10,274.8089899923489,27.480898999234892
Passo Tainhas,2026-08-29T20:45:00-03:00,3.0,2026-08-31T07:45:00-03:00,7.54,35,274.8089899923489,7.851685428352827
