origin,horizon_h,delay_minutes,recomputed_m,saved_m,difference_m,passed
2026-07-01T00:00:00-03:00,1,15,4.502797969511366,4.502797969511366,0.0,True
2026-07-01T00:00:00-03:00,1,30,4.47347431904146,4.47347431904146,0.0,True
2026-07-01T00:00:00-03:00,1,45,4.445615178122823,4.445615178122823,0.0,True
2026-07-01T00:00:00-03:00,2,15,4.418716677172806,4.418716677172805,8.881784197001252e-16,True
2026-07-01T00:00:00-03:00,2,30,4.393733961849715,4.393733961849714,8.881784197001252e-16,True
2026-07-01T00:00:00-03:00,2,45,4.37002140678333,4.370021406783331,-8.881784197001252e-16,True
2026-07-01T00:00:00-03:00,3,15,4.3446390727896675,4.344639072789667,8.881784197001252e-16,True
2026-07-01T00:00:00-03:00,3,30,4.323401446983515,4.323401446983514,8.881784197001252e-16,True
2026-07-01T00:00:00-03:00,3,45,4.303263055472055,4.303263055472054,8.881784197001252e-16,True
2026-07-01T00:00:00-03:00,4,15,4.254399881752282,4.254399881752281,8.881784197001252e-16,True
2026-07-01T00:00:00-03:00,4,30,4.2363152183800485,4.236315218380049,-8.881784197001252e-16,True
2026-07-01T00:00:00-03:00,4,45,4.219183103897583,4.219183103897583,0.0,True
2026-07-01T00:00:00-03:00,5,15,4.167654069129797,4.167654069129796,8.881784197001252e-16,True
2026-07-01T00:00:00-03:00,5,30,4.152277503767777,4.1522775037677775,-8.881784197001252e-16,True
2026-07-01T00:00:00-03:00,5,45,4.137725719653076,4.1377257196530755,8.881784197001252e-16,True
2026-07-01T00:00:00-03:00,6,15,4.0890490921462375,4.0890490921462375,0.0,True
2026-07-01T00:00:00-03:00,6,30,4.076008730426074,4.076008730426073,8.881784197001252e-16,True
2026-07-01T00:00:00-03:00,6,45,4.063681615047956,4.0636816150479556,8.881784197001252e-16,True
2026-07-01T00:00:00-03:00,7,15,4.027565711177895,4.027565711177895,0.0,True
2026-07-01T00:00:00-03:00,7,30,4.016556885202873,4.016556885202872,8.881784197001252e-16,True
2026-07-01T00:00:00-03:00,7,45,4.00616334551091,4.00616334551091,0.0,True
2026-07-01T00:00:00-03:00,8,15,3.9860269684322267,3.9860269684322276,-8.881784197001252e-16,True
2026-07-01T00:00:00-03:00,8,30,3.9767859096870763,3.9767859096870772,-8.881784197001252e-16,True
2026-07-01T00:00:00-03:00,8,45,3.9680741225626406,3.9680741225626397,8.881784197001252e-16,True
2026-07-01T00:00:00-03:00,9,15,3.979350946779758,3.9793509467797588,-8.881784197001252e-16,True
2026-07-01T00:00:00-03:00,9,30,3.9716648501407503,3.971664850140751,-8.881784197001252e-16,True
2026-07-01T00:00:00-03:00,9,45,3.9644317703896217,3.9644317703896217,0.0,True
2026-07-01T00:00:00-03:00,10,15,3.996897288938837,3.9968972889388352,1.7763568394002505e-15,True
2026-07-01T00:00:00-03:00,10,30,3.990557370066502,3.990557370066502,0.0,True
2026-07-01T00:00:00-03:00,10,45,3.9846039202829076,3.9846039202829084,-8.881784197001252e-16,True
2026-07-01T00:00:00-03:00,11,15,4.0326438246108856,4.0326438246108856,0.0,True
2026-07-01T00:00:00-03:00,11,30,4.0274578684374545,4.027457868437454,8.881784197001252e-16,True
2026-07-01T00:00:00-03:00,11,45,4.022600907460809,4.022600907460809,0.0,True
2026-07-01T00:00:00-03:00,12,15,4.081657792061528,4.081657792061528,0.0,True
2026-07-01T00:00:00-03:00,12,30,4.077453430122241,4.077453430122241,0.0,True
2026-07-01T00:00:00-03:00,12,45,4.073528846880999,4.073528846880999,0.0,True
2026-07-02T21:00:00-03:00,1,15,7.253426000427062,7.253426000427063,-8.881784197001252e-16,True
2026-07-02T21:00:00-03:00,1,30,7.213409658300422,7.213409658300421,8.881784197001252e-16,True
2026-07-02T21:00:00-03:00,1,45,7.1834519338277865,7.183451933827786,8.881784197001252e-16,True
2026-07-02T21:00:00-03:00,2,15,7.454985374406709,7.45498537440671,-8.881784197001252e-16,True
2026-07-02T21:00:00-03:00,2,30,7.422694722891028,7.422694722891029,-8.881784197001252e-16,True
2026-07-02T21:00:00-03:00,2,45,7.398622977223999,7.398622977224,-8.881784197001252e-16,True
2026-07-02T21:00:00-03:00,3,15,7.649854317082074,7.649854317082075,-8.881784197001252e-16,True
2026-07-02T21:00:00-03:00,3,30,7.6239600568687615,7.623960056868761,8.881784197001252e-16,True
2026-07-02T21:00:00-03:00,3,45,7.604755282676191,7.604755282676188,2.6645352591003757e-15,True
2026-07-02T21:00:00-03:00,4,15,7.797235681420542,7.797235681420541,8.881784197001252e-16,True
2026-07-02T21:00:00-03:00,4,30,7.776560351049558,7.776560351049558,0.0,True
2026-07-02T21:00:00-03:00,4,45,7.761322420494132,7.761322420494133,-8.881784197001252e-16,True
2026-07-02T21:00:00-03:00,5,15,7.908332566980651,7.90833256698065,8.881784197001252e-16,True
2026-07-02T21:00:00-03:00,5,30,7.891955471407711,7.891955471407711,0.0,True
2026-07-02T21:00:00-03:00,5,45,7.8799819552972465,7.879981955297246,8.881784197001252e-16,True
2026-07-02T21:00:00-03:00,6,15,8.024043344375624,8.02404334437562,3.552713678800501e-15,True
2026-07-02T21:00:00-03:00,6,30,8.011276709850083,8.011276709850083,0.0,True
2026-07-02T21:00:00-03:00,6,45,8.002043612051441,8.002043612051441,0.0,True
2026-07-02T21:00:00-03:00,7,15,8.125319334554835,8.125319334554835,0.0,True
2026-07-02T21:00:00-03:00,7,30,8.115562370019639,8.115562370019639,0.0,True
2026-07-02T21:00:00-03:00,7,45,8.108612515562015,8.108612515562015,0.0,True
2026-07-02T21:00:00-03:00,8,15,8.207398359832215,8.207398359832215,0.0,True
2026-07-02T21:00:00-03:00,8,30,8.200149190673748,8.200149190673748,0.0,True
2026-07-02T21:00:00-03:00,8,45,8.195101051643402,8.195101051643402,0.0,True
2026-07-02T21:00:00-03:00,9,15,8.270044841956956,8.270044841956956,0.0,True
2026-07-02T21:00:00-03:00,9,30,8.264888672622206,8.264888672622206,0.0,True
2026-07-02T21:00:00-03:00,9,45,8.26142716878243,8.26142716878243,0.0,True
2026-07-02T21:00:00-03:00,10,15,8.308093110932646,8.308093110932646,0.0,True
2026-07-02T21:00:00-03:00,10,30,8.30468303485846,8.30468303485846,0.0,True
2026-07-02T21:00:00-03:00,10,45,8.302544824994992,8.302544824994992,0.0,True
2026-07-02T21:00:00-03:00,11,15,8.346140270911231,8.346140270911231,0.0,True
2026-07-02T21:00:00-03:00,11,30,8.344203856420595,8.344203856420595,0.0,True
2026-07-02T21:00:00-03:00,11,45,8.343182235411088,8.343182235411088,0.0,True
2026-07-02T21:00:00-03:00,12,15,8.34433523590516,8.34433523590516,0.0,True
2026-07-02T21:00:00-03:00,12,30,8.343623176868547,8.343623176868547,0.0,True
2026-07-02T21:00:00-03:00,12,45,8.343529069632076,8.343529069632076,0.0,True
2026-07-22T08:00:00-03:00,1,15,17.5977314819624,17.597731481962395,3.552713678800501e-15,True
2026-07-22T08:00:00-03:00,1,30,17.59688580454488,17.596885804544883,-3.552713678800501e-15,True
2026-07-22T08:00:00-03:00,1,45,17.595443190580234,17.595443190580234,0.0,True
2026-07-22T08:00:00-03:00,2,15,17.59029471171126,17.590294711711255,3.552713678800501e-15,True
2026-07-22T08:00:00-03:00,2,30,17.588503210964756,17.58850321096476,-3.552713678800501e-15,True
2026-07-22T08:00:00-03:00,2,45,17.586174019872658,17.586174019872658,0.0,True
2026-07-22T08:00:00-03:00,3,15,17.994060832233032,17.994060832233032,0.0,True
2026-07-22T08:00:00-03:00,3,30,17.99140429680509,17.99140429680509,0.0,True
2026-07-22T08:00:00-03:00,3,45,17.988264220721263,17.988264220721266,-3.552713678800501e-15,True
2026-07-22T08:00:00-03:00,4,15,17.230285345608635,17.230285345608635,0.0,True
2026-07-22T08:00:00-03:00,4,30,17.227062183799024,17.227062183799024,0.0,True
2026-07-22T08:00:00-03:00,4,45,17.223390890045543,17.223390890045543,0.0,True
2026-07-22T08:00:00-03:00,5,15,16.560982047026123,16.56098204702612,3.552713678800501e-15,True
2026-07-22T08:00:00-03:00,5,30,16.55725826589949,16.55725826589949,0.0,True
2026-07-22T08:00:00-03:00,5,45,16.55311762849461,16.55311762849461,0.0,True
2026-07-22T08:00:00-03:00,6,15,15.70581724471139,15.705817244711383,7.105427357601002e-15,True
2026-07-22T08:00:00-03:00,6,30,15.70168355987462,15.70168355987462,0.0,True
2026-07-22T08:00:00-03:00,6,45,15.697158614174711,15.697158614174715,-3.552713678800501e-15,True
2026-07-22T08:00:00-03:00,7,15,14.946530484899142,14.946530484899142,0.0,True
2026-07-22T08:00:00-03:00,7,30,14.942032624217706,14.9420326242177,5.329070518200751e-15,True
2026-07-22T08:00:00-03:00,7,45,14.937166239094957,14.937166239094957,0.0,True
2026-07-22T08:00:00-03:00,8,15,14.088086376912106,14.088086376912106,0.0,True
2026-07-22T08:00:00-03:00,8,30,14.083284155520658,14.083284155520658,0.0,True
2026-07-22T08:00:00-03:00,8,45,14.07813240524061,14.078132405240611,-1.7763568394002505e-15,True
2026-07-22T08:00:00-03:00,9,15,13.046633276221868,13.046633276221861,7.105427357601002e-15,True
2026-07-22T08:00:00-03:00,9,30,13.04158605302673,13.041586053026723,7.105427357601002e-15,True
2026-07-22T08:00:00-03:00,9,45,13.0362045854157,13.036204585415698,1.7763568394002505e-15,True
2026-07-22T08:00:00-03:00,10,15,11.49927793647823,11.499277936478228,1.7763568394002505e-15,True
2026-07-22T08:00:00-03:00,10,30,11.494070560021399,11.494070560021399,0.0,True
2026-07-22T08:00:00-03:00,10,45,11.48853891731142,11.488538917311418,1.7763568394002505e-15,True
2026-07-22T08:00:00-03:00,11,15,10.34373156465276,10.343731564652758,1.7763568394002505e-15,True
2026-07-22T08:00:00-03:00,11,30,10.338356428502212,10.338356428502209,3.552713678800501e-15,True
2026-07-22T08:00:00-03:00,11,45,10.332667485013069,10.332667485013067,1.7763568394002505e-15,True
2026-07-22T08:00:00-03:00,12,15,9.084263954808169,9.084263954808169,0.0,True
2026-07-22T08:00:00-03:00,12,30,9.078761635535987,9.078761635535987,0.0,True
2026-07-22T08:00:00-03:00,12,45,9.072953431168365,9.072953431168362,3.552713678800501e-15,True
2026-07-22T09:00:00-03:00,1,15,18.01632976601764,18.01632976601764,0.0,True
2026-07-22T09:00:00-03:00,1,30,18.000655076659985,18.000655076659985,0.0,True
2026-07-22T09:00:00-03:00,1,45,17.970829912359985,17.970829912359985,0.0,True
2026-07-22T09:00:00-03:00,2,15,18.438674139901025,18.43867413990102,3.552713678800501e-15,True
2026-07-22T09:00:00-03:00,2,30,18.424575351906643,18.424575351906647,-3.552713678800501e-15,True
2026-07-22T09:00:00-03:00,2,45,18.39850884065579,18.398508840655786,3.552713678800501e-15,True
2026-07-22T09:00:00-03:00,3,15,17.871596207009908,17.871596207009908,0.0,True
2026-07-22T09:00:00-03:00,3,30,17.858580354524197,17.858580354524197,0.0,True
2026-07-22T09:00:00-03:00,3,45,17.835095903723765,17.835095903723765,0.0,True
2026-07-22T09:00:00-03:00,4,15,17.166730582885805,17.166730582885805,0.0,True
2026-07-22T09:00:00-03:00,4,30,17.15461563655572,17.15461563655572,0.0,True
2026-07-22T09:00:00-03:00,4,45,17.133278997772347,17.133278997772347,0.0,True
2026-07-22T09:00:00-03:00,5,15,16.424641303829105,16.42464130382911,-3.552713678800501e-15,True
2026-07-22T09:00:00-03:00,5,30,16.413295344746135,16.413295344746135,0.0,True
2026-07-22T09:00:00-03:00,5,45,16.393791880949433,16.393791880949436,-3.552713678800501e-15,True
2026-07-22T09:00:00-03:00,6,15,15.66922136805779,15.66922136805779,0.0,True
2026-07-22T09:00:00-03:00,6,30,15.658536200355169,15.658536200355167,1.7763568394002505e-15,True
2026-07-22T09:00:00-03:00,6,45,15.640607891260817,15.640607891260812,5.329070518200751e-15,True
2026-07-22T09:00:00-03:00,7,15,14.87503836357331,14.875038363573307,3.552713678800501e-15,True
2026-07-22T09:00:00-03:00,7,30,14.864916768673595,14.864916768673595,0.0,True
2026-07-22T09:00:00-03:00,7,45,14.848331794006612,14.848331794006612,0.0,True
2026-07-22T09:00:00-03:00,8,15,13.827191144408246,13.82719114440825,-3.552713678800501e-15,True
2026-07-22T09:00:00-03:00,8,30,13.8175152424722,13.817515242472203,-1.7763568394002505e-15,True
2026-07-22T09:00:00-03:00,8,45,13.801992522691009,13.801992522691009,0.0,True
2026-07-22T09:00:00-03:00,9,15,12.40666628983319,12.406666289833185,5.329070518200751e-15,True
2026-07-22T09:00:00-03:00,9,30,12.397312915857245,12.397312915857242,3.552713678800501e-15,True
2026-07-22T09:00:00-03:00,9,45,12.382558779569994,12.382558779569989,5.329070518200751e-15,True
2026-07-22T09:00:00-03:00,10,15,11.24069620871342,11.240696208713418,1.7763568394002505e-15,True
2026-07-22T09:00:00-03:00,10,30,11.231652160279406,11.231652160279406,0.0,True
2026-07-22T09:00:00-03:00,10,45,11.217635181773776,11.217635181773773,3.552713678800501e-15,True
2026-07-22T09:00:00-03:00,11,15,10.06971203636818,10.069712036368175,5.329070518200751e-15,True
2026-07-22T09:00:00-03:00,11,30,10.06092621451262,10.060926214512618,1.7763568394002505e-15,True
2026-07-22T09:00:00-03:00,11,45,10.047524580692237,10.047524580692233,3.552713678800501e-15,True
2026-07-22T09:00:00-03:00,12,15,8.751684352869809,8.751684352869807,1.7763568394002505e-15,True
2026-07-22T09:00:00-03:00,12,30,8.743082684284161,8.743082684284161,0.0,True
2026-07-22T09:00:00-03:00,12,45,8.73011977265519,8.73011977265519,0.0,True
2026-07-22T11:00:00-03:00,1,15,19.16069641318453,19.160696413184535,-3.552713678800501e-15,True
2026-07-22T11:00:00-03:00,1,30,19.34470002093174,19.344700020931743,-3.552713678800501e-15,True
2026-07-22T11:00:00-03:00,1,45,19.43952436540797,19.439524365407966,3.552713678800501e-15,True
2026-07-22T11:00:00-03:00,2,15,19.772014480524724,19.772014480524728,-3.552713678800501e-15,True
2026-07-22T11:00:00-03:00,2,30,19.924595050512842,19.924595050512842,0.0,True
2026-07-22T11:00:00-03:00,2,45,20.00265576989333,20.00265576989333,0.0,True
2026-07-22T11:00:00-03:00,3,15,20.417805972216534,20.41780597221653,3.552713678800501e-15,True
2026-07-22T11:00:00-03:00,3,30,20.54422472097349,20.54422472097349,0.0,True
2026-07-22T11:00:00-03:00,3,45,20.608303940612977,20.608303940612977,0.0,True
2026-07-22T11:00:00-03:00,4,15,21.242218295587662,21.242218295587662,0.0,True
2026-07-22T11:00:00-03:00,4,30,21.346426094284354,21.346426094284357,-3.552713678800501e-15,True
2026-07-22T11:00:00-03:00,4,45,21.398618928600122,21.398618928600122,0.0,True
2026-07-22T11:00:00-03:00,5,15,21.94391791982772,21.943917919827715,3.552713678800501e-15,True
2026-07-22T11:00:00-03:00,5,30,22.03016305091417,22.03016305091416,7.105427357601002e-15,True
2026-07-22T11:00:00-03:00,5,45,22.07273070298031,22.072730702980305,3.552713678800501e-15,True
2026-07-22T11:00:00-03:00,6,15,22.606606526702272,22.60660652670227,3.552713678800501e-15,True
2026-07-22T11:00:00-03:00,6,30,22.678071766959334,22.67807176695933,3.552713678800501e-15,True
2026-07-22T11:00:00-03:00,6,45,22.712712264239627,22.712712264239627,0.0,True
2026-07-22T11:00:00-03:00,7,15,23.04509118803589,23.045091188035887,3.552713678800501e-15,True
2026-07-22T11:00:00-03:00,7,30,23.104671627619425,23.104671627619428,-3.552713678800501e-15,True
2026-07-22T11:00:00-03:00,7,45,23.132932779838583,23.132932779838583,0.0,True
2026-07-22T11:00:00-03:00,8,15,23.720344913970436,23.720344913970436,0.0,True
2026-07-22T11:00:00-03:00,8,30,23.769676299039133,23.769676299039137,-3.552713678800501e-15,True
2026-07-22T11:00:00-03:00,8,45,23.79243340981194,23.792433409811945,-3.552713678800501e-15,True
2026-07-22T11:00:00-03:00,9,15,24.396673602768836,24.396673602768846,-1.0658141036401503e-14,True
2026-07-22T11:00:00-03:00,9,30,24.437503143824657,24.437503143824664,-7.105427357601002e-15,True
2026-07-22T11:00:00-03:00,9,45,24.45569232767948,24.455692327679486,-7.105427357601002e-15,True
2026-07-22T11:00:00-03:00,10,15,24.915007592007875,24.91500759200787,3.552713678800501e-15,True
2026-07-22T11:00:00-03:00,10,30,24.948919745488652,24.948919745488652,0.0,True
2026-07-22T11:00:00-03:00,10,45,24.963390816682995,24.963390816682992,3.552713678800501e-15,True
2026-07-22T11:00:00-03:00,11,15,25.21247793821987,25.212477938219866,3.552713678800501e-15,True
2026-07-22T11:00:00-03:00,11,30,25.240778210982,25.240778210981997,3.552713678800501e-15,True
2026-07-22T11:00:00-03:00,11,45,25.252231939996634,25.252231939996626,7.105427357601002e-15,True
2026-07-22T11:00:00-03:00,12,15,25.49415895814758,25.49415895814758,0.0,True
2026-07-22T11:00:00-03:00,12,30,25.517755072881577,25.51775507288157,7.105427357601002e-15,True
2026-07-22T11:00:00-03:00,12,45,25.52667896147741,25.5266789614774,7.105427357601002e-15,True
2026-08-13T09:00:00-03:00,1,15,8.784942320149979,8.784942320149979,0.0,True
2026-08-13T09:00:00-03:00,1,30,8.80302882064193,8.80302882064193,0.0,True
2026-08-13T09:00:00-03:00,1,45,8.811406568464635,8.811406568464635,0.0,True
2026-08-13T09:00:00-03:00,2,15,8.992063195619819,8.99206319561982,-1.7763568394002505e-15,True
2026-08-13T09:00:00-03:00,2,30,9.005901870471348,9.005901870471348,0.0,True
2026-08-13T09:00:00-03:00,2,45,9.011417937055134,9.011417937055137,-3.552713678800501e-15,True
2026-08-13T09:00:00-03:00,3,15,9.170371340349439,9.170371340349437,1.7763568394002505e-15,True
2026-08-13T09:00:00-03:00,3,30,9.18070476109991,9.180704761099912,-1.7763568394002505e-15,True
2026-08-13T09:00:00-03:00,3,45,9.183858103159343,9.183858103159345,-1.7763568394002505e-15,True
2026-08-13T09:00:00-03:00,4,15,9.333462701049845,9.333462701049843,1.7763568394002505e-15,True
2026-08-13T09:00:00-03:00,4,30,9.34088239313705,9.34088239313705,0.0,True
2026-08-13T09:00:00-03:00,4,45,9.342070886068027,9.342070886068027,0.0,True
2026-08-13T09:00:00-03:00,5,15,9.459925585037022,9.459925585037022,0.0,True
2026-08-13T09:00:00-03:00,5,30,9.464937173329758,9.464937173329757,1.7763568394002505e-15,True
2026-08-13T09:00:00-03:00,5,45,9.464501208401918,9.464501208401918,0.0,True
2026-08-13T09:00:00-03:00,6,15,9.539445347007076,9.539445347007076,0.0,True
2026-08-13T09:00:00-03:00,6,30,9.54246806406033,9.542468064060328,1.7763568394002505e-15,True
2026-08-13T09:00:00-03:00,6,45,9.540690068297748,9.540690068297748,0.0,True
2026-08-13T09:00:00-03:00,7,15,9.59583564978569,9.59583564978569,0.0,True
2026-08-13T09:00:00-03:00,7,30,9.597196839506342,9.597196839506342,0.0,True
2026-08-13T09:00:00-03:00,7,45,9.594297450965831,9.594297450965831,0.0,True
2026-08-13T09:00:00-03:00,8,15,9.61864890729474,9.618648907294737,1.7763568394002505e-15,True
2026-08-13T09:00:00-03:00,8,30,9.618624899428777,9.618624899428777,0.0,True
2026-08-13T09:00:00-03:00,8,45,9.614790450017578,9.614790450017578,0.0,True
2026-08-13T09:00:00-03:00,9,15,9.61709749690493,9.61709749690493,0.0,True
2026-08-13T09:00:00-03:00,9,30,9.6159125131929,9.6159125131929,0.0,True
2026-08-13T09:00:00-03:00,9,45,9.611294248539556,9.611294248539554,1.7763568394002505e-15,True
2026-08-13T09:00:00-03:00,10,15,9.624351456528414,9.624351456528412,1.7763568394002505e-15,True
2026-08-13T09:00:00-03:00,10,30,9.622180518937903,9.622180518937904,-1.7763568394002505e-15,True
2026-08-13T09:00:00-03:00,10,45,9.616896527328143,9.616896527328144,-1.7763568394002505e-15,True
2026-08-13T09:00:00-03:00,11,15,9.663025512177912,9.663025512177912,0.0,True
2026-08-13T09:00:00-03:00,11,30,9.660011166762452,9.660011166762454,-1.7763568394002505e-15,True
2026-08-13T09:00:00-03:00,11,45,9.654157643425888,9.65415764342589,-1.7763568394002505e-15,True
2026-08-13T09:00:00-03:00,12,15,9.728695686048907,9.728695686048908,-1.7763568394002505e-15,True
2026-08-13T09:00:00-03:00,12,30,9.724962585661608,9.72496258566161,-1.7763568394002505e-15,True
2026-08-13T09:00:00-03:00,12,45,9.718623665195848,9.718623665195848,0.0,True
