plant,timestamp_original,variable,ceran_m,ons_m,difference_m,ons_file,ons_line,ceran_file
JIUHCA,21/09/2026 11:00:00,val_nivelmontante,242.21,242.21,0.0,outputs/mucum-propagacao-2026-09-21/raw/DADOS_HIDROLOGICOS_HO_2026_09-ceran.csv,983,outputs/mucum-hourly-20260921T180020-0300/raw/ceran-castro-fresh.html
JIUHCA,21/09/2026 11:00:00,val_niveljusante,150.78,150.78,0.0,outputs/mucum-propagacao-2026-09-21/raw/DADOS_HIDROLOGICOS_HO_2026_09-ceran.csv,983,outputs/mucum-hourly-20260921T180020-0300/raw/ceran-castro-fresh.html
JIUHCA,21/09/2026 10:00:00,val_nivelmontante,241.11,241.11,0.0,outputs/mucum-propagacao-2026-09-21/raw/DADOS_HIDROLOGICOS_HO_2026_09-ceran.csv,982,outputs/mucum-hourly-20260921T180020-0300/raw/ceran-castro-fresh.html
JIUHCA,21/09/2026 10:00:00,val_niveljusante,151.07,151.07,0.0,outputs/mucum-propagacao-2026-09-21/raw/DADOS_HIDROLOGICOS_HO_2026_09-ceran.csv,982,outputs/mucum-hourly-20260921T180020-0300/raw/ceran-castro-fresh.html
JIUHCA,21/09/2026 09:00:00,val_nivelmontante,240.53,240.53,0.0,outputs/mucum-propagacao-2026-09-21/raw/DADOS_HIDROLOGICOS_HO_2026_09-ceran.csv,981,outputs/mucum-hourly-20260921T180020-0300/raw/ceran-castro-fresh.html
JIUHCA,21/09/2026 09:00:00,val_niveljusante,149.69,149.69,0.0,outputs/mucum-propagacao-2026-09-21/raw/DADOS_HIDROLOGICOS_HO_2026_09-ceran.csv,981,outputs/mucum-hourly-20260921T180020-0300/raw/ceran-castro-fresh.html
JIUHCA,21/09/2026 08:00:00,val_nivelmontante,240.31,240.31,0.0,outputs/mucum-propagacao-2026-09-21/raw/DADOS_HIDROLOGICOS_HO_2026_09-ceran.csv,980,outputs/mucum-hourly-20260921T180020-0300/raw/ceran-castro-fresh.html
JIUHCA,21/09/2026 08:00:00,val_niveljusante,148.56,148.56,0.0,outputs/mucum-propagacao-2026-09-21/raw/DADOS_HIDROLOGICOS_HO_2026_09-ceran.csv,980,outputs/mucum-hourly-20260921T180020-0300/raw/ceran-castro-fresh.html
JIUHCA,21/09/2026 07:00:00,val_nivelmontante,240.29,240.29,0.0,outputs/mucum-propagacao-2026-09-21/raw/DADOS_HIDROLOGICOS_HO_2026_09-ceran.csv,979,outputs/mucum-hourly-20260921T180020-0300/raw/ceran-castro-fresh.html
JIUHCA,21/09/2026 07:00:00,val_niveljusante,148.5,148.5,0.0,outputs/mucum-propagacao-2026-09-21/raw/DADOS_HIDROLOGICOS_HO_2026_09-ceran.csv,979,outputs/mucum-hourly-20260921T180020-0300/raw/ceran-castro-fresh.html
JIUHCA,21/09/2026 06:00:00,val_nivelmontante,240.28,240.28,0.0,outputs/mucum-propagacao-2026-09-21/raw/DADOS_HIDROLOGICOS_HO_2026_09-ceran.csv,978,outputs/mucum-hourly-20260921T180020-0300/raw/ceran-castro-fresh.html
JIUHCA,21/09/2026 06:00:00,val_niveljusante,148.5,148.5,0.0,outputs/mucum-propagacao-2026-09-21/raw/DADOS_HIDROLOGICOS_HO_2026_09-ceran.csv,978,outputs/mucum-hourly-20260921T180020-0300/raw/ceran-castro-fresh.html
JIUHCA,21/09/2026 05:00:00,val_nivelmontante,240.28,240.28,0.0,outputs/mucum-propagacao-2026-09-21/raw/DADOS_HIDROLOGICOS_HO_2026_09-ceran.csv,977,outputs/mucum-hourly-20260921T180020-0300/raw/ceran-castro-fresh.html
JIUHCA,21/09/2026 05:00:00,val_niveljusante,148.45,148.45,0.0,outputs/mucum-propagacao-2026-09-21/raw/DADOS_HIDROLOGICOS_HO_2026_09-ceran.csv,977,outputs/mucum-hourly-20260921T180020-0300/raw/ceran-castro-fresh.html
JIUHCA,21/09/2026 04:00:00,val_nivelmontante,240.29,240.29,0.0,outputs/mucum-propagacao-2026-09-21/raw/DADOS_HIDROLOGICOS_HO_2026_09-ceran.csv,976,outputs/mucum-hourly-20260921T180020-0300/raw/ceran-castro-fresh.html
JIUHCA,21/09/2026 04:00:00,val_niveljusante,148.4,148.4,0.0,outputs/mucum-propagacao-2026-09-21/raw/DADOS_HIDROLOGICOS_HO_2026_09-ceran.csv,976,outputs/mucum-hourly-20260921T180020-0300/raw/ceran-castro-fresh.html
JIUHCA,21/09/2026 03:00:00,val_nivelmontante,240.29,240.29,0.0,outputs/mucum-propagacao-2026-09-21/raw/DADOS_HIDROLOGICOS_HO_2026_09-ceran.csv,975,outputs/mucum-hourly-20260921T180020-0300/raw/ceran-castro-fresh.html
JIUHCA,21/09/2026 03:00:00,val_niveljusante,148.33,148.33,0.0,outputs/mucum-propagacao-2026-09-21/raw/DADOS_HIDROLOGICOS_HO_2026_09-ceran.csv,975,outputs/mucum-hourly-20260921T180020-0300/raw/ceran-castro-fresh.html
JIUHCA,21/09/2026 02:00:00,val_nivelmontante,240.3,240.3,0.0,outputs/mucum-propagacao-2026-09-21/raw/DADOS_HIDROLOGICOS_HO_2026_09-ceran.csv,974,outputs/mucum-hourly-20260921T180020-0300/raw/ceran-castro-fresh.html
JIUHCA,21/09/2026 02:00:00,val_niveljusante,148.48,148.48,0.0,outputs/mucum-propagacao-2026-09-21/raw/DADOS_HIDROLOGICOS_HO_2026_09-ceran.csv,974,outputs/mucum-hourly-20260921T180020-0300/raw/ceran-castro-fresh.html
JIUHCA,21/09/2026 01:00:00,val_nivelmontante,240.3,240.3,0.0,outputs/mucum-propagacao-2026-09-21/raw/DADOS_HIDROLOGICOS_HO_2026_09-ceran.csv,973,outputs/mucum-hourly-20260921T180020-0300/raw/ceran-castro-fresh.html
JIUHCA,21/09/2026 01:00:00,val_niveljusante,148.45,148.45,0.0,outputs/mucum-propagacao-2026-09-21/raw/DADOS_HIDROLOGICOS_HO_2026_09-ceran.csv,973,outputs/mucum-hourly-20260921T180020-0300/raw/ceran-castro-fresh.html
JIUHCA,20/09/2026 23:00:00,val_nivelmontante,240.3,240.3,0.0,outputs/mucum-propagacao-2026-09-21/raw/DADOS_HIDROLOGICOS_HO_2026_09-ceran.csv,971,outputs/mucum-hourly-20260921T180020-0300/raw/ceran-castro-fresh.html
JIUHCA,20/09/2026 23:00:00,val_niveljusante,148.43,148.43,0.0,outputs/mucum-propagacao-2026-09-21/raw/DADOS_HIDROLOGICOS_HO_2026_09-ceran.csv,971,outputs/mucum-hourly-20260921T180020-0300/raw/ceran-castro-fresh.html
JIUHCA,20/09/2026 22:00:00,val_nivelmontante,240.29,240.29,0.0,outputs/mucum-propagacao-2026-09-21/raw/DADOS_HIDROLOGICOS_HO_2026_09-ceran.csv,970,outputs/mucum-hourly-20260921T180020-0300/raw/ceran-castro-fresh.html
JIUHCA,20/09/2026 22:00:00,val_niveljusante,148.43,148.43,0.0,outputs/mucum-propagacao-2026-09-21/raw/DADOS_HIDROLOGICOS_HO_2026_09-ceran.csv,970,outputs/mucum-hourly-20260921T180020-0300/raw/ceran-castro-fresh.html
JIUHCA,20/09/2026 21:00:00,val_nivelmontante,240.29,240.29,0.0,outputs/mucum-propagacao-2026-09-21/raw/DADOS_HIDROLOGICOS_HO_2026_09-ceran.csv,969,outputs/mucum-hourly-20260921T180020-0300/raw/ceran-castro-fresh.html
JIUHCA,20/09/2026 21:00:00,val_niveljusante,148.4,148.4,0.0,outputs/mucum-propagacao-2026-09-21/raw/DADOS_HIDROLOGICOS_HO_2026_09-ceran.csv,969,outputs/mucum-hourly-20260921T180020-0300/raw/ceran-castro-fresh.html
JIUHCA,20/09/2026 20:00:00,val_nivelmontante,240.28,240.28,0.0,outputs/mucum-propagacao-2026-09-21/raw/DADOS_HIDROLOGICOS_HO_2026_09-ceran.csv,968,outputs/mucum-hourly-20260921T180020-0300/raw/ceran-castro-fresh.html
JIUHCA,20/09/2026 20:00:00,val_niveljusante,148.39,148.39,0.0,outputs/mucum-propagacao-2026-09-21/raw/DADOS_HIDROLOGICOS_HO_2026_09-ceran.csv,968,outputs/mucum-hourly-20260921T180020-0300/raw/ceran-castro-fresh.html
JIUHCA,20/09/2026 19:00:00,val_nivelmontante,240.25,240.25,0.0,outputs/mucum-propagacao-2026-09-21/raw/DADOS_HIDROLOGICOS_HO_2026_09-ceran.csv,967,outputs/mucum-hourly-20260921T180020-0300/raw/ceran-castro-fresh.html
JIUHCA,20/09/2026 19:00:00,val_niveljusante,148.4,148.4,0.0,outputs/mucum-propagacao-2026-09-21/raw/DADOS_HIDROLOGICOS_HO_2026_09-ceran.csv,967,outputs/mucum-hourly-20260921T180020-0300/raw/ceran-castro-fresh.html
JIUHCA,20/09/2026 18:00:00,val_nivelmontante,240.23,240.23,0.0,outputs/mucum-propagacao-2026-09-21/raw/DADOS_HIDROLOGICOS_HO_2026_09-ceran.csv,966,outputs/mucum-hourly-20260921T180020-0300/raw/ceran-castro-fresh.html
JIUHCA,20/09/2026 18:00:00,val_niveljusante,148.42,148.42,0.0,outputs/mucum-propagacao-2026-09-21/raw/DADOS_HIDROLOGICOS_HO_2026_09-ceran.csv,966,outputs/mucum-hourly-20260921T180020-0300/raw/ceran-castro-fresh.html
JIUHCA,20/09/2026 17:00:00,val_nivelmontante,240.2,240.2,0.0,outputs/mucum-propagacao-2026-09-21/raw/DADOS_HIDROLOGICOS_HO_2026_09-ceran.csv,965,outputs/mucum-hourly-20260921T180020-0300/raw/ceran-castro-fresh.html
JIUHCA,20/09/2026 17:00:00,val_niveljusante,148.67,148.67,0.0,outputs/mucum-propagacao-2026-09-21/raw/DADOS_HIDROLOGICOS_HO_2026_09-ceran.csv,965,outputs/mucum-hourly-20260921T180020-0300/raw/ceran-castro-fresh.html
JIUHCA,20/09/2026 16:00:00,val_nivelmontante,240.17,240.17,0.0,outputs/mucum-propagacao-2026-09-21/raw/DADOS_HIDROLOGICOS_HO_2026_09-ceran.csv,964,outputs/mucum-hourly-20260921T180020-0300/raw/ceran-castro-fresh.html
JIUHCA,20/09/2026 16:00:00,val_niveljusante,148.67,148.67,0.0,outputs/mucum-propagacao-2026-09-21/raw/DADOS_HIDROLOGICOS_HO_2026_09-ceran.csv,964,outputs/mucum-hourly-20260921T180020-0300/raw/ceran-castro-fresh.html
JIUHCA,20/09/2026 15:00:00,val_nivelmontante,240.11,240.11,0.0,outputs/mucum-propagacao-2026-09-21/raw/DADOS_HIDROLOGICOS_HO_2026_09-ceran.csv,963,outputs/mucum-hourly-20260921T180020-0300/raw/ceran-castro-fresh.html
JIUHCA,20/09/2026 15:00:00,val_niveljusante,148.73,148.73,0.0,outputs/mucum-propagacao-2026-09-21/raw/DADOS_HIDROLOGICOS_HO_2026_09-ceran.csv,963,outputs/mucum-hourly-20260921T180020-0300/raw/ceran-castro-fresh.html
JIUHCA,20/09/2026 14:00:00,val_nivelmontante,240.06,240.06,0.0,outputs/mucum-propagacao-2026-09-21/raw/DADOS_HIDROLOGICOS_HO_2026_09-ceran.csv,962,outputs/mucum-hourly-20260921T180020-0300/raw/ceran-castro-fresh.html
JIUHCA,20/09/2026 14:00:00,val_niveljusante,148.76,148.76,0.0,outputs/mucum-propagacao-2026-09-21/raw/DADOS_HIDROLOGICOS_HO_2026_09-ceran.csv,962,outputs/mucum-hourly-20260921T180020-0300/raw/ceran-castro-fresh.html
JIUHCA,20/09/2026 13:00:00,val_nivelmontante,240.02,240.02,0.0,outputs/mucum-propagacao-2026-09-21/raw/DADOS_HIDROLOGICOS_HO_2026_09-ceran.csv,961,outputs/mucum-hourly-20260921T180020-0300/raw/ceran-castro-fresh.html
JIUHCA,20/09/2026 13:00:00,val_niveljusante,148.75,148.75,0.0,outputs/mucum-propagacao-2026-09-21/raw/DADOS_HIDROLOGICOS_HO_2026_09-ceran.csv,961,outputs/mucum-hourly-20260921T180020-0300/raw/ceran-castro-fresh.html
JIUHCA,20/09/2026 12:00:00,val_nivelmontante,239.97,239.97,0.0,outputs/mucum-propagacao-2026-09-21/raw/DADOS_HIDROLOGICOS_HO_2026_09-ceran.csv,960,outputs/mucum-hourly-20260921T180020-0300/raw/ceran-castro-fresh.html
JIUHCA,20/09/2026 12:00:00,val_niveljusante,148.75,148.75,0.0,outputs/mucum-propagacao-2026-09-21/raw/DADOS_HIDROLOGICOS_HO_2026_09-ceran.csv,960,outputs/mucum-hourly-20260921T180020-0300/raw/ceran-castro-fresh.html
JIUHCA,20/09/2026 11:00:00,val_nivelmontante,239.92,239.92,0.0,outputs/mucum-propagacao-2026-09-21/raw/DADOS_HIDROLOGICOS_HO_2026_09-ceran.csv,959,outputs/mucum-hourly-20260921T180020-0300/raw/ceran-castro-fresh.html
JIUHCA,20/09/2026 11:00:00,val_niveljusante,148.68,148.68,0.0,outputs/mucum-propagacao-2026-09-21/raw/DADOS_HIDROLOGICOS_HO_2026_09-ceran.csv,959,outputs/mucum-hourly-20260921T180020-0300/raw/ceran-castro-fresh.html
JIUHCA,20/09/2026 10:00:00,val_nivelmontante,239.9,239.9,0.0,outputs/mucum-propagacao-2026-09-21/raw/DADOS_HIDROLOGICOS_HO_2026_09-ceran.csv,958,outputs/mucum-hourly-20260921T180020-0300/raw/ceran-castro-fresh.html
JIUHCA,20/09/2026 10:00:00,val_niveljusante,148.63,148.63,0.0,outputs/mucum-propagacao-2026-09-21/raw/DADOS_HIDROLOGICOS_HO_2026_09-ceran.csv,958,outputs/mucum-hourly-20260921T180020-0300/raw/ceran-castro-fresh.html
JIUHCA,20/09/2026 09:00:00,val_nivelmontante,239.89,239.89,0.0,outputs/mucum-propagacao-2026-09-21/raw/DADOS_HIDROLOGICOS_HO_2026_09-ceran.csv,957,outputs/mucum-hourly-20260921T180020-0300/raw/ceran-castro-fresh.html
JIUHCA,20/09/2026 09:00:00,val_niveljusante,148.48,148.48,0.0,outputs/mucum-propagacao-2026-09-21/raw/DADOS_HIDROLOGICOS_HO_2026_09-ceran.csv,957,outputs/mucum-hourly-20260921T180020-0300/raw/ceran-castro-fresh.html
JIUHCA,20/09/2026 08:00:00,val_nivelmontante,239.91,239.91,0.0,outputs/mucum-propagacao-2026-09-21/raw/DADOS_HIDROLOGICOS_HO_2026_09-ceran.csv,956,outputs/mucum-hourly-20260921T180020-0300/raw/ceran-castro-fresh.html
JIUHCA,20/09/2026 08:00:00,val_niveljusante,148.36,148.36,0.0,outputs/mucum-propagacao-2026-09-21/raw/DADOS_HIDROLOGICOS_HO_2026_09-ceran.csv,956,outputs/mucum-hourly-20260921T180020-0300/raw/ceran-castro-fresh.html
JIUHCA,20/09/2026 07:00:00,val_nivelmontante,239.89,239.89,0.0,outputs/mucum-propagacao-2026-09-21/raw/DADOS_HIDROLOGICOS_HO_2026_09-ceran.csv,955,outputs/mucum-hourly-20260921T180020-0300/raw/ceran-castro-fresh.html
JIUHCA,20/09/2026 07:00:00,val_niveljusante,148.32,148.32,0.0,outputs/mucum-propagacao-2026-09-21/raw/DADOS_HIDROLOGICOS_HO_2026_09-ceran.csv,955,outputs/mucum-hourly-20260921T180020-0300/raw/ceran-castro-fresh.html
JIUHCA,20/09/2026 06:00:00,val_nivelmontante,239.84,239.84,0.0,outputs/mucum-propagacao-2026-09-21/raw/DADOS_HIDROLOGICOS_HO_2026_09-ceran.csv,954,outputs/mucum-hourly-20260921T180020-0300/raw/ceran-castro-fresh.html
JIUHCA,20/09/2026 06:00:00,val_niveljusante,148.37,148.37,0.0,outputs/mucum-propagacao-2026-09-21/raw/DADOS_HIDROLOGICOS_HO_2026_09-ceran.csv,954,outputs/mucum-hourly-20260921T180020-0300/raw/ceran-castro-fresh.html
JIUHCA,20/09/2026 05:00:00,val_nivelmontante,239.8,239.8,0.0,outputs/mucum-propagacao-2026-09-21/raw/DADOS_HIDROLOGICOS_HO_2026_09-ceran.csv,953,outputs/mucum-hourly-20260921T180020-0300/raw/ceran-castro-fresh.html
JIUHCA,20/09/2026 05:00:00,val_niveljusante,148.31,148.31,0.0,outputs/mucum-propagacao-2026-09-21/raw/DADOS_HIDROLOGICOS_HO_2026_09-ceran.csv,953,outputs/mucum-hourly-20260921T180020-0300/raw/ceran-castro-fresh.html
JIUHCA,20/09/2026 04:00:00,val_nivelmontante,239.75,239.75,0.0,outputs/mucum-propagacao-2026-09-21/raw/DADOS_HIDROLOGICOS_HO_2026_09-ceran.csv,952,outputs/mucum-hourly-20260921T180020-0300/raw/ceran-castro-fresh.html
JIUHCA,20/09/2026 04:00:00,val_niveljusante,148.2,148.2,0.0,outputs/mucum-propagacao-2026-09-21/raw/DADOS_HIDROLOGICOS_HO_2026_09-ceran.csv,952,outputs/mucum-hourly-20260921T180020-0300/raw/ceran-castro-fresh.html
JIUHCA,20/09/2026 03:00:00,val_nivelmontante,239.72,239.72,0.0,outputs/mucum-propagacao-2026-09-21/raw/DADOS_HIDROLOGICOS_HO_2026_09-ceran.csv,951,outputs/mucum-hourly-20260921T180020-0300/raw/ceran-castro-fresh.html
JIUHCA,20/09/2026 03:00:00,val_niveljusante,148.14,148.14,0.0,outputs/mucum-propagacao-2026-09-21/raw/DADOS_HIDROLOGICOS_HO_2026_09-ceran.csv,951,outputs/mucum-hourly-20260921T180020-0300/raw/ceran-castro-fresh.html
JIUHCA,20/09/2026 02:00:00,val_nivelmontante,239.68,239.68,0.0,outputs/mucum-propagacao-2026-09-21/raw/DADOS_HIDROLOGICOS_HO_2026_09-ceran.csv,950,outputs/mucum-hourly-20260921T180020-0300/raw/ceran-castro-fresh.html
JIUHCA,20/09/2026 02:00:00,val_niveljusante,148.14,148.14,0.0,outputs/mucum-propagacao-2026-09-21/raw/DADOS_HIDROLOGICOS_HO_2026_09-ceran.csv,950,outputs/mucum-hourly-20260921T180020-0300/raw/ceran-castro-fresh.html
JIUHCA,20/09/2026 01:00:00,val_nivelmontante,239.65,239.65,0.0,outputs/mucum-propagacao-2026-09-21/raw/DADOS_HIDROLOGICOS_HO_2026_09-ceran.csv,949,outputs/mucum-hourly-20260921T180020-0300/raw/ceran-castro-fresh.html
JIUHCA,20/09/2026 01:00:00,val_niveljusante,148.13,148.13,0.0,outputs/mucum-propagacao-2026-09-21/raw/DADOS_HIDROLOGICOS_HO_2026_09-ceran.csv,949,outputs/mucum-hourly-20260921T180020-0300/raw/ceran-castro-fresh.html
JIUHCA,19/09/2026 23:00:00,val_nivelmontante,239.63,239.63,0.0,outputs/mucum-propagacao-2026-09-21/raw/DADOS_HIDROLOGICOS_HO_2026_09-ceran.csv,947,outputs/mucum-hourly-20260921T180020-0300/raw/ceran-castro-fresh.html
JIUHCA,19/09/2026 23:00:00,val_niveljusante,148.14,148.14,0.0,outputs/mucum-propagacao-2026-09-21/raw/DADOS_HIDROLOGICOS_HO_2026_09-ceran.csv,947,outputs/mucum-hourly-20260921T180020-0300/raw/ceran-castro-fresh.html
JIUHCA,19/09/2026 22:00:00,val_nivelmontante,239.64,239.64,0.0,outputs/mucum-propagacao-2026-09-21/raw/DADOS_HIDROLOGICOS_HO_2026_09-ceran.csv,946,outputs/mucum-hourly-20260921T180020-0300/raw/ceran-castro-fresh.html
JIUHCA,19/09/2026 22:00:00,val_niveljusante,148.19,148.19,0.0,outputs/mucum-propagacao-2026-09-21/raw/DADOS_HIDROLOGICOS_HO_2026_09-ceran.csv,946,outputs/mucum-hourly-20260921T180020-0300/raw/ceran-castro-fresh.html
JIUHCA,19/09/2026 21:00:00,val_nivelmontante,239.65,239.65,0.0,outputs/mucum-propagacao-2026-09-21/raw/DADOS_HIDROLOGICOS_HO_2026_09-ceran.csv,945,outputs/mucum-hourly-20260921T180020-0300/raw/ceran-castro-fresh.html
JIUHCA,19/09/2026 21:00:00,val_niveljusante,148.24,148.24,0.0,outputs/mucum-propagacao-2026-09-21/raw/DADOS_HIDROLOGICOS_HO_2026_09-ceran.csv,945,outputs/mucum-hourly-20260921T180020-0300/raw/ceran-castro-fresh.html
JIUHCA,19/09/2026 20:00:00,val_nivelmontante,239.65,239.65,0.0,outputs/mucum-propagacao-2026-09-21/raw/DADOS_HIDROLOGICOS_HO_2026_09-ceran.csv,944,outputs/mucum-hourly-20260921T180020-0300/raw/ceran-castro-fresh.html
JIUHCA,19/09/2026 20:00:00,val_niveljusante,148.28,148.28,0.0,outputs/mucum-propagacao-2026-09-21/raw/DADOS_HIDROLOGICOS_HO_2026_09-ceran.csv,944,outputs/mucum-hourly-20260921T180020-0300/raw/ceran-castro-fresh.html
JIUHCA,19/09/2026 19:00:00,val_nivelmontante,239.65,239.65,0.0,outputs/mucum-propagacao-2026-09-21/raw/DADOS_HIDROLOGICOS_HO_2026_09-ceran.csv,943,outputs/mucum-hourly-20260921T180020-0300/raw/ceran-castro-fresh.html
JIUHCA,19/09/2026 19:00:00,val_niveljusante,148.35,148.35,0.0,outputs/mucum-propagacao-2026-09-21/raw/DADOS_HIDROLOGICOS_HO_2026_09-ceran.csv,943,outputs/mucum-hourly-20260921T180020-0300/raw/ceran-castro-fresh.html
JIUHCA,19/09/2026 18:00:00,val_nivelmontante,239.66,239.66,0.0,outputs/mucum-propagacao-2026-09-21/raw/DADOS_HIDROLOGICOS_HO_2026_09-ceran.csv,942,outputs/mucum-hourly-20260921T180020-0300/raw/ceran-castro-fresh.html
JIUHCA,19/09/2026 18:00:00,val_niveljusante,148.47,148.47,0.0,outputs/mucum-propagacao-2026-09-21/raw/DADOS_HIDROLOGICOS_HO_2026_09-ceran.csv,942,outputs/mucum-hourly-20260921T180020-0300/raw/ceran-castro-fresh.html
JIUHMC,21/09/2026 11:00:00,val_nivelmontante,149.87,149.87,0.0,outputs/mucum-propagacao-2026-09-21/raw/DADOS_HIDROLOGICOS_HO_2026_09-ceran.csv,1474,outputs/mucum-hourly-20260921T180020-0300/raw/ceran-monte-fresh.html
JIUHMC,21/09/2026 11:00:00,val_niveljusante,111.31,111.31,0.0,outputs/mucum-propagacao-2026-09-21/raw/DADOS_HIDROLOGICOS_HO_2026_09-ceran.csv,1474,outputs/mucum-hourly-20260921T180020-0300/raw/ceran-monte-fresh.html
JIUHMC,21/09/2026 10:00:00,val_nivelmontante,150.16,150.16,0.0,outputs/mucum-propagacao-2026-09-21/raw/DADOS_HIDROLOGICOS_HO_2026_09-ceran.csv,1473,outputs/mucum-hourly-20260921T180020-0300/raw/ceran-monte-fresh.html
JIUHMC,21/09/2026 10:00:00,val_niveljusante,108.88,108.88,0.0,outputs/mucum-propagacao-2026-09-21/raw/DADOS_HIDROLOGICOS_HO_2026_09-ceran.csv,1473,outputs/mucum-hourly-20260921T180020-0300/raw/ceran-monte-fresh.html
JIUHMC,21/09/2026 09:00:00,val_nivelmontante,149.41,149.41,0.0,outputs/mucum-propagacao-2026-09-21/raw/DADOS_HIDROLOGICOS_HO_2026_09-ceran.csv,1472,outputs/mucum-hourly-20260921T180020-0300/raw/ceran-monte-fresh.html
JIUHMC,21/09/2026 09:00:00,val_niveljusante,107.73,107.73,0.0,outputs/mucum-propagacao-2026-09-21/raw/DADOS_HIDROLOGICOS_HO_2026_09-ceran.csv,1472,outputs/mucum-hourly-20260921T180020-0300/raw/ceran-monte-fresh.html
JIUHMC,21/09/2026 08:00:00,val_nivelmontante,148.79,148.79,0.0,outputs/mucum-propagacao-2026-09-21/raw/DADOS_HIDROLOGICOS_HO_2026_09-ceran.csv,1471,outputs/mucum-hourly-20260921T180020-0300/raw/ceran-monte-fresh.html
JIUHMC,21/09/2026 08:00:00,val_niveljusante,106.79,106.79,0.0,outputs/mucum-propagacao-2026-09-21/raw/DADOS_HIDROLOGICOS_HO_2026_09-ceran.csv,1471,outputs/mucum-hourly-20260921T180020-0300/raw/ceran-monte-fresh.html
JIUHMC,21/09/2026 07:00:00,val_nivelmontante,148.77,148.77,0.0,outputs/mucum-propagacao-2026-09-21/raw/DADOS_HIDROLOGICOS_HO_2026_09-ceran.csv,1470,outputs/mucum-hourly-20260921T180020-0300/raw/ceran-monte-fresh.html
JIUHMC,21/09/2026 07:00:00,val_niveljusante,106.7,106.7,0.0,outputs/mucum-propagacao-2026-09-21/raw/DADOS_HIDROLOGICOS_HO_2026_09-ceran.csv,1470,outputs/mucum-hourly-20260921T180020-0300/raw/ceran-monte-fresh.html
JIUHMC,21/09/2026 06:00:00,val_nivelmontante,148.76,148.76,0.0,outputs/mucum-propagacao-2026-09-21/raw/DADOS_HIDROLOGICOS_HO_2026_09-ceran.csv,1469,outputs/mucum-hourly-20260921T180020-0300/raw/ceran-monte-fresh.html
JIUHMC,21/09/2026 06:00:00,val_niveljusante,106.7,106.7,0.0,outputs/mucum-propagacao-2026-09-21/raw/DADOS_HIDROLOGICOS_HO_2026_09-ceran.csv,1469,outputs/mucum-hourly-20260921T180020-0300/raw/ceran-monte-fresh.html
JIUHMC,21/09/2026 05:00:00,val_nivelmontante,148.76,148.76,0.0,outputs/mucum-propagacao-2026-09-21/raw/DADOS_HIDROLOGICOS_HO_2026_09-ceran.csv,1468,outputs/mucum-hourly-20260921T180020-0300/raw/ceran-monte-fresh.html
JIUHMC,21/09/2026 05:00:00,val_niveljusante,106.65,106.65,0.0,outputs/mucum-propagacao-2026-09-21/raw/DADOS_HIDROLOGICOS_HO_2026_09-ceran.csv,1468,outputs/mucum-hourly-20260921T180020-0300/raw/ceran-monte-fresh.html
JIUHMC,21/09/2026 04:00:00,val_nivelmontante,148.76,148.76,0.0,outputs/mucum-propagacao-2026-09-21/raw/DADOS_HIDROLOGICOS_HO_2026_09-ceran.csv,1467,outputs/mucum-hourly-20260921T180020-0300/raw/ceran-monte-fresh.html
JIUHMC,21/09/2026 04:00:00,val_niveljusante,106.62,106.62,0.0,outputs/mucum-propagacao-2026-09-21/raw/DADOS_HIDROLOGICOS_HO_2026_09-ceran.csv,1467,outputs/mucum-hourly-20260921T180020-0300/raw/ceran-monte-fresh.html
JIUHMC,21/09/2026 03:00:00,val_nivelmontante,148.74,148.74,0.0,outputs/mucum-propagacao-2026-09-21/raw/DADOS_HIDROLOGICOS_HO_2026_09-ceran.csv,1466,outputs/mucum-hourly-20260921T180020-0300/raw/ceran-monte-fresh.html
JIUHMC,21/09/2026 03:00:00,val_niveljusante,106.6,106.6,0.0,outputs/mucum-propagacao-2026-09-21/raw/DADOS_HIDROLOGICOS_HO_2026_09-ceran.csv,1466,outputs/mucum-hourly-20260921T180020-0300/raw/ceran-monte-fresh.html
JIUHMC,21/09/2026 02:00:00,val_nivelmontante,148.74,148.74,0.0,outputs/mucum-propagacao-2026-09-21/raw/DADOS_HIDROLOGICOS_HO_2026_09-ceran.csv,1465,outputs/mucum-hourly-20260921T180020-0300/raw/ceran-monte-fresh.html
JIUHMC,21/09/2026 02:00:00,val_niveljusante,106.6,106.6,0.0,outputs/mucum-propagacao-2026-09-21/raw/DADOS_HIDROLOGICOS_HO_2026_09-ceran.csv,1465,outputs/mucum-hourly-20260921T180020-0300/raw/ceran-monte-fresh.html
JIUHMC,21/09/2026 01:00:00,val_nivelmontante,148.73,148.73,0.0,outputs/mucum-propagacao-2026-09-21/raw/DADOS_HIDROLOGICOS_HO_2026_09-ceran.csv,1464,outputs/mucum-hourly-20260921T180020-0300/raw/ceran-monte-fresh.html
JIUHMC,21/09/2026 01:00:00,val_niveljusante,106.6,106.6,0.0,outputs/mucum-propagacao-2026-09-21/raw/DADOS_HIDROLOGICOS_HO_2026_09-ceran.csv,1464,outputs/mucum-hourly-20260921T180020-0300/raw/ceran-monte-fresh.html
JIUHMC,20/09/2026 23:00:00,val_nivelmontante,148.71,148.71,0.0,outputs/mucum-propagacao-2026-09-21/raw/DADOS_HIDROLOGICOS_HO_2026_09-ceran.csv,1462,outputs/mucum-hourly-20260921T180020-0300/raw/ceran-monte-fresh.html
JIUHMC,20/09/2026 23:00:00,val_niveljusante,106.57,106.57,0.0,outputs/mucum-propagacao-2026-09-21/raw/DADOS_HIDROLOGICOS_HO_2026_09-ceran.csv,1462,outputs/mucum-hourly-20260921T180020-0300/raw/ceran-monte-fresh.html
JIUHMC,20/09/2026 22:00:00,val_nivelmontante,148.71,148.71,0.0,outputs/mucum-propagacao-2026-09-21/raw/DADOS_HIDROLOGICOS_HO_2026_09-ceran.csv,1461,outputs/mucum-hourly-20260921T180020-0300/raw/ceran-monte-fresh.html
JIUHMC,20/09/2026 22:00:00,val_niveljusante,106.63,106.63,0.0,outputs/mucum-propagacao-2026-09-21/raw/DADOS_HIDROLOGICOS_HO_2026_09-ceran.csv,1461,outputs/mucum-hourly-20260921T180020-0300/raw/ceran-monte-fresh.html
JIUHMC,20/09/2026 21:00:00,val_nivelmontante,148.69,148.69,0.0,outputs/mucum-propagacao-2026-09-21/raw/DADOS_HIDROLOGICOS_HO_2026_09-ceran.csv,1460,outputs/mucum-hourly-20260921T180020-0300/raw/ceran-monte-fresh.html
JIUHMC,20/09/2026 21:00:00,val_niveljusante,106.63,106.63,0.0,outputs/mucum-propagacao-2026-09-21/raw/DADOS_HIDROLOGICOS_HO_2026_09-ceran.csv,1460,outputs/mucum-hourly-20260921T180020-0300/raw/ceran-monte-fresh.html
JIUHMC,20/09/2026 20:00:00,val_nivelmontante,148.68,148.68,0.0,outputs/mucum-propagacao-2026-09-21/raw/DADOS_HIDROLOGICOS_HO_2026_09-ceran.csv,1459,outputs/mucum-hourly-20260921T180020-0300/raw/ceran-monte-fresh.html
JIUHMC,20/09/2026 20:00:00,val_niveljusante,106.72,106.72,0.0,outputs/mucum-propagacao-2026-09-21/raw/DADOS_HIDROLOGICOS_HO_2026_09-ceran.csv,1459,outputs/mucum-hourly-20260921T180020-0300/raw/ceran-monte-fresh.html
JIUHMC,20/09/2026 19:00:00,val_nivelmontante,148.68,148.68,0.0,outputs/mucum-propagacao-2026-09-21/raw/DADOS_HIDROLOGICOS_HO_2026_09-ceran.csv,1458,outputs/mucum-hourly-20260921T180020-0300/raw/ceran-monte-fresh.html
JIUHMC,20/09/2026 19:00:00,val_niveljusante,106.97,106.97,0.0,outputs/mucum-propagacao-2026-09-21/raw/DADOS_HIDROLOGICOS_HO_2026_09-ceran.csv,1458,outputs/mucum-hourly-20260921T180020-0300/raw/ceran-monte-fresh.html
JIUHMC,20/09/2026 18:00:00,val_nivelmontante,148.75,148.75,0.0,outputs/mucum-propagacao-2026-09-21/raw/DADOS_HIDROLOGICOS_HO_2026_09-ceran.csv,1457,outputs/mucum-hourly-20260921T180020-0300/raw/ceran-monte-fresh.html
JIUHMC,20/09/2026 18:00:00,val_niveljusante,106.98,106.98,0.0,outputs/mucum-propagacao-2026-09-21/raw/DADOS_HIDROLOGICOS_HO_2026_09-ceran.csv,1457,outputs/mucum-hourly-20260921T180020-0300/raw/ceran-monte-fresh.html
JIUHMC,20/09/2026 17:00:00,val_nivelmontante,148.96,148.96,0.0,outputs/mucum-propagacao-2026-09-21/raw/DADOS_HIDROLOGICOS_HO_2026_09-ceran.csv,1456,outputs/mucum-hourly-20260921T180020-0300/raw/ceran-monte-fresh.html
JIUHMC,20/09/2026 17:00:00,val_niveljusante,106.59,106.59,0.0,outputs/mucum-propagacao-2026-09-21/raw/DADOS_HIDROLOGICOS_HO_2026_09-ceran.csv,1456,outputs/mucum-hourly-20260921T180020-0300/raw/ceran-monte-fresh.html
JIUHMC,20/09/2026 16:00:00,val_nivelmontante,148.98,148.98,0.0,outputs/mucum-propagacao-2026-09-21/raw/DADOS_HIDROLOGICOS_HO_2026_09-ceran.csv,1455,outputs/mucum-hourly-20260921T180020-0300/raw/ceran-monte-fresh.html
JIUHMC,20/09/2026 16:00:00,val_niveljusante,106.6,106.6,0.0,outputs/mucum-propagacao-2026-09-21/raw/DADOS_HIDROLOGICOS_HO_2026_09-ceran.csv,1455,outputs/mucum-hourly-20260921T180020-0300/raw/ceran-monte-fresh.html
JIUHMC,20/09/2026 15:00:00,val_nivelmontante,149.0,149.0,0.0,outputs/mucum-propagacao-2026-09-21/raw/DADOS_HIDROLOGICOS_HO_2026_09-ceran.csv,1454,outputs/mucum-hourly-20260921T180020-0300/raw/ceran-monte-fresh.html
JIUHMC,20/09/2026 15:00:00,val_niveljusante,106.62,106.62,0.0,outputs/mucum-propagacao-2026-09-21/raw/DADOS_HIDROLOGICOS_HO_2026_09-ceran.csv,1454,outputs/mucum-hourly-20260921T180020-0300/raw/ceran-monte-fresh.html
JIUHMC,20/09/2026 14:00:00,val_nivelmontante,149.04,149.04,0.0,outputs/mucum-propagacao-2026-09-21/raw/DADOS_HIDROLOGICOS_HO_2026_09-ceran.csv,1453,outputs/mucum-hourly-20260921T180020-0300/raw/ceran-monte-fresh.html
JIUHMC,20/09/2026 14:00:00,val_niveljusante,106.56,106.56,0.0,outputs/mucum-propagacao-2026-09-21/raw/DADOS_HIDROLOGICOS_HO_2026_09-ceran.csv,1453,outputs/mucum-hourly-20260921T180020-0300/raw/ceran-monte-fresh.html
JIUHMC,20/09/2026 13:00:00,val_nivelmontante,149.06,149.06,0.0,outputs/mucum-propagacao-2026-09-21/raw/DADOS_HIDROLOGICOS_HO_2026_09-ceran.csv,1452,outputs/mucum-hourly-20260921T180020-0300/raw/ceran-monte-fresh.html
JIUHMC,20/09/2026 13:00:00,val_niveljusante,106.44,106.44,0.0,outputs/mucum-propagacao-2026-09-21/raw/DADOS_HIDROLOGICOS_HO_2026_09-ceran.csv,1452,outputs/mucum-hourly-20260921T180020-0300/raw/ceran-monte-fresh.html
JIUHMC,20/09/2026 12:00:00,val_nivelmontante,149.03,149.03,0.0,outputs/mucum-propagacao-2026-09-21/raw/DADOS_HIDROLOGICOS_HO_2026_09-ceran.csv,1451,outputs/mucum-hourly-20260921T180020-0300/raw/ceran-monte-fresh.html
JIUHMC,20/09/2026 12:00:00,val_niveljusante,106.3,106.3,0.0,outputs/mucum-propagacao-2026-09-21/raw/DADOS_HIDROLOGICOS_HO_2026_09-ceran.csv,1451,outputs/mucum-hourly-20260921T180020-0300/raw/ceran-monte-fresh.html
JIUHMC,20/09/2026 11:00:00,val_nivelmontante,148.96,148.96,0.0,outputs/mucum-propagacao-2026-09-21/raw/DADOS_HIDROLOGICOS_HO_2026_09-ceran.csv,1450,outputs/mucum-hourly-20260921T180020-0300/raw/ceran-monte-fresh.html
JIUHMC,20/09/2026 11:00:00,val_niveljusante,105.07,105.07,0.0,outputs/mucum-propagacao-2026-09-21/raw/DADOS_HIDROLOGICOS_HO_2026_09-ceran.csv,1450,outputs/mucum-hourly-20260921T180020-0300/raw/ceran-monte-fresh.html
JIUHMC,20/09/2026 10:00:00,val_nivelmontante,148.92,148.92,0.0,outputs/mucum-propagacao-2026-09-21/raw/DADOS_HIDROLOGICOS_HO_2026_09-ceran.csv,1449,outputs/mucum-hourly-20260921T180020-0300/raw/ceran-monte-fresh.html
JIUHMC,20/09/2026 10:00:00,val_niveljusante,105.93,105.93,0.0,outputs/mucum-propagacao-2026-09-21/raw/DADOS_HIDROLOGICOS_HO_2026_09-ceran.csv,1449,outputs/mucum-hourly-20260921T180020-0300/raw/ceran-monte-fresh.html
JIUHMC,20/09/2026 09:00:00,val_nivelmontante,148.78,148.78,0.0,outputs/mucum-propagacao-2026-09-21/raw/DADOS_HIDROLOGICOS_HO_2026_09-ceran.csv,1448,outputs/mucum-hourly-20260921T180020-0300/raw/ceran-monte-fresh.html
JIUHMC,20/09/2026 09:00:00,val_niveljusante,106.09,106.09,0.0,outputs/mucum-propagacao-2026-09-21/raw/DADOS_HIDROLOGICOS_HO_2026_09-ceran.csv,1448,outputs/mucum-hourly-20260921T180020-0300/raw/ceran-monte-fresh.html
JIUHMC,20/09/2026 08:00:00,val_nivelmontante,148.65,148.65,0.0,outputs/mucum-propagacao-2026-09-21/raw/DADOS_HIDROLOGICOS_HO_2026_09-ceran.csv,1447,outputs/mucum-hourly-20260921T180020-0300/raw/ceran-monte-fresh.html
JIUHMC,20/09/2026 08:00:00,val_niveljusante,106.52,106.52,0.0,outputs/mucum-propagacao-2026-09-21/raw/DADOS_HIDROLOGICOS_HO_2026_09-ceran.csv,1447,outputs/mucum-hourly-20260921T180020-0300/raw/ceran-monte-fresh.html
JIUHMC,20/09/2026 07:00:00,val_nivelmontante,148.66,148.66,0.0,outputs/mucum-propagacao-2026-09-21/raw/DADOS_HIDROLOGICOS_HO_2026_09-ceran.csv,1446,outputs/mucum-hourly-20260921T180020-0300/raw/ceran-monte-fresh.html
JIUHMC,20/09/2026 07:00:00,val_niveljusante,106.41,106.41,0.0,outputs/mucum-propagacao-2026-09-21/raw/DADOS_HIDROLOGICOS_HO_2026_09-ceran.csv,1446,outputs/mucum-hourly-20260921T180020-0300/raw/ceran-monte-fresh.html
JIUHMC,20/09/2026 06:00:00,val_nivelmontante,148.54,148.54,0.0,outputs/mucum-propagacao-2026-09-21/raw/DADOS_HIDROLOGICOS_HO_2026_09-ceran.csv,1445,outputs/mucum-hourly-20260921T180020-0300/raw/ceran-monte-fresh.html
JIUHMC,20/09/2026 06:00:00,val_niveljusante,106.36,106.36,0.0,outputs/mucum-propagacao-2026-09-21/raw/DADOS_HIDROLOGICOS_HO_2026_09-ceran.csv,1445,outputs/mucum-hourly-20260921T180020-0300/raw/ceran-monte-fresh.html
JIUHMC,20/09/2026 05:00:00,val_nivelmontante,148.56,148.56,0.0,outputs/mucum-propagacao-2026-09-21/raw/DADOS_HIDROLOGICOS_HO_2026_09-ceran.csv,1444,outputs/mucum-hourly-20260921T180020-0300/raw/ceran-monte-fresh.html
JIUHMC,20/09/2026 05:00:00,val_niveljusante,106.33,106.33,0.0,outputs/mucum-propagacao-2026-09-21/raw/DADOS_HIDROLOGICOS_HO_2026_09-ceran.csv,1444,outputs/mucum-hourly-20260921T180020-0300/raw/ceran-monte-fresh.html
JIUHMC,20/09/2026 04:00:00,val_nivelmontante,148.48,148.48,0.0,outputs/mucum-propagacao-2026-09-21/raw/DADOS_HIDROLOGICOS_HO_2026_09-ceran.csv,1443,outputs/mucum-hourly-20260921T180020-0300/raw/ceran-monte-fresh.html
JIUHMC,20/09/2026 04:00:00,val_niveljusante,106.32,106.32,0.0,outputs/mucum-propagacao-2026-09-21/raw/DADOS_HIDROLOGICOS_HO_2026_09-ceran.csv,1443,outputs/mucum-hourly-20260921T180020-0300/raw/ceran-monte-fresh.html
JIUHMC,20/09/2026 03:00:00,val_nivelmontante,148.46,148.46,0.0,outputs/mucum-propagacao-2026-09-21/raw/DADOS_HIDROLOGICOS_HO_2026_09-ceran.csv,1442,outputs/mucum-hourly-20260921T180020-0300/raw/ceran-monte-fresh.html
JIUHMC,20/09/2026 03:00:00,val_niveljusante,106.32,106.32,0.0,outputs/mucum-propagacao-2026-09-21/raw/DADOS_HIDROLOGICOS_HO_2026_09-ceran.csv,1442,outputs/mucum-hourly-20260921T180020-0300/raw/ceran-monte-fresh.html
JIUHMC,20/09/2026 02:00:00,val_nivelmontante,148.43,148.43,0.0,outputs/mucum-propagacao-2026-09-21/raw/DADOS_HIDROLOGICOS_HO_2026_09-ceran.csv,1441,outputs/mucum-hourly-20260921T180020-0300/raw/ceran-monte-fresh.html
JIUHMC,20/09/2026 02:00:00,val_niveljusante,106.32,106.32,0.0,outputs/mucum-propagacao-2026-09-21/raw/DADOS_HIDROLOGICOS_HO_2026_09-ceran.csv,1441,outputs/mucum-hourly-20260921T180020-0300/raw/ceran-monte-fresh.html
JIUHMC,20/09/2026 01:00:00,val_nivelmontante,148.41,148.41,0.0,outputs/mucum-propagacao-2026-09-21/raw/DADOS_HIDROLOGICOS_HO_2026_09-ceran.csv,1440,outputs/mucum-hourly-20260921T180020-0300/raw/ceran-monte-fresh.html
JIUHMC,20/09/2026 01:00:00,val_niveljusante,106.33,106.33,0.0,outputs/mucum-propagacao-2026-09-21/raw/DADOS_HIDROLOGICOS_HO_2026_09-ceran.csv,1440,outputs/mucum-hourly-20260921T180020-0300/raw/ceran-monte-fresh.html
JIUHMC,19/09/2026 23:00:00,val_nivelmontante,148.44,148.44,0.0,outputs/mucum-propagacao-2026-09-21/raw/DADOS_HIDROLOGICOS_HO_2026_09-ceran.csv,1438,outputs/mucum-hourly-20260921T180020-0300/raw/ceran-monte-fresh.html
JIUHMC,19/09/2026 23:00:00,val_niveljusante,106.38,106.38,0.0,outputs/mucum-propagacao-2026-09-21/raw/DADOS_HIDROLOGICOS_HO_2026_09-ceran.csv,1438,outputs/mucum-hourly-20260921T180020-0300/raw/ceran-monte-fresh.html
JIUHMC,19/09/2026 22:00:00,val_nivelmontante,148.49,148.49,0.0,outputs/mucum-propagacao-2026-09-21/raw/DADOS_HIDROLOGICOS_HO_2026_09-ceran.csv,1437,outputs/mucum-hourly-20260921T180020-0300/raw/ceran-monte-fresh.html
JIUHMC,19/09/2026 22:00:00,val_niveljusante,106.48,106.48,0.0,outputs/mucum-propagacao-2026-09-21/raw/DADOS_HIDROLOGICOS_HO_2026_09-ceran.csv,1437,outputs/mucum-hourly-20260921T180020-0300/raw/ceran-monte-fresh.html
JIUHMC,19/09/2026 21:00:00,val_nivelmontante,148.52,148.52,0.0,outputs/mucum-propagacao-2026-09-21/raw/DADOS_HIDROLOGICOS_HO_2026_09-ceran.csv,1436,outputs/mucum-hourly-20260921T180020-0300/raw/ceran-monte-fresh.html
JIUHMC,19/09/2026 21:00:00,val_niveljusante,106.57,106.57,0.0,outputs/mucum-propagacao-2026-09-21/raw/DADOS_HIDROLOGICOS_HO_2026_09-ceran.csv,1436,outputs/mucum-hourly-20260921T180020-0300/raw/ceran-monte-fresh.html
JIUHMC,19/09/2026 20:00:00,val_nivelmontante,148.57,148.57,0.0,outputs/mucum-propagacao-2026-09-21/raw/DADOS_HIDROLOGICOS_HO_2026_09-ceran.csv,1435,outputs/mucum-hourly-20260921T180020-0300/raw/ceran-monte-fresh.html
JIUHMC,19/09/2026 20:00:00,val_niveljusante,106.71,106.71,0.0,outputs/mucum-propagacao-2026-09-21/raw/DADOS_HIDROLOGICOS_HO_2026_09-ceran.csv,1435,outputs/mucum-hourly-20260921T180020-0300/raw/ceran-monte-fresh.html
JIUHMC,19/09/2026 19:00:00,val_nivelmontante,148.65,148.65,0.0,outputs/mucum-propagacao-2026-09-21/raw/DADOS_HIDROLOGICOS_HO_2026_09-ceran.csv,1434,outputs/mucum-hourly-20260921T180020-0300/raw/ceran-monte-fresh.html
JIUHMC,19/09/2026 19:00:00,val_niveljusante,106.86,106.86,0.0,outputs/mucum-propagacao-2026-09-21/raw/DADOS_HIDROLOGICOS_HO_2026_09-ceran.csv,1434,outputs/mucum-hourly-20260921T180020-0300/raw/ceran-monte-fresh.html
JIUHMC,19/09/2026 18:00:00,val_nivelmontante,148.74,148.74,0.0,outputs/mucum-propagacao-2026-09-21/raw/DADOS_HIDROLOGICOS_HO_2026_09-ceran.csv,1433,outputs/mucum-hourly-20260921T180020-0300/raw/ceran-monte-fresh.html
JIUHMC,19/09/2026 18:00:00,val_niveljusante,106.77,106.77,0.0,outputs/mucum-propagacao-2026-09-21/raw/DADOS_HIDROLOGICOS_HO_2026_09-ceran.csv,1433,outputs/mucum-hourly-20260921T180020-0300/raw/ceran-monte-fresh.html
JIUHQJ,21/09/2026 11:00:00,val_nivelmontante,105.39,105.39,0.0,outputs/mucum-propagacao-2026-09-21/raw/DADOS_HIDROLOGICOS_HO_2026_09-ceran.csv,492,outputs/mucum-hourly-20260921T180020-0300/raw/ceran-julho-fresh.html
JIUHQJ,21/09/2026 11:00:00,val_niveljusante,72.75,72.75,0.0,outputs/mucum-propagacao-2026-09-21/raw/DADOS_HIDROLOGICOS_HO_2026_09-ceran.csv,492,outputs/mucum-hourly-20260921T180020-0300/raw/ceran-julho-fresh.html
JIUHQJ,21/09/2026 10:00:00,val_nivelmontante,104.87,104.87,0.0,outputs/mucum-propagacao-2026-09-21/raw/DADOS_HIDROLOGICOS_HO_2026_09-ceran.csv,491,outputs/mucum-hourly-20260921T180020-0300/raw/ceran-julho-fresh.html
JIUHQJ,21/09/2026 10:00:00,val_niveljusante,71.74,71.74,0.0,outputs/mucum-propagacao-2026-09-21/raw/DADOS_HIDROLOGICOS_HO_2026_09-ceran.csv,491,outputs/mucum-hourly-20260921T180020-0300/raw/ceran-julho-fresh.html
JIUHQJ,21/09/2026 09:00:00,val_nivelmontante,104.41,104.41,0.0,outputs/mucum-propagacao-2026-09-21/raw/DADOS_HIDROLOGICOS_HO_2026_09-ceran.csv,490,outputs/mucum-hourly-20260921T180020-0300/raw/ceran-julho-fresh.html
JIUHQJ,21/09/2026 09:00:00,val_niveljusante,72.08,72.08,0.0,outputs/mucum-propagacao-2026-09-21/raw/DADOS_HIDROLOGICOS_HO_2026_09-ceran.csv,490,outputs/mucum-hourly-20260921T180020-0300/raw/ceran-julho-fresh.html
JIUHQJ,21/09/2026 08:00:00,val_nivelmontante,104.25,104.25,0.0,outputs/mucum-propagacao-2026-09-21/raw/DADOS_HIDROLOGICOS_HO_2026_09-ceran.csv,489,outputs/mucum-hourly-20260921T180020-0300/raw/ceran-julho-fresh.html
JIUHQJ,21/09/2026 08:00:00,val_niveljusante,71.1,71.1,0.0,outputs/mucum-propagacao-2026-09-21/raw/DADOS_HIDROLOGICOS_HO_2026_09-ceran.csv,489,outputs/mucum-hourly-20260921T180020-0300/raw/ceran-julho-fresh.html
JIUHQJ,21/09/2026 07:00:00,val_nivelmontante,104.22,104.22,0.0,outputs/mucum-propagacao-2026-09-21/raw/DADOS_HIDROLOGICOS_HO_2026_09-ceran.csv,488,outputs/mucum-hourly-20260921T180020-0300/raw/ceran-julho-fresh.html
JIUHQJ,21/09/2026 07:00:00,val_niveljusante,71.05,71.05,0.0,outputs/mucum-propagacao-2026-09-21/raw/DADOS_HIDROLOGICOS_HO_2026_09-ceran.csv,488,outputs/mucum-hourly-20260921T180020-0300/raw/ceran-julho-fresh.html
JIUHQJ,21/09/2026 06:00:00,val_nivelmontante,104.22,104.22,0.0,outputs/mucum-propagacao-2026-09-21/raw/DADOS_HIDROLOGICOS_HO_2026_09-ceran.csv,487,outputs/mucum-hourly-20260921T180020-0300/raw/ceran-julho-fresh.html
JIUHQJ,21/09/2026 06:00:00,val_niveljusante,71.08,71.08,0.0,outputs/mucum-propagacao-2026-09-21/raw/DADOS_HIDROLOGICOS_HO_2026_09-ceran.csv,487,outputs/mucum-hourly-20260921T180020-0300/raw/ceran-julho-fresh.html
JIUHQJ,21/09/2026 05:00:00,val_nivelmontante,104.22,104.22,0.0,outputs/mucum-propagacao-2026-09-21/raw/DADOS_HIDROLOGICOS_HO_2026_09-ceran.csv,486,outputs/mucum-hourly-20260921T180020-0300/raw/ceran-julho-fresh.html
JIUHQJ,21/09/2026 05:00:00,val_niveljusante,71.08,71.08,0.0,outputs/mucum-propagacao-2026-09-21/raw/DADOS_HIDROLOGICOS_HO_2026_09-ceran.csv,486,outputs/mucum-hourly-20260921T180020-0300/raw/ceran-julho-fresh.html
JIUHQJ,21/09/2026 04:00:00,val_nivelmontante,104.25,104.25,0.0,outputs/mucum-propagacao-2026-09-21/raw/DADOS_HIDROLOGICOS_HO_2026_09-ceran.csv,485,outputs/mucum-hourly-20260921T180020-0300/raw/ceran-julho-fresh.html
JIUHQJ,21/09/2026 04:00:00,val_niveljusante,71.1,71.1,0.0,outputs/mucum-propagacao-2026-09-21/raw/DADOS_HIDROLOGICOS_HO_2026_09-ceran.csv,485,outputs/mucum-hourly-20260921T180020-0300/raw/ceran-julho-fresh.html
JIUHQJ,21/09/2026 03:00:00,val_nivelmontante,104.27,104.27,0.0,outputs/mucum-propagacao-2026-09-21/raw/DADOS_HIDROLOGICOS_HO_2026_09-ceran.csv,484,outputs/mucum-hourly-20260921T180020-0300/raw/ceran-julho-fresh.html
JIUHQJ,21/09/2026 03:00:00,val_niveljusante,71.1,71.1,0.0,outputs/mucum-propagacao-2026-09-21/raw/DADOS_HIDROLOGICOS_HO_2026_09-ceran.csv,484,outputs/mucum-hourly-20260921T180020-0300/raw/ceran-julho-fresh.html
JIUHQJ,21/09/2026 02:00:00,val_nivelmontante,104.28,104.28,0.0,outputs/mucum-propagacao-2026-09-21/raw/DADOS_HIDROLOGICOS_HO_2026_09-ceran.csv,483,outputs/mucum-hourly-20260921T180020-0300/raw/ceran-julho-fresh.html
JIUHQJ,21/09/2026 02:00:00,val_niveljusante,71.15,71.15,0.0,outputs/mucum-propagacao-2026-09-21/raw/DADOS_HIDROLOGICOS_HO_2026_09-ceran.csv,483,outputs/mucum-hourly-20260921T180020-0300/raw/ceran-julho-fresh.html
JIUHQJ,21/09/2026 01:00:00,val_nivelmontante,104.3,104.3,0.0,outputs/mucum-propagacao-2026-09-21/raw/DADOS_HIDROLOGICOS_HO_2026_09-ceran.csv,482,outputs/mucum-hourly-20260921T180020-0300/raw/ceran-julho-fresh.html
JIUHQJ,21/09/2026 01:00:00,val_niveljusante,71.16,71.16,0.0,outputs/mucum-propagacao-2026-09-21/raw/DADOS_HIDROLOGICOS_HO_2026_09-ceran.csv,482,outputs/mucum-hourly-20260921T180020-0300/raw/ceran-julho-fresh.html
JIUHQJ,20/09/2026 23:00:00,val_nivelmontante,104.38,104.38,0.0,outputs/mucum-propagacao-2026-09-21/raw/DADOS_HIDROLOGICOS_HO_2026_09-ceran.csv,480,outputs/mucum-hourly-20260921T180020-0300/raw/ceran-julho-fresh.html
JIUHQJ,20/09/2026 23:00:00,val_niveljusante,71.3,71.3,0.0,outputs/mucum-propagacao-2026-09-21/raw/DADOS_HIDROLOGICOS_HO_2026_09-ceran.csv,480,outputs/mucum-hourly-20260921T180020-0300/raw/ceran-julho-fresh.html
JIUHQJ,20/09/2026 22:00:00,val_nivelmontante,104.42,104.42,0.0,outputs/mucum-propagacao-2026-09-21/raw/DADOS_HIDROLOGICOS_HO_2026_09-ceran.csv,479,outputs/mucum-hourly-20260921T180020-0300/raw/ceran-julho-fresh.html
JIUHQJ,20/09/2026 22:00:00,val_niveljusante,71.34,71.34,0.0,outputs/mucum-propagacao-2026-09-21/raw/DADOS_HIDROLOGICOS_HO_2026_09-ceran.csv,479,outputs/mucum-hourly-20260921T180020-0300/raw/ceran-julho-fresh.html
JIUHQJ,20/09/2026 21:00:00,val_nivelmontante,104.51,104.51,0.0,outputs/mucum-propagacao-2026-09-21/raw/DADOS_HIDROLOGICOS_HO_2026_09-ceran.csv,478,outputs/mucum-hourly-20260921T180020-0300/raw/ceran-julho-fresh.html
JIUHQJ,20/09/2026 21:00:00,val_niveljusante,71.39,71.39,0.0,outputs/mucum-propagacao-2026-09-21/raw/DADOS_HIDROLOGICOS_HO_2026_09-ceran.csv,478,outputs/mucum-hourly-20260921T180020-0300/raw/ceran-julho-fresh.html
JIUHQJ,20/09/2026 20:00:00,val_nivelmontante,104.55,104.55,0.0,outputs/mucum-propagacao-2026-09-21/raw/DADOS_HIDROLOGICOS_HO_2026_09-ceran.csv,477,outputs/mucum-hourly-20260921T180020-0300/raw/ceran-julho-fresh.html
JIUHQJ,20/09/2026 20:00:00,val_niveljusante,71.45,71.45,0.0,outputs/mucum-propagacao-2026-09-21/raw/DADOS_HIDROLOGICOS_HO_2026_09-ceran.csv,477,outputs/mucum-hourly-20260921T180020-0300/raw/ceran-julho-fresh.html
JIUHQJ,20/09/2026 19:00:00,val_nivelmontante,104.6,104.6,0.0,outputs/mucum-propagacao-2026-09-21/raw/DADOS_HIDROLOGICOS_HO_2026_09-ceran.csv,476,outputs/mucum-hourly-20260921T180020-0300/raw/ceran-julho-fresh.html
JIUHQJ,20/09/2026 19:00:00,val_niveljusante,71.52,71.52,0.0,outputs/mucum-propagacao-2026-09-21/raw/DADOS_HIDROLOGICOS_HO_2026_09-ceran.csv,476,outputs/mucum-hourly-20260921T180020-0300/raw/ceran-julho-fresh.html
JIUHQJ,20/09/2026 18:00:00,val_nivelmontante,104.66,104.66,0.0,outputs/mucum-propagacao-2026-09-21/raw/DADOS_HIDROLOGICOS_HO_2026_09-ceran.csv,475,outputs/mucum-hourly-20260921T180020-0300/raw/ceran-julho-fresh.html
JIUHQJ,20/09/2026 18:00:00,val_niveljusante,71.53,71.53,0.0,outputs/mucum-propagacao-2026-09-21/raw/DADOS_HIDROLOGICOS_HO_2026_09-ceran.csv,475,outputs/mucum-hourly-20260921T180020-0300/raw/ceran-julho-fresh.html
JIUHQJ,20/09/2026 17:00:00,val_nivelmontante,104.77,104.77,0.0,outputs/mucum-propagacao-2026-09-21/raw/DADOS_HIDROLOGICOS_HO_2026_09-ceran.csv,474,outputs/mucum-hourly-20260921T180020-0300/raw/ceran-julho-fresh.html
JIUHQJ,20/09/2026 17:00:00,val_niveljusante,70.5,70.5,0.0,outputs/mucum-propagacao-2026-09-21/raw/DADOS_HIDROLOGICOS_HO_2026_09-ceran.csv,474,outputs/mucum-hourly-20260921T180020-0300/raw/ceran-julho-fresh.html
JIUHQJ,20/09/2026 16:00:00,val_nivelmontante,104.76,104.76,0.0,outputs/mucum-propagacao-2026-09-21/raw/DADOS_HIDROLOGICOS_HO_2026_09-ceran.csv,473,outputs/mucum-hourly-20260921T180020-0300/raw/ceran-julho-fresh.html
JIUHQJ,20/09/2026 16:00:00,val_niveljusante,70.12,70.12,0.0,outputs/mucum-propagacao-2026-09-21/raw/DADOS_HIDROLOGICOS_HO_2026_09-ceran.csv,473,outputs/mucum-hourly-20260921T180020-0300/raw/ceran-julho-fresh.html
JIUHQJ,20/09/2026 15:00:00,val_nivelmontante,104.69,104.69,0.0,outputs/mucum-propagacao-2026-09-21/raw/DADOS_HIDROLOGICOS_HO_2026_09-ceran.csv,472,outputs/mucum-hourly-20260921T180020-0300/raw/ceran-julho-fresh.html
JIUHQJ,20/09/2026 15:00:00,val_niveljusante,69.86,69.86,0.0,outputs/mucum-propagacao-2026-09-21/raw/DADOS_HIDROLOGICOS_HO_2026_09-ceran.csv,472,outputs/mucum-hourly-20260921T180020-0300/raw/ceran-julho-fresh.html
JIUHQJ,20/09/2026 14:00:00,val_nivelmontante,104.61,104.61,0.0,outputs/mucum-propagacao-2026-09-21/raw/DADOS_HIDROLOGICOS_HO_2026_09-ceran.csv,471,outputs/mucum-hourly-20260921T180020-0300/raw/ceran-julho-fresh.html
JIUHQJ,20/09/2026 14:00:00,val_niveljusante,69.63,69.63,0.0,outputs/mucum-propagacao-2026-09-21/raw/DADOS_HIDROLOGICOS_HO_2026_09-ceran.csv,471,outputs/mucum-hourly-20260921T180020-0300/raw/ceran-julho-fresh.html
JIUHQJ,20/09/2026 13:00:00,val_nivelmontante,104.53,104.53,0.0,outputs/mucum-propagacao-2026-09-21/raw/DADOS_HIDROLOGICOS_HO_2026_09-ceran.csv,470,outputs/mucum-hourly-20260921T180020-0300/raw/ceran-julho-fresh.html
JIUHQJ,20/09/2026 13:00:00,val_niveljusante,69.36,69.36,0.0,outputs/mucum-propagacao-2026-09-21/raw/DADOS_HIDROLOGICOS_HO_2026_09-ceran.csv,470,outputs/mucum-hourly-20260921T180020-0300/raw/ceran-julho-fresh.html
JIUHQJ,20/09/2026 12:00:00,val_nivelmontante,104.35,104.35,0.0,outputs/mucum-propagacao-2026-09-21/raw/DADOS_HIDROLOGICOS_HO_2026_09-ceran.csv,469,outputs/mucum-hourly-20260921T180020-0300/raw/ceran-julho-fresh.html
JIUHQJ,20/09/2026 12:00:00,val_niveljusante,69.15,69.15,0.0,outputs/mucum-propagacao-2026-09-21/raw/DADOS_HIDROLOGICOS_HO_2026_09-ceran.csv,469,outputs/mucum-hourly-20260921T180020-0300/raw/ceran-julho-fresh.html
JIUHQJ,20/09/2026 11:00:00,val_nivelmontante,104.36,104.36,0.0,outputs/mucum-propagacao-2026-09-21/raw/DADOS_HIDROLOGICOS_HO_2026_09-ceran.csv,468,outputs/mucum-hourly-20260921T180020-0300/raw/ceran-julho-fresh.html
JIUHQJ,20/09/2026 11:00:00,val_niveljusante,69.01,69.01,0.0,outputs/mucum-propagacao-2026-09-21/raw/DADOS_HIDROLOGICOS_HO_2026_09-ceran.csv,468,outputs/mucum-hourly-20260921T180020-0300/raw/ceran-julho-fresh.html
JIUHQJ,20/09/2026 10:00:00,val_nivelmontante,104.31,104.31,0.0,outputs/mucum-propagacao-2026-09-21/raw/DADOS_HIDROLOGICOS_HO_2026_09-ceran.csv,467,outputs/mucum-hourly-20260921T180020-0300/raw/ceran-julho-fresh.html
JIUHQJ,20/09/2026 10:00:00,val_niveljusante,69.05,69.05,0.0,outputs/mucum-propagacao-2026-09-21/raw/DADOS_HIDROLOGICOS_HO_2026_09-ceran.csv,467,outputs/mucum-hourly-20260921T180020-0300/raw/ceran-julho-fresh.html
JIUHQJ,20/09/2026 09:00:00,val_nivelmontante,104.19,104.19,0.0,outputs/mucum-propagacao-2026-09-21/raw/DADOS_HIDROLOGICOS_HO_2026_09-ceran.csv,466,outputs/mucum-hourly-20260921T180020-0300/raw/ceran-julho-fresh.html
JIUHQJ,20/09/2026 09:00:00,val_niveljusante,70.0,70.0,0.0,outputs/mucum-propagacao-2026-09-21/raw/DADOS_HIDROLOGICOS_HO_2026_09-ceran.csv,466,outputs/mucum-hourly-20260921T180020-0300/raw/ceran-julho-fresh.html
JIUHQJ,20/09/2026 08:00:00,val_nivelmontante,104.0,104.0,0.0,outputs/mucum-propagacao-2026-09-21/raw/DADOS_HIDROLOGICOS_HO_2026_09-ceran.csv,465,outputs/mucum-hourly-20260921T180020-0300/raw/ceran-julho-fresh.html
JIUHQJ,20/09/2026 08:00:00,val_niveljusante,70.91,70.91,0.0,outputs/mucum-propagacao-2026-09-21/raw/DADOS_HIDROLOGICOS_HO_2026_09-ceran.csv,465,outputs/mucum-hourly-20260921T180020-0300/raw/ceran-julho-fresh.html
JIUHQJ,20/09/2026 07:00:00,val_nivelmontante,103.99,103.99,0.0,outputs/mucum-propagacao-2026-09-21/raw/DADOS_HIDROLOGICOS_HO_2026_09-ceran.csv,464,outputs/mucum-hourly-20260921T180020-0300/raw/ceran-julho-fresh.html
JIUHQJ,20/09/2026 07:00:00,val_niveljusante,70.97,70.97,0.0,outputs/mucum-propagacao-2026-09-21/raw/DADOS_HIDROLOGICOS_HO_2026_09-ceran.csv,464,outputs/mucum-hourly-20260921T180020-0300/raw/ceran-julho-fresh.html
JIUHQJ,20/09/2026 06:00:00,val_nivelmontante,104.0,104.0,0.0,outputs/mucum-propagacao-2026-09-21/raw/DADOS_HIDROLOGICOS_HO_2026_09-ceran.csv,463,outputs/mucum-hourly-20260921T180020-0300/raw/ceran-julho-fresh.html
JIUHQJ,20/09/2026 06:00:00,val_niveljusante,70.97,70.97,0.0,outputs/mucum-propagacao-2026-09-21/raw/DADOS_HIDROLOGICOS_HO_2026_09-ceran.csv,463,outputs/mucum-hourly-20260921T180020-0300/raw/ceran-julho-fresh.html
JIUHQJ,20/09/2026 05:00:00,val_nivelmontante,104.04,104.04,0.0,outputs/mucum-propagacao-2026-09-21/raw/DADOS_HIDROLOGICOS_HO_2026_09-ceran.csv,462,outputs/mucum-hourly-20260921T180020-0300/raw/ceran-julho-fresh.html
JIUHQJ,20/09/2026 05:00:00,val_niveljusante,71.04,71.04,0.0,outputs/mucum-propagacao-2026-09-21/raw/DADOS_HIDROLOGICOS_HO_2026_09-ceran.csv,462,outputs/mucum-hourly-20260921T180020-0300/raw/ceran-julho-fresh.html
JIUHQJ,20/09/2026 04:00:00,val_nivelmontante,104.06,104.06,0.0,outputs/mucum-propagacao-2026-09-21/raw/DADOS_HIDROLOGICOS_HO_2026_09-ceran.csv,461,outputs/mucum-hourly-20260921T180020-0300/raw/ceran-julho-fresh.html
JIUHQJ,20/09/2026 04:00:00,val_niveljusante,71.03,71.03,0.0,outputs/mucum-propagacao-2026-09-21/raw/DADOS_HIDROLOGICOS_HO_2026_09-ceran.csv,461,outputs/mucum-hourly-20260921T180020-0300/raw/ceran-julho-fresh.html
JIUHQJ,20/09/2026 03:00:00,val_nivelmontante,104.09,104.09,0.0,outputs/mucum-propagacao-2026-09-21/raw/DADOS_HIDROLOGICOS_HO_2026_09-ceran.csv,460,outputs/mucum-hourly-20260921T180020-0300/raw/ceran-julho-fresh.html
JIUHQJ,20/09/2026 03:00:00,val_niveljusante,71.04,71.04,0.0,outputs/mucum-propagacao-2026-09-21/raw/DADOS_HIDROLOGICOS_HO_2026_09-ceran.csv,460,outputs/mucum-hourly-20260921T180020-0300/raw/ceran-julho-fresh.html
JIUHQJ,20/09/2026 02:00:00,val_nivelmontante,104.12,104.12,0.0,outputs/mucum-propagacao-2026-09-21/raw/DADOS_HIDROLOGICOS_HO_2026_09-ceran.csv,459,outputs/mucum-hourly-20260921T180020-0300/raw/ceran-julho-fresh.html
JIUHQJ,20/09/2026 02:00:00,val_niveljusante,71.05,71.05,0.0,outputs/mucum-propagacao-2026-09-21/raw/DADOS_HIDROLOGICOS_HO_2026_09-ceran.csv,459,outputs/mucum-hourly-20260921T180020-0300/raw/ceran-julho-fresh.html
JIUHQJ,20/09/2026 01:00:00,val_nivelmontante,104.17,104.17,0.0,outputs/mucum-propagacao-2026-09-21/raw/DADOS_HIDROLOGICOS_HO_2026_09-ceran.csv,458,outputs/mucum-hourly-20260921T180020-0300/raw/ceran-julho-fresh.html
JIUHQJ,20/09/2026 01:00:00,val_niveljusante,71.07,71.07,0.0,outputs/mucum-propagacao-2026-09-21/raw/DADOS_HIDROLOGICOS_HO_2026_09-ceran.csv,458,outputs/mucum-hourly-20260921T180020-0300/raw/ceran-julho-fresh.html
JIUHQJ,19/09/2026 23:00:00,val_nivelmontante,104.26,104.26,0.0,outputs/mucum-propagacao-2026-09-21/raw/DADOS_HIDROLOGICOS_HO_2026_09-ceran.csv,456,outputs/mucum-hourly-20260921T180020-0300/raw/ceran-julho-fresh.html
JIUHQJ,19/09/2026 23:00:00,val_niveljusante,71.18,71.18,0.0,outputs/mucum-propagacao-2026-09-21/raw/DADOS_HIDROLOGICOS_HO_2026_09-ceran.csv,456,outputs/mucum-hourly-20260921T180020-0300/raw/ceran-julho-fresh.html
JIUHQJ,19/09/2026 22:00:00,val_nivelmontante,104.31,104.31,0.0,outputs/mucum-propagacao-2026-09-21/raw/DADOS_HIDROLOGICOS_HO_2026_09-ceran.csv,455,outputs/mucum-hourly-20260921T180020-0300/raw/ceran-julho-fresh.html
JIUHQJ,19/09/2026 22:00:00,val_niveljusante,71.21,71.21,0.0,outputs/mucum-propagacao-2026-09-21/raw/DADOS_HIDROLOGICOS_HO_2026_09-ceran.csv,455,outputs/mucum-hourly-20260921T180020-0300/raw/ceran-julho-fresh.html
JIUHQJ,19/09/2026 21:00:00,val_nivelmontante,104.36,104.36,0.0,outputs/mucum-propagacao-2026-09-21/raw/DADOS_HIDROLOGICOS_HO_2026_09-ceran.csv,454,outputs/mucum-hourly-20260921T180020-0300/raw/ceran-julho-fresh.html
JIUHQJ,19/09/2026 21:00:00,val_niveljusante,71.25,71.25,0.0,outputs/mucum-propagacao-2026-09-21/raw/DADOS_HIDROLOGICOS_HO_2026_09-ceran.csv,454,outputs/mucum-hourly-20260921T180020-0300/raw/ceran-julho-fresh.html
JIUHQJ,19/09/2026 20:00:00,val_nivelmontante,104.41,104.41,0.0,outputs/mucum-propagacao-2026-09-21/raw/DADOS_HIDROLOGICOS_HO_2026_09-ceran.csv,453,outputs/mucum-hourly-20260921T180020-0300/raw/ceran-julho-fresh.html
JIUHQJ,19/09/2026 20:00:00,val_niveljusante,71.25,71.25,0.0,outputs/mucum-propagacao-2026-09-21/raw/DADOS_HIDROLOGICOS_HO_2026_09-ceran.csv,453,outputs/mucum-hourly-20260921T180020-0300/raw/ceran-julho-fresh.html
JIUHQJ,19/09/2026 19:00:00,val_nivelmontante,104.43,104.43,0.0,outputs/mucum-propagacao-2026-09-21/raw/DADOS_HIDROLOGICOS_HO_2026_09-ceran.csv,452,outputs/mucum-hourly-20260921T180020-0300/raw/ceran-julho-fresh.html
JIUHQJ,19/09/2026 19:00:00,val_niveljusante,71.28,71.28,0.0,outputs/mucum-propagacao-2026-09-21/raw/DADOS_HIDROLOGICOS_HO_2026_09-ceran.csv,452,outputs/mucum-hourly-20260921T180020-0300/raw/ceran-julho-fresh.html
JIUHQJ,19/09/2026 18:00:00,val_nivelmontante,104.47,104.47,0.0,outputs/mucum-propagacao-2026-09-21/raw/DADOS_HIDROLOGICOS_HO_2026_09-ceran.csv,451,outputs/mucum-hourly-20260921T180020-0300/raw/ceran-julho-fresh.html
JIUHQJ,19/09/2026 18:00:00,val_niveljusante,71.26,71.26,0.0,outputs/mucum-propagacao-2026-09-21/raw/DADOS_HIDROLOGICOS_HO_2026_09-ceran.csv,451,outputs/mucum-hourly-20260921T180020-0300/raw/ceran-julho-fresh.html
