mae_m,rmse_m,bias_m,p90_abs_m,max_abs_m,n,h,model,phase,validation_score,param,gain,rise_mae_m,high_mae_m
0.026239436987530708,0.0397328546158488,-0.005820853248177842,0.05894420100768622,0.40628804352403725,6054,1,linear_corrigido,validation,0.04352122519302738,"(100.0, True)",0.25,,0.034563576410993356
0.02731090778606783,0.046609941470970286,-0.003995025623993228,0.06279770587317877,0.41766761438265476,1364,1,linear_corrigido,test,0.04352122519302738,"(100.0, True)",0.25,0.14507229489954376,0.04407531341958591
0.16012269308388805,0.24558211450615772,0.0706588109709525,0.46310617783347896,0.4802392683537935,13,1,linear_corrigido,today,0.04352122519302738,"(100.0, True)",0.25,,
0.024806218349685095,0.04178503564540543,0.000821496980269772,0.06047710895165806,0.4487963877609631,6054,1,log_chuva,validation,0.03851226401094268,"(1000.0, True)",0.0,,0.02741209132251517
0.028257492181148012,0.05095049205551888,0.0008121234936138888,0.07110047108427182,0.4664436811735464,1364,1,log_chuva,test,0.03851226401094268,"(1000.0, True)",0.0,0.18387658413314956,0.04181977567594944
0.1862390776851789,0.2679986193263322,0.010747399916141957,0.4653864986431908,0.5827420683448965,13,1,log_chuva,today,0.03851226401094268,"(1000.0, True)",0.0,,
0.024989246658009306,0.043343405400036054,-0.00033525023140604747,0.06250346928655541,0.4761759334792426,6054,1,linear_sem_interacao,validation,0.03834203436481571,"(1000.0, False)",0.0,,0.02670557541361281
0.03046783690730509,0.05521646582977278,-0.0007423518946925538,0.076051338544949,0.5062363145939308,1364,1,linear_sem_interacao,test,0.03834203436481571,"(1000.0, False)",0.0,0.18543012513971036,0.044095033341088406
0.18048949151757515,0.2557677344804422,0.02319005953504716,0.4651212302578043,0.5305913488917131,13,1,linear_sem_interacao,today,0.03834203436481571,"(1000.0, False)",0.0,,
0.01285400113881377,0.02376435928999042,0.001680573167115694,0.026875783428033338,0.36984493654990036,6054,1,arvores_corrigidas,validation,0.025613312669253104,"(15, 'squared_error', True)",0.5,,0.02551862306087867
0.021930692321892698,0.03682788722203074,0.0006687801233531818,0.05057120118856409,0.30272428303445675,1364,1,arvores_corrigidas,test,0.025613312669253104,"(15, 'squared_error', True)",0.5,0.22354521868861443,0.039595317560813935
0.12688079084723414,0.19531976280482108,-0.03212816426845595,0.2715304885913682,0.5262136581117316,13,1,arvores_corrigidas,today,0.025613312669253104,"(15, 'squared_error', True)",0.5,,
0.07901909338217174,0.11663484768292204,-0.0034024072733513937,0.18552697925376124,0.6687136676446981,6052,2,linear_corrigido,validation,0.24820972146182993,"(100.0, True)",0.0,0.27806501653183324,0.06031623962748315
0.057844713431216534,0.09085856018606128,-0.004692583665068621,0.13131775937976567,0.6030488529044806,1362,2,linear_corrigido,test,0.24820972146182993,"(100.0, True)",0.0,0.21095444362237295,0.1213098012281206
0.5045039326449626,0.8142401116922563,0.21543231706972674,1.511727268993627,2.0348454220295595,12,2,linear_corrigido,today,0.24820972146182993,"(100.0, True)",0.0,0.9249452538462736,
0.09226301122386393,0.13574560137766964,-0.0365363006947319,0.2707858827759751,0.7472395771153462,6052,2,log_chuva,validation,0.2309110903742749,"(10.0, True)",0.0,0.24524170887523078,0.03205444942559114
0.06669184182584695,0.0953234537232072,-0.02148966369536692,0.14169223393308372,0.5806288751924242,1362,2,log_chuva,test,0.2309110903742749,"(10.0, True)",0.0,0.18999935849907565,0.12355595868294171
0.40710926882584486,0.6238792766280735,-0.045437381552693355,1.1779601005799563,1.3675126432319304,12,2,log_chuva,today,0.2309110903742749,"(10.0, True)",0.0,0.7218354161295354,
0.06585080629906845,0.09200633460363296,0.002950514075088976,0.14401091474218777,0.5688491808622018,6052,2,linear_sem_interacao,validation,0.22563307755142198,"(10.0, True)",0.0,0.2596386361478386,0.05992590635686845
0.06707034412020785,0.09775123449372669,-0.012862714136563468,0.1468913080806038,0.5713542228857804,1362,2,linear_sem_interacao,test,0.22563307755142198,"(10.0, True)",0.0,0.20359385949961262,0.1158433583061481
0.4339673490202684,0.6823092852151816,0.02996402823197915,1.0912075947207909,1.6024643169058654,12,2,linear_sem_interacao,today,0.22563307755142198,"(10.0, True)",0.0,0.7157028148169898,
0.024747434214496718,0.04441894573216751,0.0056412748764975915,0.05692939846166334,0.682275183224407,6052,2,arvores_corrigidas,validation,0.15329065312933127,"(15, 'absolute_error', True)",0.0,0.1729856576275783,0.08410078020209077
0.04233959319969908,0.07270003252533068,0.00391874948366402,0.09374157564339378,0.5929916952252796,1362,2,arvores_corrigidas,test,0.15329065312933127,"(15, 'absolute_error', True)",0.0,0.17632122892597948,0.10280742190884701
0.3085406319048789,0.5114719083565956,-0.2301377205723766,0.9189764650192455,1.288490719515269,12,2,arvores_corrigidas,today,0.15329065312933127,"(15, 'absolute_error', True)",0.0,0.5974383990212374,
0.12180393072306903,0.17784596534205677,0.03088899901099939,0.2446713066886607,1.0835879128837862,6050,3,linear_corrigido,validation,0.2511202638919167,"(100.0, True)",0.0,0.17082827682150933,0.08780438951618603
0.07845426111807449,0.12602745735042203,0.011927591464927976,0.1790271445858146,0.9306190278636031,1360,3,linear_corrigido,test,0.2511202638919167,"(100.0, True)",0.0,0.15563148696981866,0.20629439845065278
0.6918055688653436,1.0559465913671053,0.06451877005499274,1.3318042213653376,2.6510765899183797,11,3,linear_corrigido,today,0.2511202638919167,"(100.0, True)",0.0,1.411079294090277,
0.11044342833888106,0.14343868802359525,0.02764191716091684,0.22782941030598702,0.677521163410751,6050,3,log_chuva,validation,0.23516722525698472,"(100.0, True)",0.0,0.1778854353139156,0.07156215852229171
0.0800170326419257,0.12195580657734464,0.005906552789282723,0.1819308876997293,0.8487136472720511,1360,3,log_chuva,test,0.23516722525698472,"(100.0, True)",0.0,0.1644264409617785,0.18372043832379661
0.5700835717980431,0.8740057547683653,-0.28124731094107547,1.6226582051251217,1.6467347322850294,11,3,log_chuva,today,0.23516722525698472,"(100.0, True)",0.0,1.1456127939086822,
0.10369423008452779,0.14279762547837402,0.03970353052736531,0.21554538708216922,1.2450366730894966,6050,3,linear_sem_interacao,validation,0.23423713495614104,"(10.0, True)",0.0,0.17808720921925714,0.08299860052396942
0.089173000582318,0.13267649304167645,-0.0013397685208552564,0.20345574539853453,0.8622361518166475,1360,3,linear_sem_interacao,test,0.23423713495614104,"(10.0, True)",0.0,0.15538465094075093,0.19279188917682777
0.6107901812441153,0.8921799085221098,-0.2047006224635588,1.5449947309619843,1.6687618320487756,11,3,linear_sem_interacao,today,0.23423713495614104,"(10.0, True)",0.0,1.2251448451031333,
0.03831446921018305,0.06373013031897819,0.013309142827499567,0.08689575440428213,1.0246095547075047,6050,3,arvores_corrigidas,validation,0.14813465786521182,"(15, 'squared_error', True)",0.25,0.14249491717094578,0.07714546013911179
0.06823007448649508,0.11810150628325511,0.011479593915211568,0.15918423525804762,0.9138567107450193,1360,3,arvores_corrigidas,test,0.14813465786521182,"(15, 'squared_error', True)",0.25,0.16141773251760716,0.17763982941557716
0.5583893140473236,0.8258520777879473,-0.45885726410418476,1.5309268033978443,1.7291493321250586,11,3,arvores_corrigidas,today,0.14813465786521182,"(15, 'squared_error', True)",0.25,1.1108421115565705,
0.11985922916878612,0.17877142880054897,-0.006521110405164329,0.2686849333705741,1.1064371693113153,6048,4,linear_corrigido,validation,0.2633516432210869,"(100.0, False)",0.0,0.20663170057018296,0.08035312753441855
0.10243048316972166,0.16730971646080325,-0.016418810136959575,0.21553751422426937,1.2914839806557339,1359,4,linear_corrigido,test,0.2633516432210869,"(100.0, False)",0.0,0.24847164612872644,0.2948883089514923
0.8965580466305308,1.3117400821344374,-0.336024701337933,2.1035626795367484,2.7517722428218088,10,4,linear_corrigido,today,0.2633516432210869,"(100.0, False)",0.0,1.7996285881309309,
0.10485889510709591,0.14352801371478044,-0.010619087954763799,0.24124921671394356,0.9554705056726629,6048,4,log_chuva,validation,0.24941954417536497,"(100.0, False)",0.0,0.2166444232495018,0.07247687488703629
0.10388479096645264,0.1597632571472306,-0.021943477829194414,0.22880617398806224,1.1290806779737288,1359,4,log_chuva,test,0.24941954417536497,"(100.0, False)",0.0,0.2457021879975994,0.26249660063578617
0.8431250208900402,1.2337218077141852,-0.7826312363115903,2.1008164774741744,2.294920533438095,10,4,log_chuva,today,0.24941954417536497,"(100.0, False)",0.0,1.6554422570603569,
0.14584863707837056,0.20455890533955035,0.05981022739193481,0.28640062606774136,1.759488333750488,6048,4,linear_sem_interacao,validation,0.26811366371600504,"(10.0, True)",0.0,0.17028542852880502,0.07424462474646394
0.11023286730815407,0.16693024455466438,0.03212416367462961,0.24495696784383264,0.9980098710426581,1359,4,linear_sem_interacao,test,0.26811366371600504,"(10.0, True)",0.0,0.22339239715268885,0.2757642797435513
0.8511549493895949,1.183493580812617,-0.6139699967274208,2.016492224392351,2.1705548681913953,10,4,linear_sem_interacao,today,0.26811366371600504,"(10.0, True)",0.0,1.7060770726632615,
0.0518327223894882,0.07933393193971848,0.026773308913383503,0.1153747588394644,1.0771902430378297,6048,4,arvores_corrigidas,validation,0.17605044869560488,"(15, 'absolute_error', True)",0.0,0.13336121561743872,0.11507423699479465
0.083228760536784,0.142418554091922,0.02459201902213943,0.18763126998121005,1.0704069834534415,1359,4,arvores_corrigidas,test,0.17605044869560488,"(15, 'absolute_error', True)",0.0,0.1967384068113716,0.23931494651197024
0.9677021886856825,1.3517619898241278,-0.9565178967315191,2.3477490653777813,2.355699704147341,10,4,arvores_corrigidas,today,0.17605044869560488,"(15, 'absolute_error', True)",0.0,1.9838058569516421,
0.13672437090802236,0.18786379267183942,0.03595144690346237,0.2782117923844961,1.2812965378065773,6048,5,linear_corrigido,validation,0.28812683604398975,"(10.0, True)",0.5,0.2009263580034884,0.10187857226844639
0.14188078785451586,0.24230766089220088,0.038558650927289016,0.3076737506488069,2.5871218762055683,1358,5,linear_corrigido,test,0.28812683604398975,"(10.0, True)",0.5,0.3012945954823701,0.4384696335296582
1.0464153949916433,1.4440074410751695,-0.9477587179139016,2.4044788794603664,2.71430382369655,9,5,linear_corrigido,today,0.28812683604398975,"(10.0, True)",0.5,1.9289864991718801,
0.13473304990206236,0.17570112168349858,0.06787470675932385,0.2803888435355963,1.1021073010474485,6048,5,log_chuva,validation,0.2722399801580233,"(10.0, True)",0.5,0.20986172701136135,0.06515213350056055
0.1440261974704195,0.2268198940070241,0.026053512705971796,0.31977734316766676,1.4802679420652733,1358,5,log_chuva,test,0.2722399801580233,"(10.0, True)",0.5,0.2972477024604274,0.3684522890862829
1.2479450199779218,1.6467459865777372,-1.1723475524589604,2.6254455893927724,2.6698640049753077,9,5,log_chuva,today,0.2722399801580233,"(10.0, True)",0.5,2.3934945587297873,
0.1615196148037648,0.2143165969942717,0.1053948557535002,0.3336764340027148,1.8364738138774972,6048,5,linear_sem_interacao,validation,0.32247254417444116,"(100.0, True)",0.0,0.20894652346921194,0.11295933527214075
0.15360285236835222,0.22798662480957535,0.0783164721042594,0.34352798856925365,1.4299329362564368,1358,5,linear_sem_interacao,test,0.32247254417444116,"(100.0, True)",0.0,0.28510494108843,0.3591090929222673
1.2107947815480127,1.623050121691687,-1.163376932213204,2.67978946335579,2.7498380703369416,9,5,linear_sem_interacao,today,0.32247254417444116,"(100.0, True)",0.0,2.3365043083689683,
0.0708951779669416,0.10424855814061874,0.043625609349883236,0.1500723671008722,1.1854810204071384,6048,5,arvores_corrigidas,validation,0.16429021802567492,"(15, 'absolute_error', True)",0.0,0.14766463095419327,0.039125449163273394
0.10536884902813295,0.17561975505331856,0.032277448468359435,0.2322908172633421,1.3009867529018972,1358,5,arvores_corrigidas,test,0.16429021802567492,"(15, 'absolute_error', True)",0.0,0.22089266643073074,0.3272490774818172
1.3404581159644502,1.7932173461635132,-1.3404581159644502,2.8124457424812936,2.9443543353342303,9,5,arvores_corrigidas,today,0.16429021802567492,"(15, 'absolute_error', True)",0.0,2.6001336777707555,
0.1543192513320482,0.21748338510520804,0.0380013996610755,0.3065403569227926,1.4824453100867674,6048,6,linear_corrigido,validation,0.31224377709151835,"(100.0, False)",0.0,0.1946198860091291,0.12122916550981107
0.1735529363606023,0.2849553456522047,0.02882643219470595,0.3898491241302024,2.4135152321404405,1357,6,linear_corrigido,test,0.31224377709151835,"(100.0, False)",0.0,0.3695012233257108,0.4877907051891519
1.5564006596534612,1.9771192140910794,-1.5491137062705,2.996796047323956,3.3227624845521193,8,6,linear_corrigido,today,0.31224377709151835,"(100.0, False)",0.0,2.689519371148412,
0.14025703787159488,0.18574529521838984,0.04143948697606907,0.2836504779475725,1.3992233738792983,6048,6,log_chuva,validation,0.3116581720653883,"(100.0, False)",0.0,0.22118686946595906,0.12161539892162783
0.17470682689543404,0.26943480048868373,0.017935644148328992,0.4166019086963479,1.716203102838593,1357,6,log_chuva,test,0.3116581720653883,"(100.0, False)",0.0,0.35650544312675586,0.4113633534985144
1.6369383772033808,2.0742865681533904,-1.6285544677825583,3.144310221822622,3.2542252633651136,8,6,log_chuva,today,0.3116581720653883,"(100.0, False)",0.0,2.8305257807428683,
0.18999165175535873,0.2525121089250331,0.11713086580977077,0.39523330414320706,1.9427517094643636,6048,6,linear_sem_interacao,validation,0.3673367968628643,"(100.0, True)",0.0,0.21228398965876166,0.14240630055624948
0.20277108702510852,0.29317433533947834,0.11103012477170474,0.4529192039571117,1.6631530746856473,1357,6,linear_sem_interacao,test,0.3673367968628643,"(100.0, True)",0.0,0.34359060035934724,0.45301192759322667
1.583003268634417,2.0275130451071646,-1.5361766692972907,3.0074405847713055,3.346234217457519,8,6,linear_sem_interacao,today,0.3673367968628643,"(100.0, True)",0.0,2.7734120607818458,
0.09309612590912335,0.1403341648520155,0.04750461668848808,0.20188563101262916,1.7951445183920445,6048,6,arvores_corrigidas,validation,0.20155379222007294,"(15, 'squared_error', True)",0.5,0.1744000752772637,0.042515257344635536
0.14722229515882204,0.25437480019694025,0.014013998393653167,0.33106055988057853,2.5462288685074306,1357,6,arvores_corrigidas,test,0.20155379222007294,"(15, 'squared_error', True)",0.5,0.26664287672416415,0.5102290353386465
1.5979763329629275,2.0474482404117644,-1.5979763329629275,3.0776901854230547,3.2431793077186066,8,6,arvores_corrigidas,today,0.20155379222007294,"(15, 'squared_error', True)",0.5,2.796246742322362,
