phase,family,horizon_h,original_n,added_n,n,weight_sum,weight1,weight3,weight5,features_sha256,deltas_sha256,weights_sha256,ordered_origins_sha256,initial_prediction,latest_training_target,cutoff_exclusive
validation,original,1,4362,0,4362,4646,4223,136,3,7b2edd3c3ac88520dc443c5fdfe3828fa7a1d5eee05ce50c87db44dbb72804fb,533176249122e0f0e9f4f82303947c56239bed67601d0759bed80e57f995efa6,eab7ebcddeb71ec50bfc1f8bce2fef1c67f112cb202f3b6a271584d7b36e65fa,a374ec1493665409fa7bc0e66f17c1e0f038d6136d9f85575a5b8200c7e1aabf,0.004857942315970718,2025-09-30T23:00:00-03:00,2025-10-01T00:00:00-03:00
validation,plus2020,1,4362,447,4809,5307,4574,221,14,9c13caf80fbcf8a072bf3db528fdb5077e50c9896fd63fb2d647b5d4388b647a,7cd5b8e84c4148a879cba84311e622853393db9efa396b436743c501041de38c,0687dc0f1ddb0af510ad7b57bdb75425ecb3afdca52e610cab4f147568bc6d61,43a955c48966f8c4b3e8c6acd3b92ce1cb912b6153de10103419fafe3bfbc3d7,0.010749952892406253,2025-09-30T23:00:00-03:00,2025-10-01T00:00:00-03:00
test,original,1,10841,0,10841,11137,10696,142,3,0b8c1d3fcaaf400882dc862c3677a4e771bc90d147105746e5a7b3fdc6094578,9caf390ef21c99f7b7540f500d5d3f26213ec010556170d96da515a7c8094467,f1176d41fee369329dde2641bfde05da929132e5876209544c51c6bf33644d64,b6c61ee0e2725577a0ed8013c6183f9de9c8d2966af25d260201e598a7be4f06,0.0021870791056837523,2026-06-30T23:00:00-03:00,2026-07-01T00:00:00-03:00
test,plus2020,1,10841,447,11288,11798,11047,227,14,523336693a803b15e22992f07240fb7f3bcd25d7d318badb9650847eba364b3c,0f63bf2eec75e2a615e76c6344cb7508bf8bb16917aa5fdee9d7f55d355096a5,f6ad0020efcffae7398643d944c8a3a8d17bc542fe578cf8004694073fc8f1f3,3e20fcdd4108a3e98c08ac7c37abf026cdf3af0fcd7352cd58696a8a90e6cce7,0.004987074080352599,2026-06-30T23:00:00-03:00,2026-07-01T00:00:00-03:00
validation,original,2,4360,0,4360,4714,4193,157,10,7a9e85976144a9a693bf68eee3eef963b39a918b39299f19daf57d127f021be8,66ff81be70f6b813a1cb9c76f9eb19d76e79478a9b78079b56ed63fc1d1f6eac,8494ea51291256bd6899093dd28a68a6c74cd9b86392a51e004cc8c94f0073a6,d3bb2d90f1891e7e80935f4459490126bf52fec03e2c55f135e1e4316f72da34,0.027904115400933384,2025-09-30T23:00:00-03:00,2025-10-01T00:00:00-03:00
validation,plus2020,2,4360,445,4805,5399,4539,235,31,aa427b04b98ced82dfe6c962bcdc5200ca46b757b8838ef2932d900c1b107d07,3727e5be2a52986d99ab70dc80467197180a1074689d648306ad21247bfea736,dc5d02cc9bca7daa41cddf557c8151d1559295604fd23924aa5fa57dfb26aad4,ae5bf4cd52a162397590eef05522f6f9d98792bf8044cca0e9705837ff6f6b4d,0.03861270605667716,2025-09-30T23:00:00-03:00,2025-10-01T00:00:00-03:00
test,original,2,10837,0,10837,11273,10629,198,10,95c96c2eb5a73e9740e19ec06d12ce1f656afdc022a72fec00c70397843e0c7e,5bdbbb2a6652bcb90b1a962857fe7f5743caf51b78bf3bfaba895409c2289a6f,cd22724e59fbee8b3a7c147d2c03c35a927b83c348a17c79fe226a4d88428b90,522b9a48c12ae3cf6bebbedcd5108d5b956ac6588bb5c8966003cfe2652223d1,0.019136653951920515,2026-06-30T23:00:00-03:00,2026-07-01T00:00:00-03:00
test,plus2020,2,10837,445,11282,11958,10975,276,31,f3635fd73c03d13bc76d45edb3ae2ac453393b5a0a59c3586d4f8e17e73a83e3,29dc7e135f10eca03131952b6a7d41380b661a82d8668a219ea5b61244bd837d,b9a49480f9218886000b0abd5e17580d1e7a027fb995f97a6257df752fb7cdb4,032738c6d7d01a8fb77b0c4b7884859e841ddb2fd116e0a67a0ca37a6304a4ed,0.0244737832413447,2026-06-30T23:00:00-03:00,2026-07-01T00:00:00-03:00
validation,original,3,4358,0,4358,4832,4144,191,23,6de0478e803a27063d5c8309d5485bef95fc9f383e8a1cd95c9b1e9c7c9604d4,1b659da34fbab3e5d7cc7ee4e6003c31af3affdee3962166fdb11dd295dacd0b,f039564e02c0a342cc89b5dd1b3371922c998716c7e623b601aac6ab960e3089,dcb414339cb76ba4ef9073db133cc74a53241f98057081c03cf6e5a7facf7106,-0.02000000000000135,2025-09-30T23:00:00-03:00,2025-10-01T00:00:00-03:00
validation,plus2020,3,4358,443,4801,5551,4485,257,59,25bc7373f00e45efe93692fadd77a3b77242eff80e67b5163cc4fb5e0f1a7aa1,09e406359cc0a91df5262febe4e6cb73e3b781fc628229843f1d2a84e7f9de98,a1b4b571701216e9667af4bdc57877a3bc265e812c975d3bf69386a6dd71c43b,c2b63cb73abc88c40ca075e66c85c09e78308cd6c15b631f43fcbbba822797d6,-0.03000000000000025,2025-09-30T23:00:00-03:00,2025-10-01T00:00:00-03:00
test,original,3,10834,0,10834,11510,10519,292,23,241352646c04841971f7cff1002d7e673f32ebecb0b55a79494fca84f1325d4c,1854097ebd47fed47f9ae92ed803eb8b9241ba963541c434a76ed45819bd76d5,ae1c7e82972ef3f5ed2e534b8e31a1aa34b85bfefeae5a1c01c7311fe5d7acb6,9c8dc92a6d67b00c93a5a416d1bfbc5b677b3f253fbf241f14da26c1642bc6c7,-0.030000000000000027,2026-06-30T23:00:00-03:00,2026-07-01T00:00:00-03:00
test,plus2020,3,10834,443,11277,12229,10860,358,59,c04ee919f76cbe55a2db713e18e16e818d00bffe00aa56a0cc6b38449e139616,1d7df800cfc79c91e6e3fa99a534108ecb1eab205f6a07838aedd77bbb9297ca,819d9e145f806eed7df15b63cfd35104f7f6d4bc304ed6562abe6ff323037828,c9bfe09760d292752b6f1067e238a5c87b2eda5d5396ca7a0d3e0d6c0836a0be,-0.030000000000000027,2026-06-30T23:00:00-03:00,2026-07-01T00:00:00-03:00
validation,original,4,4356,0,4356,4980,4092,216,48,d72b988a91ca13de5c6707557b20673e821e6b584a9638bdb26b19d73158ec5a,91bbf4bfa8f7342301da7ff17785317e2984768298442bd14651dbf25dfdfd40,3f9ba224595c065d61f2acb77f51ed4fd5161c88a749c446a6503fea8c023a75,28e8f2c28bad27f0068948fb22aa11b4f37ab2e7b210634d9d3df159cb6a009b,-0.029999999999999805,2025-09-30T23:00:00-03:00,2025-10-01T00:00:00-03:00
validation,plus2020,4,4356,441,4797,5753,4425,266,106,b2d0b6c42576572da52f7e8e2050cffd070a662276f20081e9667304c41e779d,d59cb71a77284245135742a7bc337676fa667dcc0906a2867f20cc3db1ecfa30,a260e1b6b8bc4b7844c42dfb411a0aae91f2d24290830e5436d128be8ae15d82,9cd81650631bda9d47200cad6dc5e38cd30153eeda354d7515b9d57588e38680,-0.040000000000000036,2025-09-30T23:00:00-03:00,2025-10-01T00:00:00-03:00
test,original,4,10830,0,10830,11762,10412,370,48,e34847ba4a2a58f9b7f433df81d0fe662171340fc34433617f299fec0a3a6fa1,fcfe2344b37ac0fcec8dacf377d452af2dba76eac9bdcd670204ff6faeb357d7,568f29919b938a6cfc18d5e30c795c8b7fb5255cb29b1fb3978105d7b7ed9c75,5099f6f404ba7e5e353051e9f3244f37bea4349f4d62d77ce61bab6de4a55969,-0.030000000000000027,2026-06-30T23:00:00-03:00,2026-07-01T00:00:00-03:00
test,plus2020,4,10830,441,11271,12535,10745,420,106,a4b0a3625d4442a1600c179802bb6c3de7aa6305f7bfa65badfa811ee9b3b808,d48d368ec480cbbb0fb0acf35c23aa175d0461be4887c64f85d1e471aecf9ce2,a9c568146d4c557d179447b5dfa2ea743b3cc8bb368b32c7a95155b57ec22e41,457b24c4d39f126728aff04095fd07f3ac507c3c208409383ff8bb99a5bc5028,-0.040000000000000036,2026-06-30T23:00:00-03:00,2026-07-01T00:00:00-03:00
validation,original,5,4355,0,4355,5141,4028,261,66,b7f9fbd29073a232602e546a1d4d180e4f438c52d0e22247f06b490c32bea4ef,16823c7ace116633e5c98a4305d6d9fbac46472665d16bb82bcd443391da6216,53a703d9646922f07d717eba735d36191170c15f9c992ca52de5c589720b3bd0,c0126a909007dd4d9b9fa360b269fe5a2c5538b1608daba6152159ba3a95e75c,-0.030000000000000027,2025-09-30T23:00:00-03:00,2025-10-01T00:00:00-03:00
validation,plus2020,5,4355,439,4794,5940,4354,307,133,26ace8d292d41e5d5a2323f7ddf0c5fcba376697de489739fd9b7ba065e0ccd7,23bd62d9c38c56b3d8aaf976a50c447c340f202defbe04d7a075a0dc45bbfaea,0c7047127678bb5796b3f6c161252e60ac36583af12c1256310cfdab5bb287cd,dd57f93af3d2e65a70e30a72ac1ef3976b5d0a629090f900a7c2dc1915a9dfd8,-0.04999999999999982,2025-09-30T23:00:00-03:00,2025-10-01T00:00:00-03:00
test,original,5,10828,0,10828,12152,10232,530,66,8caa203d4a18a25bebaaa994b5f84f815cabeedadc2933e94b51c9e758b81700,5e12d9f36fa98c86b828f6dcaab0c976b9f2e0828ac4df8e1fae5e8fbad1fa87,846736c49ea0c5cdf2b074c4d3be145ab559bebf3779c93969333fcb00229d99,80bf49b6de735302c953549a735cb9227419e5a8426f135240beea85d13e363f,-0.03000000000000025,2026-06-30T23:00:00-03:00,2026-07-01T00:00:00-03:00
test,plus2020,5,10828,439,11267,12951,10558,576,133,64bcf282d278fae8e5b728891e542c9d53c27512a722c26f31e8dd4c8e961cf6,1978753ee39722fbb0a401d8b77abaabfba968672bb1f789e7505bd6196990ce,e3b88c6a17a4822ef71cc59659721249f810a989c934dc539110f01034dc9e62,4ad31212c5067ca40e5cbfa55b479cf2f03caf98a620913892d956e8dc533549,-0.040000000000000036,2026-06-30T23:00:00-03:00,2026-07-01T00:00:00-03:00
validation,original,6,4354,0,4354,5334,3947,324,83,2c42af1a5ac9a3b6d9de9458927096c12b1d668bc965998665b880d9167346e7,2de7542bee404ac48b174fbabf23e108f0d30a9856bd79aac3f54317bc324af9,d777a676f8e0f1bbfb9e41233aeca2e0e8fcdde2dd9bca7b541144b2e32fcd96,a6809e7dd7400bad9fe1d36ac320b90e8cd989da2f959b15a508361122a83f16,-0.03000000000000025,2025-09-30T23:00:00-03:00,2025-10-01T00:00:00-03:00
validation,plus2020,6,4354,437,4791,6149,4263,377,151,79f87529473ddf98000779383fa33cc74f1b5229254d7226c27744debf77c5ff,4b68e2219a3b9cf74dd5bbb235d94b36270151d2449e0668e80ae6f584db3ce5,aa94e74b472757c5826813d0d0e513b20cd0f8ad393902dada1deb793f8b4d1c,29fdd0a20ff3a1489ad39da14ddeac0f5f83f5721ce1ced69a9811c6671351c8,-0.050000000000000266,2025-09-30T23:00:00-03:00,2025-10-01T00:00:00-03:00
test,original,6,10826,0,10826,12558,10043,700,83,c4696c2722d790314835a853abda2c2d59a362efb6d40409d7606ce14f195022,f36133eea2cd0909b73e10ba941fb31e6715bbab8fd66886d00ed63f6eddd86c,716565973ce6a1eecff139bfac59caab286610a48c6e3f236730cf6a0ae5de67,cd5aabd087fc2baa4dce52504ab548a64335d04df70bcbf2c105d804bccfebe0,-0.040000000000000036,2026-06-30T23:00:00-03:00,2026-07-01T00:00:00-03:00
test,plus2020,6,10826,437,11263,13373,10359,753,151,af87baa31a5568b02ef8676ff3fe8b436c299889da20abd87f53819ebbdffd83,ae71b4887f2fb7e37aae5136c61a917a5dcd19b2ec7d13dad156739c4ff05e0d,4626bc551fce592535cabe93f2ddd21a40dd3254354d76078028ec3ecd0af035,708ff4ad21a86bff4086bfd944d5d21c30090ac2711550b50fad6f959067d0e4,-0.040000000000000036,2026-06-30T23:00:00-03:00,2026-07-01T00:00:00-03:00
validation,original,7,4353,0,4353,5481,3876,390,87,8604f0eaeb44a765cf661b34ca0cde5e94d4099028285870b9621af08095913b,4be7792f42d587f2feae98bc7edf8dc58fb0f9776e3baf898b26a8c47e11df05,876abb4e29d57249abf67766031958c8d77d9d39329f8d403e87b37262d439a5,b82faa11cb9acb81c12159cb76c7348f3f55a77b7b94b694ca8b801961ed8a67,0.12814814814814812,2025-09-30T23:00:00-03:00,2025-10-01T00:00:00-03:00
validation,plus2020,7,4353,435,4788,6332,4172,460,156,7a9f01a800e6c86e1c416c77f8af72a3ecf7cbfdc372568ca3b412fd672d4f40,0cd96e7795091ea9005987e6d9dfadecd53bbe7bdc63ba9cffa9b4b17a6375fa,bafa77717556325322129a7cfa43dd64fc697268af8e4f6ffd7f8ed26b2d6d01,1e07751a958ddd52418993023c631373b25f7f0ce3763ea56025e3f6b28cfb7b,0.1304200884396715,2025-09-30T23:00:00-03:00,2025-10-01T00:00:00-03:00
test,original,7,10824,0,10824,12870,9888,849,87,2ce8b82e1ccfe3ddaa734c2c7d00fe351ddebe19935e736ecb75f52c63fc616e,04850e465e8c84dc44ba1be79d70da1613f3c10c32b643523ff3796f74f7d0ee,ef266fe370fa0d0129dcc2f41621dc1b0efe0c30646055c7544c733f1c7668d6,2746428b998a52f712997c3ab87a997303c5a1343bf85f6900dbd1c027b9511c,0.0901474358974359,2026-06-30T23:00:00-03:00,2026-07-01T00:00:00-03:00
test,plus2020,7,10824,435,11259,13721,10184,919,156,c37e8165e1053a9f4da6f673fff47ff8963749e9653e8a2155a5e891bc7e5a50,1d0be8bae00fea90c68a3b929c44bec5824f799156248771febfbf9dff06ad2e,09a11b27209b8801c3f84d7f49bd220d7492db40fe1a9f39f1f1a139a3c5ded3,9c08ff6b61809a7f95a22309370d65d6e09938873ef3091b45d226e94350420b,0.09355276583339406,2026-06-30T23:00:00-03:00,2026-07-01T00:00:00-03:00
validation,original,8,4352,0,4352,5612,3814,446,92,8776fc7b42befad91e96a7200b42729c1d9c60b4d79b7ea900da3900fdedcb99,fec451ffd7edbbd8e80f207fc3cb766bfea0aa3ecad0dc6c27b3012ecc662c4c,3041cf84277e7d7277826883acbf8be68d41fbd4403f6638c5f2ba4163b0426c,da69371cebd45815c65b8a245ab810635692bdc054122dec10656c3458c73849,0.1272024233784747,2025-09-30T23:00:00-03:00,2025-10-01T00:00:00-03:00
validation,plus2020,8,4352,433,4785,6489,4094,530,161,0b95b1e1f535acf1b973d3a2617589f8ec193988c2f55983f85856f96da5a1fa,98aa17c82b82732fba3d397c28cdfdf3fca48da807cb7e1ff8decf36765fdd92,ffcc459563b38aca7bbaa880eb9bcdf2f5373b9999b38e5245e7e2ffacb19299,57c61cd51bf5de59fd5312c80900bbe0fb60a5ee4add3831063149e092bc6d20,0.1282740021574973,2025-09-30T23:00:00-03:00,2025-10-01T00:00:00-03:00
test,original,8,10822,0,10822,13128,9761,969,92,3d5ceb419cc04d3ea6f1a9c7fd0e32b498b6a5b728927bcf104925597e07b59a,45662985e16eb469b8cc868ac5d1daabceaf8270aa219e22352ef1f234070008,817b28fdfd2ef8aefd479464e129938ee8c527ae34af437ae518debdd8944361,7d1dbed7af3a3522c12f1237c51249bc8086a9ac5c7d32f62907a29c379844a0,0.08800559872029251,2026-06-30T23:00:00-03:00,2026-07-01T00:00:00-03:00
test,plus2020,8,10822,433,11255,14005,10041,1053,161,980948ae170311dd0ae3eda776649d276ea937ce2563bfc97f78f0aa71e58085,b9d58efd94e15a2dba11cfd709a9ce92b6f37f520c4916e126a5ac74898357b5,4a39acd6e40b3ac8bc1f56d9b7afafc492ba878be49ef2f599dd3639e0ff70e8,0ec95faf92fb632adba8bdfe8326c61f581aa950a04d29f30eabdf955c663ef0,0.09095662263477329,2026-06-30T23:00:00-03:00,2026-07-01T00:00:00-03:00
validation,original,9,4351,0,4351,5731,3757,498,96,54646d3a6b037158e9f7dc1d7970a86a99b505e8101221ca3601a9865a5a0e2f,38f1bd8423b28e63d6f081675b090406d0f2a67afcbd2a3f7c269f3fcf95587c,ffce40b0eeea75720e78ed3334ebc7bb451a074475d941d74a9ac707f894d37c,66810a40301cac2825203fc5b8aa2ea7e874a44705e6e95c1afc5f92f0dd39d4,0.12853777700226834,2025-09-30T23:00:00-03:00,2025-10-01T00:00:00-03:00
validation,plus2020,9,4351,431,4782,6640,4018,599,165,dbaead91f03ce8957e670592bc9e36f7ff8bd60eaf313317ebf65c9c6a90e2d4,b7ee591c9afebb495a7dc7024a14c41fc854bb12fa98e12ee95fd926b5488299,f6d1e7d61e9e867d37e44325119308f1ed1b8dae9bdf4e408ca6ae7b4f456420,06fdcc2844c319a93ddfe039d9af323444736d93bfa4e029134fcbe6a639414e,0.1250843373493976,2025-09-30T23:00:00-03:00,2025-10-01T00:00:00-03:00
test,original,9,10821,0,10821,13363,9646,1079,96,ebd51d0b5ed505c970e67666a33ab817a9108ab13591aef74dbb41f96233526c,07b0f48fa451841fc0f0145ca7701352a8d5e3b24cea380431a9f92e8a8edbde,0e4c058cefc8d06b5dc51d3443c48ae7f835dbd9f18721a9e14200ade41ace77,b1b21533957a08ad1517521f0aed4adbb43f979b12554d5fee3f5dbd1f6dfb42,0.08425783880865073,2026-06-30T23:00:00-03:00,2026-07-01T00:00:00-03:00
test,plus2020,9,10821,431,11252,14272,9907,1180,165,4fd1f17a9cf8e5eda9b5e21179465951c8835193c2e013683bd2f7d3e672f65f,c026cbbea615bb45a3c2c1bbbbc899ae48a3c54fd6d40219023b2f3a3e5a69bb,ac4d5534315bcb09ee804fda84cc1f03cbee4f1dd7e724dfb3135973d0784d2a,37f9e1d2d8c8b1569d1ea1aa886b269150a243df0142406925f1bfcce756d7fc,0.08547137752242151,2026-06-30T23:00:00-03:00,2026-07-01T00:00:00-03:00
validation,original,10,4350,0,4350,5836,3707,543,100,a2de8f00292cae71c2e250d4d0c0e5fba21596d43fd81a515995312cf282fb25,f709f8cc6e2119c3900ce11e02a43510e5d751f8e3c1e841358a3a7e49eb65b0,b993f294e51b03a23c25c3237e66476e67f34db5bc83e09162be7d66e0484abc,79a70b44df998385e09573da5d25a7284761dab8c87fa253ffa2cd06b22bff95,0.12624914324880054,2025-09-30T23:00:00-03:00,2025-10-01T00:00:00-03:00
validation,plus2020,10,4350,429,4779,6765,3954,657,168,a632489b2fd0746c94c739d05b2852f84b7e37a12edd725202c7c063c1d789dd,52ca03878dcd7b7b937b0e4edee3d9c99183716ec052b329300e2af642965cb9,461a3ffbcbb60d091a1ccce0de0a7c1e45de7790b48c11495eda85845b9c0bd8,1e411724167ce6af91a5756f750645445dc65f76ab7f5cc0974578bd1646b909,0.11845232815964522,2025-09-30T23:00:00-03:00,2025-10-01T00:00:00-03:00
test,original,10,10818,0,10818,13556,9549,1169,100,7e1d93b190d4ba1dbc16f6386014aee3769110193fd3ac502e6665080feee861,3a74d0608f3ac5958206d40a5691a7c4f25faa4ceb0b351fb7f3802f14fc5071,5022122cac0569588a3e1f2ddfc2d4f4b9d2066264b9723de9253bad36763d9e,0113766c9a3ef54035b58099af58807b864d2db4688177fd842b8d7ee9da4e3f,0.07961474623782824,2026-06-30T23:00:00-03:00,2026-07-01T00:00:00-03:00
test,plus2020,10,10818,429,11247,14485,9796,1283,168,410d81d28d523fac86c4f9c33260b44951deed711cd3a459e9eae445f903f935,cd6aa7c495e234b291d0448dc6fb5e29c5ea022d3341bfc0d058064f756e2ebf,8e25b444eefe9eaf8a5613977645538e94d760d69be174b44b53d230fe1b4e7a,85035b14695c9991bee8ef474c7e2f1abe80523653a94b0c41e89dfe1cd8f421,0.07896427338626165,2026-06-30T23:00:00-03:00,2026-07-01T00:00:00-03:00
validation,original,11,4349,0,4349,5927,3664,581,104,5af2e40c4e5290f4b8ccc70ce4afb8b609aa8eccdfdf5c9852219f0801b5f74a,1ebf7d642311667c1a15e2544dc76c86495fd799478345a72fea068ea678da9b,4cea0811ea4f953e2ac767c0ce73a91cd68168a60fa07c51589a3baf639bec38,7ccc8847c474ef519d0070ef8f0115988730df7234062b0e4779d5fdcf33c4d1,0.12437658174455879,2025-09-30T23:00:00-03:00,2025-10-01T00:00:00-03:00
validation,plus2020,11,4349,427,4776,6882,3893,713,170,66770b737bec6d2f48285411f4f4c9e294dbe0fff16406387c7fa7c9d417e5c1,ebd5c66e25266bee9e520a487bda3d1ba7673b0743f1e1d2a17dbd55ad82d3eb,655d7d4f8e7f7f934929b115d0f862ea0f04120b5becf0a7197a6b4451d67674,0d6ff23a4f78983c64291110a2c7c513e784be852ac597ab9c224e6bbc0e7b9c,0.11211130485324033,2025-09-30T23:00:00-03:00,2025-10-01T00:00:00-03:00
test,original,11,10817,0,10817,13701,9479,1234,104,b99ebade43d4eca0538863dd3fcba78c9c071a8577c7e2423a80bd9ee0a25903,a5296292704ee8689967ef019749f0587cc62cc8f1143efb623404f1785fd8f1,9b9ba5bee68a97fe98b7e87e96a007e6e70686c2a0ea61c2cc87b264d262f037,e07172da66a42ab245b3a313f3bbcfe066c5c9d31c8972825f998c7e9a9466b0,0.07328351945113494,2026-06-30T23:00:00-03:00,2026-07-01T00:00:00-03:00
test,plus2020,11,10817,427,11244,14656,9708,1366,170,c810a0127689a075731a2045a6e71ea34bdc983eddcd8913f4c9886ab992c4a9,fa4c775b82c565ba2af587155fa8d6b90d1fb345a8b36679bedaa24d26ed7623,1d3d8e9e410a6cae4ba348c69f18c3c406b5f0c69e2791b36fc8b7ce922f67c4,fabf7b919441ca7b84ceecfff7eaf8e3916fc8da895f83332ef7aa01da46c6b4,0.07085340474890828,2026-06-30T23:00:00-03:00,2026-07-01T00:00:00-03:00
validation,original,12,4348,0,4348,6004,3628,612,108,2e40b3463784a80fe5b385d8dd4e902bd6b74adda592b110a90fbaf48e6b7456,42e490666ec7501bea92c6f6a46c802cbba7c1a22301d9cc3d98212f7a09999f,96cf6647571df306d5d153cdae4c8bd292e1ef3facdd814442307ad4336df9ad,2fd97c0d6e2cd50b15e0e5e6964c9ce39c64e56421f81ac40ce86144373bc604,0.1226865423051299,2025-09-30T23:00:00-03:00,2025-10-01T00:00:00-03:00
validation,plus2020,12,4348,426,4774,6996,3837,763,174,abbae27ecf56b960c7218165c4ac3086b060c901acc66a19c3d204f806f69058,8fcee8f35d8ea870e5792da818276894027f713380a9e33e723ac0af92bfa45a,eb12f097536a37e0504dc82041534b6af8e247ccfd454381df7dd37e4acd830c,d35fdbce5d31f3a073abc3c873d6ad5b4e33a48ca840a1e55bf08e5c46ca462d,0.10471269296740994,2025-09-30T23:00:00-03:00,2025-10-01T00:00:00-03:00
test,original,12,10814,0,10814,13812,9423,1283,108,b85167d2b151d97f0862a313e4d46af64578ad9dc06c64ab8e56b077ed34d5be,f063ba76db39c9f4ef88848204910147e29f3d9abaf1fc37be2c81aec6ad151b,cf36cf6f511c2ff4089ba202f743948ea1768f9efe5ade9f9bbd5e6fb09ec9c3,53d710d4b20cf26988e519ba24de3ef8a69ba6a010a037affc8e7e3b683a83fa,0.06541177961193165,2026-06-30T23:00:00-03:00,2026-07-01T00:00:00-03:00
test,plus2020,12,10814,426,11240,14804,9632,1434,174,ce63b1098903857ba3ad924f6bef18ca747f4d0704ea7c94a4a4fd7ecc5557dc,dd39df5238bff8757589c0cbd5b2ef5da5cc6514a0376fb04cfb3832777f14e3,f95b68d6ff285fd5e7e6d6ef4fdaa03e372f65a9fccb3498be40339e67b6726d,c9990a22dcd62b99629d2c597fa5a46fe582a8e56f439eff8d37909b948e1f9d,0.06075570791677924,2026-06-30T23:00:00-03:00,2026-07-01T00:00:00-03:00
