horario,media_espacial_aprox_mm_h,peso_com_dados,Baixo Antas,Carreiro,Prata-Turvo,Alto Antas,Tainhas
2026-07-25T00:00:00-03:00,,0.363,,,,,0.403
2026-07-25T01:00:00-03:00,,0.378,,,,,0.013
2026-07-25T02:00:00-03:00,0.007,0.619,0.006,0.0,0.007,,0.0
2026-07-25T03:00:00-03:00,,0.522,0.075,,,,0.0
2026-07-25T04:00:00-03:00,,0.435,,,,,0.0
2026-07-25T05:00:00-03:00,,0.442,,,,,0.013
2026-07-25T06:00:00-03:00,,0.464,,,0.069,,0.021
2026-07-25T07:00:00-03:00,,0.376,,,,,0.0
2026-07-25T08:00:00-03:00,,0.388,,,,,0.0
2026-07-25T09:00:00-03:00,,0.347,,,,,0.0
2026-07-25T10:00:00-03:00,,0.328,,,,,0.0
2026-07-25T11:00:00-03:00,,0.332,,,,,0.0
2026-07-25T12:00:00-03:00,,0.332,,,,,0.0
2026-07-25T13:00:00-03:00,,0.33,,,,,0.021
2026-07-25T14:00:00-03:00,,0.249,,,,,0.066
2026-07-25T15:00:00-03:00,,0.276,,,,,0.0
2026-07-25T16:00:00-03:00,,0.273,,,,,0.0
2026-07-25T17:00:00-03:00,,0.313,,,,,0.0
2026-07-25T18:00:00-03:00,,0.336,,,,,0.0
2026-07-25T19:00:00-03:00,,0.313,,,,,0.0
2026-07-25T20:00:00-03:00,,0.314,,,,,0.0
2026-07-25T21:00:00-03:00,,0.335,,,,,0.0
2026-07-25T22:00:00-03:00,,0.332,,,,,0.0
2026-07-25T23:00:00-03:00,,0.332,,,,,0.0
2026-07-26T00:00:00-03:00,,0.332,,,,,0.0
2026-07-26T01:00:00-03:00,,0.354,,,,,0.0
2026-07-26T02:00:00-03:00,,0.473,0.0,0.0,,,0.0
2026-07-26T03:00:00-03:00,,0.477,0.0,0.0,,,0.0
2026-07-26T04:00:00-03:00,,0.481,0.008,0.0,,,0.0
2026-07-26T05:00:00-03:00,,0.471,0.005,0.003,,,0.0
2026-07-26T06:00:00-03:00,,0.453,,0.0,,,0.0
2026-07-26T07:00:00-03:00,,0.449,,0.0,,,0.0
2026-07-26T08:00:00-03:00,,0.426,,0.0,,,0.0
2026-07-26T09:00:00-03:00,,0.416,,0.0,,,0.0
2026-07-26T10:00:00-03:00,,0.427,,0.0,,,0.0
2026-07-26T11:00:00-03:00,,0.427,,0.0,,,0.0
2026-07-26T12:00:00-03:00,,0.419,,0.012,,,0.0
2026-07-26T13:00:00-03:00,,0.393,,0.071,,,0.0
2026-07-26T14:00:00-03:00,,0.401,,0.175,,,0.0
2026-07-26T15:00:00-03:00,,0.525,,0.064,,,1.268
2026-07-26T16:00:00-03:00,,0.579,,0.003,,,0.299
2026-07-26T17:00:00-03:00,,0.542,,0.004,,,0.806
2026-07-26T18:00:00-03:00,,0.449,,,,,0.062
2026-07-26T19:00:00-03:00,,0.519,0.263,,,,0.0
2026-07-26T20:00:00-03:00,,0.504,,,,,0.0
2026-07-26T21:00:00-03:00,,0.514,,,,,0.0
2026-07-26T22:00:00-03:00,,0.512,,,,,0.0
2026-07-26T23:00:00-03:00,,0.516,,,,,0.0
2026-07-27T00:00:00-03:00,,0.507,,,,,0.0
2026-07-27T01:00:00-03:00,,0.365,,,,,0.013
2026-07-27T02:00:00-03:00,0.006,0.652,0.015,0.003,0.011,,0.0
2026-07-27T03:00:00-03:00,,0.57,,,0.0,,0.0
2026-07-27T04:00:00-03:00,,0.518,,,0.0,,0.0
2026-07-27T05:00:00-03:00,,0.566,,,0.009,,0.0
2026-07-27T06:00:00-03:00,,0.578,,,0.013,,0.0
2026-07-27T07:00:00-03:00,,0.562,,,0.0,,0.0
2026-07-27T08:00:00-03:00,,0.555,,,0.0,,0.0
2026-07-27T09:00:00-03:00,,0.55,,,0.047,,0.0
2026-07-27T10:00:00-03:00,,0.514,,,0.037,,0.0
2026-07-27T11:00:00-03:00,,0.516,,,0.0,,0.0
2026-07-27T12:00:00-03:00,,0.532,,,0.0,,0.0
2026-07-27T13:00:00-03:00,,0.529,,,0.0,,0.061
2026-07-27T14:00:00-03:00,,0.515,,,0.0,,0.0
2026-07-27T15:00:00-03:00,,0.512,,,0.0,,0.0
2026-07-27T16:00:00-03:00,,0.49,,,,,0.0
2026-07-27T17:00:00-03:00,,0.489,,,,,0.0
2026-07-27T18:00:00-03:00,0.039,0.601,0.243,0.061,0.003,,0.0
2026-07-27T19:00:00-03:00,2.437,0.709,10.776,4.607,0.581,,0.013
2026-07-27T20:00:00-03:00,1.509,0.856,4.43,2.0,1.407,1.064,0.348
2026-07-27T21:00:00-03:00,2.685,0.883,0.676,0.001,2.833,4.509,0.924
2026-07-27T22:00:00-03:00,0.458,0.792,0.275,0.013,0.01,0.929,1.02
2026-07-27T23:00:00-03:00,0.534,0.904,0.059,0.019,0.006,0.172,4.495
2026-07-28T00:00:00-03:00,0.074,0.903,0.022,0.0,0.016,0.109,0.231
2026-07-28T01:00:00-03:00,,0.395,,,,,0.013
2026-07-28T02:00:00-03:00,0.028,0.853,0.0,0.0,0.0,0.066,0.02
2026-07-28T03:00:00-03:00,0.055,0.818,0.017,0.006,0.075,0.078,0.021
2026-07-28T04:00:00-03:00,0.086,0.822,0.614,0.0,0.026,0.069,0.021
2026-07-28T05:00:00-03:00,1.542,0.821,11.58,2.589,0.025,0.266,0.06
2026-07-28T06:00:00-03:00,2.01,0.85,3.636,3.255,0.853,2.339,0.558
2026-07-28T07:00:00-03:00,4.986,0.918,9.16,8.716,4.908,3.353,2.969
2026-07-28T08:00:00-03:00,6.6,0.903,7.341,3.682,9.618,5.636,7.15
2026-07-28T09:00:00-03:00,5.283,0.854,3.667,2.674,3.465,6.684,9.861
2026-07-28T10:00:00-03:00,4.791,0.865,4.473,2.198,4.135,5.431,8.12
2026-07-28T11:00:00-03:00,4.975,0.869,3.35,4.917,6.187,4.777,4.242
2026-07-28T12:00:00-03:00,5.43,0.897,4.108,8.734,7.329,3.233,5.966
2026-07-28T13:00:00-03:00,3.91,0.833,3.59,3.069,6.15,3.218,3.02
2026-07-28T14:00:00-03:00,3.326,0.833,2.104,3.206,3.758,3.203,4.05
2026-07-28T15:00:00-03:00,2.343,0.884,1.041,3.208,3.411,1.627,2.015
2026-07-28T16:00:00-03:00,1.941,0.892,2.1,1.51,2.833,1.686,1.324
2026-07-28T17:00:00-03:00,1.294,0.873,1.297,0.58,1.352,1.461,1.491
2026-07-28T18:00:00-03:00,0.94,0.855,3.631,0.837,0.106,0.901,0.799
2026-07-28T19:00:00-03:00,0.681,0.756,2.476,0.432,0.322,0.658,0.483
2026-07-28T20:00:00-03:00,0.985,0.798,3.229,2.298,0.733,0.481,0.049
2026-07-28T21:00:00-03:00,1.055,0.896,2.376,1.331,1.056,0.941,0.113
2026-07-28T22:00:00-03:00,0.748,0.874,,1.272,0.382,0.423,2.309
2026-07-28T23:00:00-03:00,0.553,0.787,2.439,0.927,0.163,0.395,0.101
2026-07-29T00:00:00-03:00,0.585,0.863,4.277,0.412,0.026,0.271,0.02
2026-07-29T01:00:00-03:00,3.482,0.626,17.145,3.766,0.66,,0.139
2026-07-29T02:00:00-03:00,6.786,0.932,10.125,12.806,8.243,3.895,1.856
2026-07-29T03:00:00-03:00,7.986,0.946,6.587,3.867,9.228,8.536,10.92
2026-07-29T04:00:00-03:00,4.954,0.942,6.115,4.222,3.827,4.95,8.166
2026-07-29T05:00:00-03:00,4.33,0.904,2.297,2.894,4.905,4.931,4.82
2026-07-29T06:00:00-03:00,4.328,0.864,1.179,2.489,5.553,4.89,4.639
2026-07-29T07:00:00-03:00,2.653,0.862,0.851,2.126,2.341,3.441,2.598
2026-07-29T08:00:00-03:00,1.925,0.873,0.382,0.827,2.211,2.508,1.851
2026-07-29T09:00:00-03:00,0.594,0.712,0.029,0.019,0.209,1.123,0.75
2026-07-29T10:00:00-03:00,0.243,0.942,0.024,0.007,0.01,0.531,0.222
2026-07-29T11:00:00-03:00,0.125,0.933,0.022,0.007,0.0,0.277,0.089
2026-07-29T12:00:00-03:00,0.026,0.844,0.011,0.006,0.0,0.068,0.0
2026-07-29T13:00:00-03:00,0.038,0.87,0.025,0.006,0.006,0.087,0.0
2026-07-29T14:00:00-03:00,0.038,0.888,0.008,0.014,0.0,0.092,0.0
2026-07-29T15:00:00-03:00,0.047,0.864,0.156,0.004,0.01,0.081,0.0
2026-07-29T16:00:00-03:00,0.046,0.853,0.24,0.004,0.0,0.072,0.0
2026-07-29T17:00:00-03:00,0.055,0.914,0.299,0.004,0.0,0.072,0.0
2026-07-29T18:00:00-03:00,0.033,0.872,0.1,0.002,0.0,0.06,0.0
2026-07-29T19:00:00-03:00,0.048,0.843,0.302,0.002,0.0,0.055,0.0
2026-07-29T20:00:00-03:00,0.067,0.885,0.58,0.0,0.0,0.044,0.0
2026-07-29T21:00:00-03:00,0.043,0.947,0.363,0.002,0.01,0.025,0.0
2026-07-29T22:00:00-03:00,0.05,0.933,0.508,0.0,0.0,0.018,0.0
2026-07-29T23:00:00-03:00,0.036,0.933,0.391,0.002,0.0,0.006,0.0
2026-07-30T00:00:00-03:00,0.087,0.931,1.011,0.0,0.0,0.003,0.0
2026-07-30T01:00:00-03:00,,0.333,,,,,0.0
2026-07-30T02:00:00-03:00,0.006,0.909,0.045,0.0,0.0,0.005,0.0
2026-07-30T03:00:00-03:00,0.007,0.827,0.045,0.002,0.0,0.008,0.0
2026-07-30T04:00:00-03:00,0.022,0.848,0.025,0.0,0.075,0.004,0.0
2026-07-30T05:00:00-03:00,0.008,0.911,0.031,0.002,0.0,0.012,0.0
2026-07-30T06:00:00-03:00,0.003,0.913,0.018,0.0,0.0,0.003,0.0
2026-07-30T07:00:00-03:00,0.015,0.942,0.045,0.002,0.0,0.028,0.0
2026-07-30T08:00:00-03:00,0.005,0.92,0.031,0.0,0.006,0.003,0.0
2026-07-30T09:00:00-03:00,0.017,0.94,0.012,0.0,0.061,0.002,0.0
2026-07-30T10:00:00-03:00,0.003,0.93,0.019,0.0,0.0,0.002,0.0
2026-07-30T11:00:00-03:00,0.005,0.945,0.017,0.0,0.01,0.004,0.0
2026-07-30T12:00:00-03:00,0.005,0.924,0.03,0.002,0.0,0.006,0.0
2026-07-30T13:00:00-03:00,0.003,0.902,0.023,0.0,0.0,0.003,0.0
2026-07-30T14:00:00-03:00,0.003,0.852,0.02,0.002,0.0,0.002,0.0
2026-07-30T15:00:00-03:00,0.014,0.658,0.025,0.0,0.0,,0.038
2026-07-30T16:00:00-03:00,0.013,0.665,0.045,0.014,0.013,,0.0
2026-07-30T17:00:00-03:00,0.064,0.676,0.815,0.0,0.0,,0.0
2026-07-30T18:00:00-03:00,0.032,0.681,0.379,0.0,0.0,,0.0
2026-07-30T19:00:00-03:00,0.065,0.652,,0.002,0.0,,0.0
2026-07-30T20:00:00-03:00,0.027,0.663,,0.0,0.0,,0.0
2026-07-30T21:00:00-03:00,0.121,0.679,,0.0,0.0,,0.0
2026-07-30T22:00:00-03:00,0.002,0.677,,0.002,0.0,,0.0
2026-07-30T23:00:00-03:00,0.01,0.695,,0.0,0.011,,0.0
2026-07-31T00:00:00-03:00,0.005,0.677,,0.0,0.0,,0.0
2026-07-31T01:00:00-03:00,,0.326,,,,,0.0
2026-07-31T02:00:00-03:00,0.003,0.918,0.019,0.0,0.0,0.003,0.0
2026-07-31T03:00:00-03:00,0.001,0.88,0.006,0.0,0.0,0.001,0.0
2026-07-31T04:00:00-03:00,0.002,0.886,0.013,0.003,0.0,0.002,0.0
2026-07-31T05:00:00-03:00,0.005,0.88,0.01,0.002,0.01,0.002,0.0
2026-07-31T06:00:00-03:00,0.002,0.867,0.012,0.0,0.0,0.002,0.0
2026-07-31T07:00:00-03:00,0.006,0.877,0.013,0.0,0.0,0.013,0.0
2026-07-31T08:00:00-03:00,0.003,0.853,0.016,0.002,0.0,0.002,0.0
2026-07-31T09:00:00-03:00,0.001,0.849,0.006,0.0,0.0,0.001,0.0
2026-07-31T10:00:00-03:00,0.002,0.854,0.014,0.0,0.0,0.002,0.0
2026-07-31T11:00:00-03:00,0.003,0.84,0.018,0.002,0.0,0.002,0.0
2026-07-31T12:00:00-03:00,0.011,0.852,0.092,0.0,0.01,0.003,0.0
2026-07-31T13:00:00-03:00,0.008,0.817,0.029,0.0,0.0,0.017,0.0
2026-07-31T14:00:00-03:00,0.003,0.753,0.035,0.0,0.0,,0.0
2026-07-31T15:00:00-03:00,0.014,0.756,0.172,0.002,0.0,,0.0
2026-07-31T16:00:00-03:00,0.319,0.797,4.671,0.002,0.0,0.0,0.0
2026-07-31T17:00:00-03:00,0.043,0.798,0.619,0.0,0.0,0.001,0.0
2026-07-31T18:00:00-03:00,0.023,0.769,,0.003,0.011,0.001,0.0
2026-07-31T19:00:00-03:00,,0.548,,,0.0,,0.0
2026-07-31T20:00:00-03:00,,0.408,,,0.0,,0.0
2026-07-31T21:00:00-03:00,,0.382,,,,,0.0
2026-07-31T22:00:00-03:00,,0.388,,,,,0.0
2026-07-31T23:00:00-03:00,,0.386,,,,,0.0
2026-08-01T00:00:00-03:00,,0.391,,,,,0.0
2026-08-01T01:00:00-03:00,,0.316,,,,,0.0
2026-08-01T02:00:00-03:00,0.137,0.848,1.555,0.0,0.0,0.0,0.0
2026-08-01T03:00:00-03:00,0.007,0.824,0.07,0.002,0.0,0.0,0.0
2026-08-01T04:00:00-03:00,0.014,0.787,0.202,0.0,0.0,0.0,0.0
2026-08-01T05:00:00-03:00,0.0,0.703,,0.0,0.0,0.0,0.0
2026-08-01T06:00:00-03:00,0.0,0.659,,0.0,0.0,0.0,0.0
2026-08-01T07:00:00-03:00,,0.449,,,,,0.0
2026-08-01T08:00:00-03:00,,0.453,,,,,0.0
2026-08-01T09:00:00-03:00,,0.436,,,,,0.0
2026-08-01T10:00:00-03:00,,0.439,,,,,0.0
2026-08-01T11:00:00-03:00,,0.453,,,,,0.0
2026-08-01T12:00:00-03:00,,0.423,,,,,0.0
2026-08-01T13:00:00-03:00,,0.427,,,,,0.0
2026-08-01T14:00:00-03:00,,0.404,,,,,0.0
2026-08-01T15:00:00-03:00,,0.414,,,,,0.0
2026-08-01T16:00:00-03:00,,0.428,,,,,0.0
2026-08-01T17:00:00-03:00,,0.412,,,,,0.0
2026-08-01T18:00:00-03:00,,0.409,,,,,0.0
2026-08-01T19:00:00-03:00,,0.389,,,,,0.0
2026-08-01T20:00:00-03:00,,0.405,,,,,0.0
2026-08-01T21:00:00-03:00,,0.39,,,,,0.0
2026-08-01T22:00:00-03:00,,0.391,,,,,0.0
2026-08-01T23:00:00-03:00,,0.469,,,,,0.0
2026-08-02T00:00:00-03:00,,0.394,,,,,0.0
2026-08-02T01:00:00-03:00,,0.329,,,,,0.0
2026-08-02T02:00:00-03:00,,0.397,,,,,0.0
2026-08-02T03:00:00-03:00,,0.383,,,,,0.0
2026-08-02T04:00:00-03:00,,0.383,,,,,0.0
2026-08-02T05:00:00-03:00,,0.383,,,,,0.0
2026-08-02T06:00:00-03:00,,0.39,,,,,0.0
2026-08-02T07:00:00-03:00,,0.397,,,,,0.0
2026-08-02T08:00:00-03:00,,0.406,,,,,0.0
2026-08-02T09:00:00-03:00,,0.377,,,,,0.0
2026-08-02T10:00:00-03:00,,0.383,,,,,0.0
2026-08-02T11:00:00-03:00,,0.386,,,,,0.0
2026-08-02T12:00:00-03:00,,0.387,,,,,0.0
2026-08-02T13:00:00-03:00,,0.341,,,,,0.0
2026-08-02T14:00:00-03:00,,0.355,,,,,0.0
2026-08-02T15:00:00-03:00,,0.368,,,,,0.0
2026-08-02T16:00:00-03:00,,0.36,,,,,0.0
2026-08-02T17:00:00-03:00,,0.387,,,,,0.0
2026-08-02T18:00:00-03:00,,0.386,,,,,0.0
2026-08-02T19:00:00-03:00,,0.383,,,,,0.0
2026-08-02T20:00:00-03:00,,0.387,,,,,0.0
2026-08-02T21:00:00-03:00,,0.383,,,,,0.0
2026-08-02T22:00:00-03:00,,0.401,,,,,0.0
2026-08-02T23:00:00-03:00,,0.383,,,,,0.0
2026-08-03T00:00:00-03:00,,0.426,,,,,0.0
2026-08-03T01:00:00-03:00,,0.369,,,,,0.0
2026-08-03T02:00:00-03:00,0.0,0.939,0.0,0.0,0.0,0.0,0.0
2026-08-03T03:00:00-03:00,0.0,0.905,,0.0,0.0,0.0,0.0
2026-08-03T04:00:00-03:00,0.0,0.845,,0.0,0.0,0.0,0.0
2026-08-03T05:00:00-03:00,0.0,0.824,,0.0,0.0,0.0,0.0
2026-08-03T06:00:00-03:00,0.004,0.842,,0.0,0.013,0.002,0.0
2026-08-03T07:00:00-03:00,0.0,0.744,,0.0,0.0,0.0,0.0
2026-08-03T08:00:00-03:00,0.011,0.786,,0.002,0.009,0.017,0.0
2026-08-03T09:00:00-03:00,0.001,0.824,,0.0,0.0,0.001,0.0
2026-08-03T10:00:00-03:00,0.0,0.82,,0.0,0.0,0.0,0.0
2026-08-03T11:00:00-03:00,0.0,0.811,,0.0,0.0,0.0,0.0
2026-08-03T12:00:00-03:00,0.003,0.779,,0.0,0.0,0.007,0.0
2026-08-03T13:00:00-03:00,0.001,0.733,,0.0,0.0,0.0,0.0
2026-08-03T14:00:00-03:00,0.005,0.773,,0.0,0.013,0.002,0.0
2026-08-03T15:00:00-03:00,0.001,0.723,,0.002,0.0,0.0,0.0
2026-08-03T16:00:00-03:00,0.0,0.702,,0.0,0.0,0.0,0.0
2026-08-03T17:00:00-03:00,0.116,0.7,,0.0,0.478,0.001,0.0
2026-08-03T18:00:00-03:00,0.092,0.695,,0.0,0.382,0.0,0.0
2026-08-03T19:00:00-03:00,0.02,0.768,,0.0,0.074,0.0,0.0
2026-08-03T20:00:00-03:00,0.05,0.71,,0.0,0.0,0.116,0.036
2026-08-03T21:00:00-03:00,0.018,0.782,,0.0,0.01,0.037,0.012
2026-08-03T22:00:00-03:00,0.015,0.785,,0.002,0.0,0.036,0.012
2026-08-03T23:00:00-03:00,0.012,0.772,,0.0,0.041,0.001,0.0
2026-08-04T00:00:00-03:00,0.002,0.768,,0.0,0.006,0.0,0.0
2026-08-04T01:00:00-03:00,,0.365,,,,,0.0
2026-08-04T02:00:00-03:00,0.001,0.956,0.004,0.002,0.0,0.0,0.0
2026-08-04T03:00:00-03:00,0.001,0.96,0.007,0.0,0.0,0.001,0.0
2026-08-04T04:00:00-03:00,0.0,0.979,0.0,0.0,0.0,0.0,0.0
2026-08-04T05:00:00-03:00,0.006,0.963,0.0,0.0,0.026,0.0,0.0
2026-08-04T06:00:00-03:00,0.0,0.963,0.0,0.0,0.0,0.0,0.0
2026-08-04T07:00:00-03:00,0.051,0.957,0.021,0.014,0.0,0.042,0.304
2026-08-04T08:00:00-03:00,0.052,0.914,0.013,0.167,0.029,0.028,0.061
2026-08-04T09:00:00-03:00,0.031,0.872,0.005,0.068,0.088,0.0,0.0
2026-08-04T10:00:00-03:00,0.033,0.976,0.0,0.0,0.074,0.026,0.045
2026-08-04T11:00:00-03:00,0.009,0.883,0.007,0.0,0.033,0.001,0.0
2026-08-04T12:00:00-03:00,0.027,0.889,0.004,0.06,0.009,0.032,0.01
2026-08-04T13:00:00-03:00,0.001,0.885,0.004,0.002,0.0,0.0,0.0
2026-08-04T14:00:00-03:00,0.008,0.91,0.012,0.002,0.018,0.006,0.0
2026-08-04T15:00:00-03:00,0.001,0.911,0.004,0.002,0.0,0.0,0.0
2026-08-04T16:00:00-03:00,0.001,0.896,0.005,0.002,0.0,0.0,0.0
2026-08-04T17:00:00-03:00,0.001,0.891,0.005,0.002,0.0,0.0,0.0
2026-08-04T18:00:00-03:00,0.002,0.89,0.013,0.002,0.0,0.001,0.0
2026-08-04T19:00:00-03:00,0.0,0.909,0.0,0.0,0.0,0.0,0.0
2026-08-04T20:00:00-03:00,0.0,0.896,0.0,0.0,0.0,0.0,0.0
2026-08-04T21:00:00-03:00,0.001,0.913,0.008,0.0,0.0,0.001,0.0
2026-08-04T22:00:00-03:00,0.001,0.927,0.005,0.002,0.0,0.0,0.0
2026-08-04T23:00:00-03:00,0.003,0.945,0.0,0.0,0.01,0.001,0.0
2026-08-05T00:00:00-03:00,0.004,0.951,0.01,0.0,0.01,0.001,0.0
2026-08-05T01:00:00-03:00,,0.369,,,,,0.0
2026-08-05T02:00:00-03:00,0.0,0.983,0.0,0.0,0.0,0.0,0.0
2026-08-05T03:00:00-03:00,0.003,0.977,0.013,0.011,0.0,0.0,0.0
2026-08-05T04:00:00-03:00,0.019,0.97,0.115,0.001,0.033,0.007,0.0
2026-08-05T05:00:00-03:00,0.022,0.979,0.108,0.023,0.0,0.025,0.0
2026-08-05T06:00:00-03:00,0.006,0.918,0.043,0.0,0.0,0.007,0.0
2026-08-05T07:00:00-03:00,0.004,0.957,0.002,0.003,0.0,0.008,0.0
2026-08-05T08:00:00-03:00,0.107,0.968,0.008,0.34,0.202,0.01,0.0
2026-08-05T09:00:00-03:00,0.215,0.965,0.042,0.012,0.839,0.016,0.0
2026-08-05T10:00:00-03:00,0.271,0.954,0.186,0.075,0.803,0.114,0.0
2026-08-05T11:00:00-03:00,0.115,0.955,0.155,0.009,0.211,0.121,0.0
2026-08-05T12:00:00-03:00,0.084,0.951,0.04,0.033,0.149,0.074,0.091
2026-08-05T13:00:00-03:00,0.049,0.894,0.0,0.0,0.037,0.089,0.062
2026-08-05T14:00:00-03:00,0.007,0.884,0.006,0.0,0.0,0.017,0.0
2026-08-05T15:00:00-03:00,0.009,0.983,0.0,0.03,0.0,0.011,0.0
2026-08-05T16:00:00-03:00,0.03,0.981,0.007,0.155,0.0,0.011,0.0
2026-08-05T17:00:00-03:00,0.014,0.962,0.052,0.04,0.013,0.001,0.0
2026-08-05T18:00:00-03:00,0.025,0.98,0.138,0.012,0.035,0.01,0.0
2026-08-05T19:00:00-03:00,0.004,0.947,0.005,0.002,0.01,0.001,0.0
2026-08-05T20:00:00-03:00,0.003,0.951,0.0,0.0,0.01,0.001,0.0
2026-08-05T21:00:00-03:00,0.0,0.939,0.0,0.0,0.0,0.0,0.0
2026-08-05T22:00:00-03:00,0.005,0.977,0.008,0.0,0.016,0.002,0.0
2026-08-05T23:00:00-03:00,0.005,0.912,0.0,0.0,0.01,0.006,0.0
2026-08-06T00:00:00-03:00,0.0,0.956,0.0,0.003,0.0,0.0,0.0
2026-08-06T01:00:00-03:00,,0.378,,,,,0.0
2026-08-06T02:00:00-03:00,0.013,0.983,0.011,0.002,0.0,0.025,0.01
2026-08-06T03:00:00-03:00,0.006,0.983,0.026,0.0,0.01,0.004,0.0
2026-08-06T04:00:00-03:00,0.017,0.972,0.0,0.015,0.0,0.033,0.0
2026-08-06T05:00:00-03:00,0.008,0.99,0.029,0.002,0.01,0.008,0.0
2026-08-06T06:00:00-03:00,0.001,0.962,0.008,0.0,0.0,0.001,0.0
2026-08-06T07:00:00-03:00,0.011,0.986,0.004,0.002,0.01,0.015,0.016
2026-08-06T08:00:00-03:00,0.0,0.948,0.0,0.0,0.0,0.0,0.0
2026-08-06T09:00:00-03:00,0.003,0.96,0.004,0.002,0.01,0.001,0.0
2026-08-06T10:00:00-03:00,0.0,0.946,0.0,0.0,0.0,0.0,0.0
2026-08-06T11:00:00-03:00,0.001,0.943,0.007,0.003,0.0,0.001,0.0
2026-08-06T12:00:00-03:00,0.345,0.914,0.0,1.576,0.335,0.003,0.0
2026-08-06T13:00:00-03:00,0.875,0.911,1.392,2.37,1.15,0.283,0.0
2026-08-06T14:00:00-03:00,0.557,0.876,1.425,0.22,1.371,0.205,0.0
2026-08-06T15:00:00-03:00,0.187,0.882,0.065,0.169,0.154,0.25,0.144
2026-08-06T16:00:00-03:00,0.096,0.904,0.303,0.003,0.07,0.133,0.045
2026-08-06T17:00:00-03:00,0.094,0.896,0.004,0.012,0.032,0.164,0.19
2026-08-06T18:00:00-03:00,0.091,0.902,0.0,0.08,0.0,0.065,0.534
2026-08-06T19:00:00-03:00,0.139,0.935,0.209,0.615,0.067,0.001,0.0
2026-08-06T20:00:00-03:00,1.016,0.935,1.397,0.577,3.153,0.049,0.0
2026-08-06T21:00:00-03:00,0.308,0.891,1.086,0.677,0.135,0.188,0.055
2026-08-06T22:00:00-03:00,3.549,0.884,8.721,6.322,2.485,2.189,2.095
2026-08-06T23:00:00-03:00,6.935,0.934,2.49,5.523,7.279,6.638,13.393
2026-08-07T00:00:00-03:00,3.148,0.97,0.249,1.156,3.097,3.953,5.337
2026-08-07T01:00:00-03:00,0.752,0.632,,,0.449,0.782,1.737
2026-08-07T02:00:00-03:00,0.196,0.934,0.349,0.178,0.012,0.311,0.059
2026-08-07T03:00:00-03:00,0.168,0.895,,0.119,0.127,0.238,0.095
2026-08-07T04:00:00-03:00,0.099,0.932,0.011,0.02,0.075,0.124,0.251
2026-08-07T05:00:00-03:00,0.058,0.917,0.007,0.016,0.0,0.116,0.039
2026-08-07T06:00:00-03:00,0.054,0.986,0.004,0.002,0.01,0.109,0.039
2026-08-07T07:00:00-03:00,0.037,0.99,0.007,0.0,0.006,0.075,0.03
2026-08-07T08:00:00-03:00,0.037,0.95,0.004,0.002,0.0,0.08,0.03
2026-08-07T09:00:00-03:00,0.036,0.946,0.0,0.0,0.0,0.08,0.03
2026-08-07T10:00:00-03:00,0.038,0.934,0.01,0.0,0.0,0.082,0.03
2026-08-07T11:00:00-03:00,0.041,0.925,0.005,0.002,0.01,0.083,0.03
2026-08-07T12:00:00-03:00,0.038,0.907,0.0,0.0,0.0,0.087,0.03
2026-08-07T13:00:00-03:00,0.032,0.89,0.0,0.0,0.0,0.064,0.065
2026-08-07T14:00:00-03:00,0.027,0.886,0.008,0.0,0.0,0.06,0.02
2026-08-07T15:00:00-03:00,0.026,0.917,0.005,0.002,0.0,0.056,0.02
2026-08-07T16:00:00-03:00,0.025,0.921,0.004,0.002,0.01,0.049,0.017
2026-08-07T17:00:00-03:00,0.014,0.934,0.013,0.002,0.0,0.028,0.01
2026-08-07T18:00:00-03:00,0.001,0.779,0.004,0.002,0.0,0.0,0.0
2026-08-07T19:00:00-03:00,0.001,0.861,0.003,0.001,0.0,0.0,0.0
2026-08-07T20:00:00-03:00,0.0,0.886,0.0,0.0,0.0,0.0,0.0
2026-08-07T21:00:00-03:00,0.004,0.878,0.005,0.002,0.01,0.001,0.0
2026-08-07T22:00:00-03:00,0.001,0.869,0.008,0.0,0.0,0.001,0.0
2026-08-07T23:00:00-03:00,0.0,0.893,0.0,0.0,0.0,0.0,0.0
2026-08-08T00:00:00-03:00,0.013,0.94,0.005,0.002,0.0,0.027,0.01
2026-08-08T01:00:00-03:00,,0.368,,,,,0.0
2026-08-08T02:00:00-03:00,0.001,0.99,0.009,0.0,0.0,0.0,0.0
2026-08-08T03:00:00-03:00,0.015,0.978,0.007,0.0,0.0,0.025,0.036
2026-08-08T04:00:00-03:00,0.024,0.98,0.004,0.021,0.018,0.033,0.016
2026-08-08T05:00:00-03:00,0.015,0.964,0.004,0.012,0.002,0.026,0.01
2026-08-08T06:00:00-03:00,0.007,0.966,0.0,0.0,0.031,0.0,0.0
2026-08-08T07:00:00-03:00,0.001,0.874,0.004,0.002,0.0,0.0,0.0
2026-08-08T08:00:00-03:00,0.0,0.843,0.0,,0.0,0.0,0.0
2026-08-08T09:00:00-03:00,0.003,0.825,0.008,,0.0,0.004,0.0
2026-08-08T10:00:00-03:00,0.003,0.788,0.0,,0.012,0.001,0.0
2026-08-08T11:00:00-03:00,0.009,0.78,0.0,0.063,0.002,0.0,0.0
2026-08-08T12:00:00-03:00,0.35,0.788,0.0,0.103,1.159,0.03,0.0
2026-08-08T13:00:00-03:00,0.585,0.849,0.015,0.386,1.484,0.29,0.0
2026-08-08T14:00:00-03:00,0.332,0.877,0.063,0.215,0.217,0.532,0.244
2026-08-08T15:00:00-03:00,0.608,0.924,0.288,0.168,0.344,0.955,0.644
2026-08-08T16:00:00-03:00,0.23,0.918,,0.048,0.17,0.319,0.321
2026-08-08T17:00:00-03:00,0.154,0.983,0.026,0.024,0.001,0.291,0.228
2026-08-08T18:00:00-03:00,0.049,0.931,0.014,0.0,0.0,0.102,0.065
2026-08-08T19:00:00-03:00,0.024,0.978,0.004,0.002,0.0,0.051,0.02
2026-08-08T20:00:00-03:00,0.028,0.988,0.021,0.004,0.01,0.05,0.02
2026-08-08T21:00:00-03:00,0.012,0.988,0.004,0.002,0.0,0.025,0.01
2026-08-08T22:00:00-03:00,0.014,0.95,0.011,0.002,0.0,0.026,0.01
2026-08-08T23:00:00-03:00,0.013,0.944,0.004,0.002,0.0,0.026,0.01
2026-08-09T00:00:00-03:00,0.021,0.966,0.0,0.0,0.0,0.045,0.01
2026-08-09T01:00:00-03:00,,0.381,,,,,0.0
2026-08-09T02:00:00-03:00,0.023,0.993,0.004,0.002,0.01,0.037,0.046
2026-08-09T03:00:00-03:00,0.013,0.983,0.004,0.017,0.0,0.014,0.045
2026-08-09T04:00:00-03:00,0.013,0.948,0.029,0.005,0.037,0.003,0.0
2026-08-09T05:00:00-03:00,0.012,0.868,,0.039,0.005,0.005,0.0
2026-08-09T06:00:00-03:00,0.053,0.845,,0.042,0.065,0.06,0.026
2026-08-09T07:00:00-03:00,0.001,0.866,,0.0,0.0,0.003,0.0
2026-08-09T08:00:00-03:00,0.012,0.801,,,0.007,0.01,0.0
2026-08-09T09:00:00-03:00,0.017,0.721,,,0.016,0.027,0.0
2026-08-09T10:00:00-03:00,0.0,0.697,,,0.0,0.0,0.0
2026-08-09T11:00:00-03:00,0.001,0.67,,,0.0,0.0,0.0
2026-08-09T12:00:00-03:00,0.001,0.644,,,0.0,0.001,0.0
2026-08-09T13:00:00-03:00,,0.473,,,0.0,,0.0
2026-08-09T14:00:00-03:00,,0.59,,,0.015,,0.0
2026-08-09T15:00:00-03:00,,0.572,,,,,0.0
2026-08-09T16:00:00-03:00,,0.597,,,,0.0,0.0
2026-08-09T17:00:00-03:00,0.001,0.616,,,,0.001,0.0
2026-08-09T18:00:00-03:00,,0.592,,,,0.0,0.0
2026-08-09T19:00:00-03:00,,0.589,,,,0.0,0.0
2026-08-09T20:00:00-03:00,0.0,0.612,,,,0.0,0.0
2026-08-09T21:00:00-03:00,0.0,0.609,,,,0.0,0.0
2026-08-09T22:00:00-03:00,0.0,0.609,,,,0.0,0.0
2026-08-09T23:00:00-03:00,,0.583,,,,0.019,0.0
2026-08-10T00:00:00-03:00,,0.548,,,,,0.0
2026-08-10T01:00:00-03:00,,0.368,,,,,0.0
2026-08-10T02:00:00-03:00,0.0,0.929,0.0,0.0,0.0,0.0,0.0
2026-08-10T03:00:00-03:00,0.001,0.891,0.004,0.002,0.0,0.0,0.0
2026-08-10T04:00:00-03:00,0.001,0.845,0.004,0.002,0.0,0.0,0.0
2026-08-10T05:00:00-03:00,0.001,0.813,0.005,0.002,0.0,0.0,0.0
2026-08-10T06:00:00-03:00,0.001,0.811,0.005,0.002,0.0,0.0,0.0
2026-08-10T07:00:00-03:00,0.001,0.781,0.005,0.002,0.0,0.0,0.0
2026-08-10T08:00:00-03:00,0.002,0.757,0.01,0.004,0.0,,0.0
2026-08-10T09:00:00-03:00,0.003,0.757,0.024,0.002,0.0,,0.0
2026-08-10T10:00:00-03:00,0.001,0.759,0.009,0.0,0.0,,0.0
2026-08-10T11:00:00-03:00,0.002,0.755,0.01,0.004,0.0,,0.0
2026-08-10T12:00:00-03:00,0.002,0.624,0.01,,0.0,,0.0
2026-08-10T13:00:00-03:00,,0.447,,,,,0.0
2026-08-10T14:00:00-03:00,,0.399,,,,,0.0
2026-08-10T15:00:00-03:00,,0.396,,,,,0.0
2026-08-10T16:00:00-03:00,,0.426,,,,,0.0
2026-08-10T17:00:00-03:00,,0.424,,,,,0.0
2026-08-10T18:00:00-03:00,,0.427,,,,,0.0
2026-08-10T19:00:00-03:00,,0.427,,,,,0.0
2026-08-10T20:00:00-03:00,,0.431,,,,,0.0
2026-08-10T21:00:00-03:00,,0.427,,,,,0.0
2026-08-10T22:00:00-03:00,,0.427,,,,,0.0
2026-08-10T23:00:00-03:00,,0.385,,,,,0.0
2026-08-11T00:00:00-03:00,,0.399,,,,,0.0
2026-08-11T01:00:00-03:00,,0.368,,,,,0.0
2026-08-11T02:00:00-03:00,0.002,0.771,,,0.0,0.0,0.0
2026-08-11T03:00:00-03:00,0.002,0.658,,,0.0,0.0,0.0
2026-08-11T04:00:00-03:00,,0.513,,,,,0.0
2026-08-11T05:00:00-03:00,,0.509,,,,,0.0
2026-08-11T06:00:00-03:00,,0.509,,,,,0.0
2026-08-11T07:00:00-03:00,,0.509,,,,,0.0
2026-08-11T08:00:00-03:00,,0.49,,,,,0.0
2026-08-11T09:00:00-03:00,,0.512,,,,,0.0
2026-08-11T10:00:00-03:00,,0.522,,,,,0.0
2026-08-11T11:00:00-03:00,,0.505,,,,,0.0
2026-08-11T12:00:00-03:00,,0.502,,,,,0.0
2026-08-11T13:00:00-03:00,,0.503,,,0.242,,0.0
2026-08-11T14:00:00-03:00,0.372,0.62,,0.871,0.535,,0.0
2026-08-11T15:00:00-03:00,0.346,0.659,,0.527,0.759,,0.0
2026-08-11T16:00:00-03:00,0.292,0.668,,0.044,0.74,0.157,0.0
2026-08-11T17:00:00-03:00,0.21,0.724,,0.019,0.163,,0.0
2026-08-11T18:00:00-03:00,0.058,0.683,,0.169,0.002,,0.0
2026-08-11T19:00:00-03:00,0.16,0.792,0.412,0.426,0.097,0.028,0.0
2026-08-11T20:00:00-03:00,0.61,0.838,1.479,0.519,0.788,0.489,0.0
2026-08-11T21:00:00-03:00,0.603,0.865,,0.309,0.515,0.901,0.06
2026-08-11T22:00:00-03:00,0.798,0.963,0.03,0.184,0.469,1.383,0.546
2026-08-11T23:00:00-03:00,0.907,0.971,0.194,0.311,0.352,1.417,1.644
2026-08-12T00:00:00-03:00,0.696,0.931,0.201,0.136,0.455,0.982,1.635
2026-08-12T01:00:00-03:00,0.49,0.856,0.27,0.954,0.386,0.446,0.209
2026-08-12T02:00:00-03:00,0.431,1.0,0.294,0.476,0.672,0.362,0.189
2026-08-12T03:00:00-03:00,0.431,0.996,0.394,0.529,0.471,0.442,0.143
2026-08-12T04:00:00-03:00,0.543,0.935,0.836,1.005,0.537,0.372,0.195
2026-08-12T05:00:00-03:00,1.823,0.839,3.074,4.182,1.436,0.947,
2026-08-12T06:00:00-03:00,2.298,0.843,3.242,2.63,2.171,2.156,
2026-08-12T07:00:00-03:00,2.525,0.843,4.181,3.509,2.217,2.017,
2026-08-12T08:00:00-03:00,2.53,0.824,4.46,2.976,2.649,1.951,
2026-08-12T09:00:00-03:00,2.851,0.843,4.416,3.665,3.043,2.141,
2026-08-12T10:00:00-03:00,3.954,0.829,5.204,6.141,4.769,2.653,
2026-08-12T11:00:00-03:00,4.048,0.985,3.369,4.884,5.929,3.409,1.62
2026-08-12T12:00:00-03:00,3.623,1.0,2.654,3.872,5.149,3.324,1.602
2026-08-12T13:00:00-03:00,3.488,0.963,3.371,5.245,4.014,2.934,1.701
2026-08-12T14:00:00-03:00,2.953,0.967,2.576,3.772,2.793,3.092,1.642
2026-08-12T15:00:00-03:00,1.715,0.839,0.943,,1.067,2.5,1.636
2026-08-12T16:00:00-03:00,1.052,0.919,1.106,0.015,0.0,1.79,1.22
2026-08-12T17:00:00-03:00,0.602,0.88,0.038,0.013,0.003,1.231,0.892
2026-08-12T18:00:00-03:00,0.226,0.936,0.025,0.011,0.0,0.483,0.205
2026-08-12T19:00:00-03:00,0.11,1.0,0.021,0.011,0.01,0.227,0.079
2026-08-12T20:00:00-03:00,0.084,0.975,0.035,0.013,0.0,0.168,0.059
2026-08-12T21:00:00-03:00,0.05,0.973,0.038,0.015,0.0,0.096,0.03
2026-08-12T22:00:00-03:00,0.066,0.972,0.049,0.021,0.0,0.052,0.381
2026-08-12T23:00:00-03:00,0.387,0.966,3.671,0.047,0.08,0.1,0.103
2026-08-13T00:00:00-03:00,0.757,0.975,3.672,0.082,0.018,0.852,0.452
2026-08-13T01:00:00-03:00,0.626,0.743,2.322,0.481,,0.529,0.308
2026-08-13T02:00:00-03:00,0.759,0.95,0.141,0.13,0.526,1.218,0.812
2026-08-13T03:00:00-03:00,1.419,0.916,6.557,0.924,0.335,1.213,0.243
2026-08-13T04:00:00-03:00,0.984,0.924,1.875,0.094,0.006,1.411,1.755
2026-08-13T05:00:00-03:00,1.15,0.897,0.936,0.293,1.121,1.65,0.646
2026-08-13T06:00:00-03:00,1.173,0.88,2.999,2.504,0.184,1.222,0.413
2026-08-13T07:00:00-03:00,2.066,0.87,0.701,0.595,2.251,3.165,0.25
2026-08-13T08:00:00-03:00,1.847,0.922,2.619,3.526,0.157,2.263,0.391
2026-08-13T09:00:00-03:00,3.831,0.897,3.582,6.726,4.127,2.879,1.963
2026-08-13T10:00:00-03:00,2.989,0.884,3.428,0.027,1.64,4.596,3.597
2026-08-13T11:00:00-03:00,1.012,0.852,0.066,0.019,0.0,1.612,3.331
2026-08-13T12:00:00-03:00,0.315,0.899,0.034,0.017,0.006,0.71,0.228
2026-08-13T13:00:00-03:00,0.16,0.877,0.028,0.015,0.0,0.363,0.16
2026-08-13T14:00:00-03:00,0.188,0.847,0.02,0.006,0.007,0.442,0.178
2026-08-13T15:00:00-03:00,0.146,0.903,0.028,0.035,0.0,0.312,0.127
2026-08-13T16:00:00-03:00,0.109,0.907,0.022,0.013,0.024,0.204,0.19
2026-08-13T17:00:00-03:00,0.078,0.959,0.027,0.015,0.0,0.161,0.055
2026-08-13T18:00:00-03:00,0.06,0.963,0.032,0.015,0.018,0.114,0.02
2026-08-13T19:00:00-03:00,0.013,0.905,0.024,0.041,0.002,0.009,0.0
2026-08-13T20:00:00-03:00,0.028,0.929,0.069,0.016,0.002,0.043,0.0
2026-08-13T21:00:00-03:00,0.055,0.952,0.068,0.061,0.043,0.068,0.01
2026-08-13T22:00:00-03:00,0.034,0.905,0.106,0.04,0.016,0.034,0.0
2026-08-13T23:00:00-03:00,0.025,0.934,0.105,0.031,0.012,0.021,0.0
2026-08-14T00:00:00-03:00,0.028,0.811,0.041,0.017,0.045,0.03,0.0
2026-08-14T01:00:00-03:00,,0.471,,,,,0.0
2026-08-14T02:00:00-03:00,0.026,0.954,0.034,0.044,0.0,0.038,0.0
2026-08-14T03:00:00-03:00,0.029,0.941,0.021,0.049,0.011,0.037,0.0
2026-08-14T04:00:00-03:00,0.019,0.94,0.015,0.007,0.0,0.038,0.0
2026-08-14T05:00:00-03:00,0.013,0.976,0.02,0.009,0.0,0.023,0.0
2026-08-14T06:00:00-03:00,0.011,0.967,0.009,0.021,0.002,0.015,0.0
2026-08-14T07:00:00-03:00,0.026,0.929,0.037,0.021,0.002,0.045,0.0
2026-08-14T08:00:00-03:00,0.013,0.946,0.012,0.008,0.0,0.026,0.0
2026-08-14T09:00:00-03:00,0.022,0.991,0.011,0.006,0.0,0.027,0.093
2026-08-14T10:00:00-03:00,0.011,0.974,0.012,0.006,0.0,0.001,0.093
2026-08-14T11:00:00-03:00,0.011,0.952,0.008,0.004,0.0,0.024,0.0
2026-08-14T12:00:00-03:00,0.004,0.958,0.018,0.006,0.0,0.004,0.0
2026-08-14T13:00:00-03:00,0.006,0.937,0.008,0.004,0.0,0.012,0.0
2026-08-14T14:00:00-03:00,0.008,0.917,0.024,0.004,0.0,0.012,0.0
2026-08-14T15:00:00-03:00,0.002,0.919,0.004,0.002,0.0,0.004,0.0
2026-08-14T16:00:00-03:00,0.006,0.942,0.011,0.002,0.0,0.012,0.0
2026-08-14T17:00:00-03:00,0.006,0.954,0.006,0.005,0.0,0.011,0.0
2026-08-14T18:00:00-03:00,0.012,0.935,0.01,0.007,0.0,0.025,0.0
2026-08-14T19:00:00-03:00,0.021,0.935,0.0,0.0,0.0,0.05,0.0
2026-08-14T20:00:00-03:00,0.022,0.933,0.007,0.0,0.0,0.049,0.0
2026-08-14T21:00:00-03:00,0.075,0.947,0.006,0.258,0.069,0.035,0.0
2026-08-14T22:00:00-03:00,0.224,0.93,0.006,0.375,0.434,0.121,0.0
2026-08-14T23:00:00-03:00,0.326,0.872,0.045,0.037,0.693,0.334,0.16
2026-08-15T00:00:00-03:00,0.268,0.955,0.008,0.048,0.442,0.29,0.351
2026-08-15T01:00:00-03:00,,0.441,,,,,0.066
2026-08-15T02:00:00-03:00,0.014,0.852,0.004,0.034,0.0,0.014,0.016
2026-08-15T03:00:00-03:00,0.018,0.892,0.0,0.032,0.034,0.012,0.0
2026-08-15T04:00:00-03:00,0.037,0.955,0.0,0.077,0.091,0.012,0.0
2026-08-15T05:00:00-03:00,0.014,0.885,0.024,0.0,0.0,0.015,0.045
2026-08-15T06:00:00-03:00,0.029,0.96,0.0,0.016,0.097,0.012,0.0
2026-08-15T07:00:00-03:00,0.012,0.947,0.0,0.003,0.026,0.013,0.0
2026-08-15T08:00:00-03:00,0.031,0.96,0.012,0.0,0.023,0.056,0.0
2026-08-15T09:00:00-03:00,0.01,0.962,0.021,0.0,0.026,0.006,0.0
2026-08-15T10:00:00-03:00,0.004,0.97,0.012,0.0,0.0,0.008,0.0
2026-08-15T11:00:00-03:00,0.0,0.969,0.0,0.0,0.0,0.0,0.0
2026-08-15T12:00:00-03:00,0.003,0.961,0.017,0.0,0.0,0.003,0.0
2026-08-15T13:00:00-03:00,0.007,0.908,0.0,0.018,0.012,0.004,0.0
2026-08-15T14:00:00-03:00,0.012,0.766,0.008,,,0.012,0.036
2026-08-15T15:00:00-03:00,0.008,0.781,0.0,,0.0,0.004,0.0
2026-08-15T16:00:00-03:00,0.002,0.769,0.0,,0.0,0.004,0.0
2026-08-15T17:00:00-03:00,0.002,0.754,0.0,,0.0,0.004,0.0
2026-08-15T18:00:00-03:00,0.003,0.727,0.009,,0.0,0.003,0.0
2026-08-15T19:00:00-03:00,0.008,0.641,,,,0.016,0.0
2026-08-15T20:00:00-03:00,0.008,0.601,,,,0.006,0.0
2026-08-15T21:00:00-03:00,,0.553,,,,0.005,0.0
2026-08-15T22:00:00-03:00,,0.462,,,,,0.0
2026-08-15T23:00:00-03:00,,0.481,,,,,0.0
2026-08-16T00:00:00-03:00,,0.5,,,,,0.0
2026-08-16T01:00:00-03:00,,0.397,,,,,0.0
2026-08-16T02:00:00-03:00,,0.473,,,,,0.0
2026-08-16T03:00:00-03:00,,0.533,,,,,0.162
2026-08-16T04:00:00-03:00,,0.475,,,,,0.0
2026-08-16T05:00:00-03:00,,0.466,,,,,0.0
2026-08-16T06:00:00-03:00,,0.462,,,,,0.0
2026-08-16T07:00:00-03:00,,0.463,,,,,0.0
2026-08-16T08:00:00-03:00,,0.47,,,,,0.0
2026-08-16T09:00:00-03:00,,0.459,,,,,0.0
2026-08-16T10:00:00-03:00,,0.466,,,,,0.0
2026-08-16T11:00:00-03:00,,0.463,,,,,0.0
2026-08-16T12:00:00-03:00,,0.452,,,,,0.0
2026-08-16T13:00:00-03:00,,0.428,,,,,0.0
2026-08-16T14:00:00-03:00,,0.422,,,,,0.0
2026-08-16T15:00:00-03:00,,0.471,,,,,0.0
2026-08-16T16:00:00-03:00,,0.463,,,,,0.0
2026-08-16T17:00:00-03:00,,0.44,,,,,0.0
2026-08-16T18:00:00-03:00,,0.444,,,,,0.0
2026-08-16T19:00:00-03:00,,0.43,,,,,0.0
2026-08-16T20:00:00-03:00,,0.452,,,,,0.0
2026-08-16T21:00:00-03:00,,0.459,,,,,0.0
2026-08-16T22:00:00-03:00,,0.45,,,,,0.0
2026-08-16T23:00:00-03:00,,0.469,,,,,0.0
2026-08-17T00:00:00-03:00,,0.462,,,,,0.0
2026-08-17T01:00:00-03:00,,0.365,,,,,0.0
2026-08-17T02:00:00-03:00,,0.587,0.009,0.0,,,0.0
2026-08-17T03:00:00-03:00,,0.505,,0.0,,,0.0
2026-08-17T04:00:00-03:00,,0.506,,0.0,,,0.0
2026-08-17T05:00:00-03:00,,0.512,,0.0,,,0.0
2026-08-17T06:00:00-03:00,,0.469,,,,,0.0
2026-08-17T07:00:00-03:00,,0.443,,,,,0.0
2026-08-17T08:00:00-03:00,,0.444,,,,,0.0
2026-08-17T09:00:00-03:00,,0.422,,,,,0.0
2026-08-17T10:00:00-03:00,,0.404,,,,,0.0
2026-08-17T11:00:00-03:00,,0.404,,,,,0.0
2026-08-17T12:00:00-03:00,,0.385,,,,,0.0
2026-08-17T13:00:00-03:00,,0.362,,,,,0.0
2026-08-17T14:00:00-03:00,,0.341,,,,,0.0
2026-08-17T15:00:00-03:00,,0.337,,,,,0.0
2026-08-17T16:00:00-03:00,,0.367,,,,,0.0
2026-08-17T17:00:00-03:00,,0.365,,,,,0.0
2026-08-17T18:00:00-03:00,,0.365,,,,,0.0
2026-08-17T19:00:00-03:00,,0.365,,,,,0.0
2026-08-17T20:00:00-03:00,,0.369,,,,,0.0
2026-08-17T21:00:00-03:00,,0.387,,,,,0.0
2026-08-17T22:00:00-03:00,,0.36,,,,,0.0
2026-08-17T23:00:00-03:00,,0.345,,,,,0.0
2026-08-18T00:00:00-03:00,,0.387,,,,,0.0
2026-08-18T01:00:00-03:00,,0.362,,,,,0.0
2026-08-18T02:00:00-03:00,0.0,0.906,0.0,0.0,0.0,0.0,0.0
2026-08-18T03:00:00-03:00,0.0,0.891,0.0,0.0,0.0,0.0,0.0
2026-08-18T04:00:00-03:00,0.0,0.886,0.0,0.0,0.0,0.0,0.0
2026-08-18T05:00:00-03:00,0.0,0.892,0.0,0.0,0.0,0.0,0.0
2026-08-18T06:00:00-03:00,0.003,0.878,0.0,,0.01,0.001,0.0
2026-08-18T07:00:00-03:00,0.0,0.863,0.0,,0.0,0.0,0.0
2026-08-18T08:00:00-03:00,0.001,0.865,0.008,,0.0,0.001,0.0
2026-08-18T09:00:00-03:00,0.0,0.852,0.0,,0.0,0.0,0.0
2026-08-18T10:00:00-03:00,0.0,0.856,0.0,,0.0,0.0,0.0
2026-08-18T11:00:00-03:00,0.0,0.825,0.0,,0.0,0.0,0.0
2026-08-18T12:00:00-03:00,0.0,0.792,0.0,,0.0,0.0,0.0
2026-08-18T13:00:00-03:00,0.001,0.801,0.008,,0.0,0.001,0.0
2026-08-18T14:00:00-03:00,0.003,0.828,0.0,,0.01,0.001,0.0
2026-08-18T15:00:00-03:00,0.0,0.828,0.0,,0.0,0.0,0.0
2026-08-18T16:00:00-03:00,0.0,0.844,,,0.0,0.0,0.0
2026-08-18T17:00:00-03:00,0.0,0.833,,,0.0,0.0,0.0
2026-08-18T18:00:00-03:00,0.001,0.805,,,0.0,0.001,0.0
2026-08-18T19:00:00-03:00,0.0,0.805,,,0.0,0.0,0.0
2026-08-18T20:00:00-03:00,0.049,0.82,,,0.0,0.0,0.0
2026-08-18T21:00:00-03:00,0.139,0.797,0.244,,0.127,0.021,0.0
2026-08-18T22:00:00-03:00,0.621,0.673,,,,0.045,0.0
2026-08-18T23:00:00-03:00,0.146,0.757,,,0.056,0.275,0.052
2026-08-19T00:00:00-03:00,0.085,0.687,,,0.015,0.077,0.34
2026-08-19T01:00:00-03:00,,0.362,,,,,0.0
2026-08-19T02:00:00-03:00,0.004,0.88,0.0,0.013,0.002,0.005,0.0
2026-08-19T03:00:00-03:00,0.0,0.853,0.0,0.0,0.0,0.0,0.0
2026-08-19T04:00:00-03:00,0.0,0.765,0.0,0.0,0.0,0.0,0.0
2026-08-19T05:00:00-03:00,0.002,0.765,0.0,0.0,0.009,0.0,0.0
2026-08-19T06:00:00-03:00,0.0,0.771,0.0,0.0,0.0,0.0,0.0
2026-08-19T07:00:00-03:00,0.004,0.746,0.024,0.005,,0.0,0.0
2026-08-19T08:00:00-03:00,0.624,0.739,0.0,,,1.156,0.196
2026-08-19T09:00:00-03:00,1.205,0.832,0.0,0.0,0.095,1.686,3.44
2026-08-19T10:00:00-03:00,0.057,0.757,0.01,0.0,0.046,0.04,0.246
2026-08-19T11:00:00-03:00,0.0,0.795,0.0,0.0,0.0,0.0,0.0
2026-08-19T12:00:00-03:00,0.07,0.794,0.0,0.0,0.0,0.134,0.077
2026-08-19T13:00:00-03:00,0.094,0.776,,0.0,0.198,0.101,0.016
2026-08-19T14:00:00-03:00,0.483,0.772,0.014,1.364,,0.357,0.187
2026-08-19T15:00:00-03:00,1.087,0.925,1.363,0.743,2.399,0.563,0.43
2026-08-19T16:00:00-03:00,1.097,0.901,0.214,0.003,0.328,2.163,0.369
2026-08-19T17:00:00-03:00,0.728,0.934,0.121,0.004,0.0,0.306,6.025
2026-08-19T18:00:00-03:00,0.047,0.949,0.008,0.0,0.018,0.075,0.113
2026-08-19T19:00:00-03:00,0.058,0.916,0.005,0.002,0.0,0.124,0.085
2026-08-19T20:00:00-03:00,0.05,0.958,0.015,0.0,0.0,0.104,0.039
2026-08-19T21:00:00-03:00,0.041,0.955,0.001,0.0,0.0,0.089,0.03
2026-08-19T22:00:00-03:00,0.038,0.951,0.014,0.0,0.0,0.081,0.03
2026-08-19T23:00:00-03:00,0.014,0.9,0.001,0.0,0.0,0.03,0.01
2026-08-20T00:00:00-03:00,0.0,0.874,,0.0,0.0,0.0,0.0
2026-08-20T01:00:00-03:00,,0.431,,,,,0.013
2026-08-20T02:00:00-03:00,0.006,0.987,0.001,0.0,0.006,0.011,0.0
2026-08-20T03:00:00-03:00,0.0,0.92,0.0,0.0,0.0,0.0,0.0
2026-08-20T04:00:00-03:00,0.016,0.911,0.001,0.0,0.01,0.033,0.0
2026-08-20T05:00:00-03:00,0.001,0.878,0.016,0.0,0.0,0.0,0.0
2026-08-20T06:00:00-03:00,0.001,0.901,0.001,0.0,0.0,0.003,0.0
2026-08-20T07:00:00-03:00,0.001,0.912,0.008,0.0,0.0,0.001,0.0
2026-08-20T08:00:00-03:00,0.0,0.846,0.0,0.0,0.0,0.0,0.0
2026-08-20T09:00:00-03:00,0.0,0.886,0.004,0.0,0.0,0.0,0.0
2026-08-20T10:00:00-03:00,0.093,0.881,0.012,0.531,0.0,0.003,0.0
2026-08-20T11:00:00-03:00,1.321,0.897,5.064,3.608,0.863,0.02,0.0
2026-08-20T12:00:00-03:00,1.18,0.88,1.796,2.119,0.947,1.045,0.0
2026-08-20T13:00:00-03:00,0.869,0.871,0.877,0.694,1.318,0.868,0.0
2026-08-20T14:00:00-03:00,1.27,0.858,0.164,0.207,1.24,2.259,0.011
2026-08-20T15:00:00-03:00,0.421,0.769,0.003,0.021,0.012,0.954,0.443
2026-08-20T16:00:00-03:00,0.195,0.825,0.0,0.016,0.178,0.281,0.433
2026-08-20T17:00:00-03:00,0.483,0.848,0.001,0.0,0.841,0.697,0.049
2026-08-20T18:00:00-03:00,0.644,0.917,0.0,0.0,0.049,1.116,2.213
2026-08-20T19:00:00-03:00,0.937,0.949,0.023,0.0,0.031,1.597,3.179
2026-08-20T20:00:00-03:00,0.059,0.952,0.007,0.033,0.0,0.119,0.043
2026-08-20T21:00:00-03:00,0.112,0.913,0.039,0.377,0.04,0.082,0.032
2026-08-20T22:00:00-03:00,0.13,0.918,0.011,0.078,0.167,0.174,0.032
2026-08-20T23:00:00-03:00,0.182,0.88,0.073,0.048,0.138,0.303,0.03
2026-08-21T00:00:00-03:00,0.432,0.849,0.013,0.0,0.031,0.205,3.339
2026-08-21T01:00:00-03:00,,0.451,,,,,2.221
2026-08-21T02:00:00-03:00,0.054,0.935,0.075,0.0,0.034,0.074,0.081
2026-08-21T03:00:00-03:00,0.055,0.912,0.163,0.0,0.0,0.094,0.021
2026-08-21T04:00:00-03:00,0.088,0.972,0.432,0.041,0.003,0.1,0.01
2026-08-21T05:00:00-03:00,0.141,0.957,0.306,0.128,0.085,0.169,0.02
2026-08-21T06:00:00-03:00,0.141,0.957,0.182,0.033,0.02,0.187,0.361
2026-08-21T07:00:00-03:00,0.125,0.929,0.083,0.06,0.01,0.212,0.164
2026-08-21T08:00:00-03:00,0.087,0.908,0.013,0.095,0.012,0.154,0.031
2026-08-21T09:00:00-03:00,0.044,0.927,0.0,0.043,0.044,0.042,0.091
2026-08-21T10:00:00-03:00,0.023,0.973,0.0,0.0,0.0,0.047,0.026
2026-08-21T11:00:00-03:00,0.018,0.917,0.001,0.0,0.0,0.042,0.011
2026-08-21T12:00:00-03:00,0.021,0.891,0.007,0.0,0.029,0.033,0.01
2026-08-21T13:00:00-03:00,0.0,0.88,0.0,0.0,0.0,0.0,0.0
2026-08-21T14:00:00-03:00,0.001,0.892,0.001,0.0,0.0,0.003,0.0
2026-08-21T15:00:00-03:00,0.006,0.892,0.0,0.015,0.011,0.001,0.0
2026-08-21T16:00:00-03:00,0.0,0.92,0.0,0.0,0.0,0.0,0.0
2026-08-21T17:00:00-03:00,0.002,0.938,0.005,0.002,0.0,0.003,0.0
2026-08-21T18:00:00-03:00,0.0,0.979,0.0,0.0,0.0,0.0,0.0
2026-08-21T19:00:00-03:00,0.0,0.979,0.0,0.0,0.0,0.0,0.0
2026-08-21T20:00:00-03:00,0.0,0.964,0.0,0.0,0.0,0.0,0.0
2026-08-21T21:00:00-03:00,0.002,0.94,0.005,0.002,0.0,0.003,0.0
2026-08-21T22:00:00-03:00,0.0,0.926,0.0,0.0,0.0,0.0,0.0
2026-08-21T23:00:00-03:00,0.001,0.944,0.0,0.0,0.0,0.003,0.0
2026-08-22T00:00:00-03:00,0.002,0.972,0.004,0.002,0.0,0.003,0.0
2026-08-22T01:00:00-03:00,,0.362,,,,,0.0
2026-08-22T02:00:00-03:00,0.002,0.992,0.004,0.002,0.0,0.003,0.0
2026-08-22T03:00:00-03:00,0.0,0.984,0.0,0.0,0.0,0.0,0.0
2026-08-22T04:00:00-03:00,0.004,0.923,0.012,0.015,0.0,0.001,0.0
2026-08-22T05:00:00-03:00,0.004,0.924,0.004,0.002,0.012,0.001,0.0
2026-08-22T06:00:00-03:00,0.001,0.917,0.004,0.002,0.0,0.0,0.0
2026-08-22T07:00:00-03:00,0.004,0.944,0.011,0.022,0.0,0.0,0.0
2026-08-22T08:00:00-03:00,0.004,0.948,0.02,0.01,0.0,0.003,0.0
2026-08-22T09:00:00-03:00,0.003,0.93,0.015,0.008,0.0,0.0,0.0
2026-08-22T10:00:00-03:00,0.001,0.936,0.004,0.002,0.0,0.0,0.0
2026-08-22T11:00:00-03:00,0.001,0.914,0.007,0.004,0.0,0.0,0.0
2026-08-22T12:00:00-03:00,0.001,0.865,0.004,0.002,0.0,0.0,0.0
2026-08-22T13:00:00-03:00,0.003,0.874,0.011,0.002,0.0,0.003,0.0
2026-08-22T14:00:00-03:00,0.001,0.942,0.004,0.002,0.0,0.0,0.0
2026-08-22T15:00:00-03:00,0.001,0.942,0.004,0.002,0.0,0.0,0.0
2026-08-22T16:00:00-03:00,0.001,0.973,0.004,0.002,0.0,0.0,0.0
2026-08-22T17:00:00-03:00,0.001,0.944,0.004,0.002,0.0,0.0,0.0
2026-08-22T18:00:00-03:00,0.002,0.915,0.005,0.002,0.0,0.003,0.0
2026-08-22T19:00:00-03:00,0.001,0.95,0.004,0.002,0.0,0.0,0.0
2026-08-22T20:00:00-03:00,0.001,0.934,0.004,0.002,0.0,0.0,0.0
2026-08-22T21:00:00-03:00,0.002,0.9,0.013,0.003,0.0,0.001,0.0
2026-08-22T22:00:00-03:00,0.004,0.903,0.005,0.002,0.011,0.001,0.0
2026-08-22T23:00:00-03:00,0.001,0.765,0.005,0.002,0.0,0.0,0.0
2026-08-23T00:00:00-03:00,0.001,0.705,0.005,0.002,0.0,0.0,0.0
2026-08-23T01:00:00-03:00,,0.367,,,,,0.0
2026-08-23T02:00:00-03:00,0.0,0.981,0.0,0.0,0.0,0.0,0.0
2026-08-23T03:00:00-03:00,0.0,0.981,0.0,0.0,0.0,0.0,0.0
2026-08-23T04:00:00-03:00,0.001,0.981,0.009,0.003,0.0,0.0,0.0
2026-08-23T05:00:00-03:00,0.0,0.973,0.0,0.0,0.0,0.0,0.0
2026-08-23T06:00:00-03:00,0.0,0.98,0.0,0.0,0.0,0.0,0.0
2026-08-23T07:00:00-03:00,0.001,0.918,0.001,0.0,0.0,0.003,0.0
2026-08-23T08:00:00-03:00,0.009,0.811,0.02,0.0,0.0,0.018,0.0
2026-08-23T09:00:00-03:00,0.041,0.725,0.013,0.0,0.033,0.078,0.0
2026-08-23T10:00:00-03:00,0.002,0.73,0.0,0.0,0.0,0.004,0.0
2026-08-23T11:00:00-03:00,0.002,0.73,0.0,0.0,0.0,0.005,0.0
2026-08-23T12:00:00-03:00,0.006,0.736,0.023,0.004,0.002,0.005,0.0
2026-08-23T13:00:00-03:00,,0.302,,,,,0.0
2026-08-23T14:00:00-03:00,,0.321,,,,,0.0
2026-08-23T15:00:00-03:00,,0.321,,,,,0.0
2026-08-23T16:00:00-03:00,,0.321,,,,,0.0
2026-08-23T17:00:00-03:00,,0.324,,,,,0.0
2026-08-23T18:00:00-03:00,,0.343,,,,,0.0
2026-08-23T19:00:00-03:00,,0.362,,,,,0.0
2026-08-23T20:00:00-03:00,,0.362,,,,,0.0
2026-08-23T21:00:00-03:00,,0.362,,,,,0.0
2026-08-23T22:00:00-03:00,,0.362,,,,,0.0
2026-08-23T23:00:00-03:00,,0.368,,,,,0.0
2026-08-24T00:00:00-03:00,,0.475,,,,,0.0
2026-08-24T01:00:00-03:00,,0.368,,,,,0.0
2026-08-24T02:00:00-03:00,0.0,0.969,0.0,0.0,0.0,0.0,0.0
2026-08-24T03:00:00-03:00,0.001,0.978,0.0,0.0,0.0,0.003,0.0
2026-08-24T04:00:00-03:00,0.001,0.966,0.007,0.0,0.0,0.001,0.0
2026-08-24T05:00:00-03:00,0.0,0.954,0.0,0.0,0.0,0.0,0.0
2026-08-24T06:00:00-03:00,0.0,0.953,0.0,0.0,0.0,0.0,0.0
2026-08-24T07:00:00-03:00,0.0,0.949,0.0,0.0,0.0,0.0,0.0
2026-08-24T08:00:00-03:00,0.0,0.939,0.0,0.0,0.0,0.0,0.0
2026-08-24T09:00:00-03:00,0.013,0.946,0.0,0.0,0.026,0.017,0.0
2026-08-24T10:00:00-03:00,0.003,0.886,0.0,,0.0,0.007,0.0
2026-08-24T11:00:00-03:00,0.008,0.713,,,0.034,0.0,0.0
2026-08-24T12:00:00-03:00,0.0,0.648,,,0.0,0.0,0.0
2026-08-24T13:00:00-03:00,,0.596,,,,0.0,0.0
2026-08-24T14:00:00-03:00,,0.53,,,,,0.0
2026-08-24T15:00:00-03:00,,0.471,,,,,0.0
2026-08-24T16:00:00-03:00,,0.449,,,,,0.0
2026-08-24T17:00:00-03:00,,0.449,,,,,0.0
2026-08-24T18:00:00-03:00,,0.47,,,,,0.0
2026-08-24T19:00:00-03:00,,0.428,,,,,0.0
2026-08-24T20:00:00-03:00,,0.424,,,,,0.0
2026-08-24T21:00:00-03:00,,0.424,,,,,0.0
2026-08-24T22:00:00-03:00,,0.424,,,,,0.0
2026-08-24T23:00:00-03:00,,0.424,,,,,0.0
2026-08-25T00:00:00-03:00,,0.424,,,,,0.0
2026-08-25T01:00:00-03:00,,0.362,,,,,0.0
2026-08-25T02:00:00-03:00,0.0,0.834,0.0,0.0,0.0,0.0,0.0
2026-08-25T03:00:00-03:00,0.0,0.812,0.0,0.0,0.0,0.0,0.0
2026-08-25T04:00:00-03:00,0.0,0.774,,0.0,0.0,0.0,0.0
2026-08-25T05:00:00-03:00,,0.57,,,,,0.0
2026-08-25T06:00:00-03:00,,0.471,,,,,0.0
2026-08-25T07:00:00-03:00,,0.504,,,,,0.0
2026-08-25T08:00:00-03:00,,0.496,,,,,0.0
2026-08-25T09:00:00-03:00,,0.48,,,,,0.0
2026-08-25T10:00:00-03:00,,0.497,,,,,0.0
2026-08-25T11:00:00-03:00,,0.477,,,,,0.0
2026-08-25T12:00:00-03:00,,0.462,,,,,0.0
2026-08-25T13:00:00-03:00,,0.457,,,,,0.0
2026-08-25T14:00:00-03:00,,0.463,,,,,0.0
2026-08-25T15:00:00-03:00,,0.479,,,,,0.0
2026-08-25T16:00:00-03:00,,0.479,,,,,0.0
2026-08-25T17:00:00-03:00,,0.466,,,,,0.0
2026-08-25T18:00:00-03:00,,0.482,,,,,0.0
2026-08-25T19:00:00-03:00,,0.476,,,,,0.0
2026-08-25T20:00:00-03:00,,0.483,,,,,0.0
2026-08-25T21:00:00-03:00,,0.46,,,,,
2026-08-25T22:00:00-03:00,,0.485,,,,,0.0
2026-08-25T23:00:00-03:00,,0.483,,,,,0.0
2026-08-26T00:00:00-03:00,,0.477,,,,,0.0
2026-08-26T01:00:00-03:00,,0.365,,,,,0.0
2026-08-26T02:00:00-03:00,0.0,0.991,0.0,0.0,0.0,0.0,0.0
2026-08-26T03:00:00-03:00,0.003,0.991,0.009,0.0,0.007,0.001,0.0
2026-08-26T04:00:00-03:00,0.0,0.973,0.0,0.0,0.0,0.0,0.0
2026-08-26T05:00:00-03:00,0.0,0.973,0.0,0.0,0.0,0.0,0.0
2026-08-26T06:00:00-03:00,0.001,0.95,0.006,0.0,0.003,0.0,0.0
2026-08-26T07:00:00-03:00,0.004,0.958,0.004,0.011,0.002,0.003,0.0
2026-08-26T08:00:00-03:00,0.012,0.968,0.008,0.011,0.036,0.003,0.0
2026-08-26T09:00:00-03:00,0.0,0.922,0.0,0.0,0.0,0.0,0.0
2026-08-26T10:00:00-03:00,0.0,0.956,0.0,0.0,0.0,0.0,0.0
2026-08-26T11:00:00-03:00,0.0,0.951,0.0,0.0,0.0,0.0,0.0
2026-08-26T12:00:00-03:00,0.001,0.93,0.016,0.0,0.0,0.0,0.0
2026-08-26T13:00:00-03:00,0.0,0.911,0.0,0.0,0.0,0.0,0.0
2026-08-26T14:00:00-03:00,0.003,0.928,0.034,0.0,0.0,0.0,0.0
2026-08-26T15:00:00-03:00,0.0,0.928,0.0,0.0,0.0,0.0,0.0
2026-08-26T16:00:00-03:00,0.001,0.957,0.006,0.0,0.0,0.001,0.0
2026-08-26T17:00:00-03:00,0.0,0.937,0.0,0.0,0.0,0.0,0.0
2026-08-26T18:00:00-03:00,0.0,0.934,0.0,0.0,0.0,0.0,0.0
2026-08-26T19:00:00-03:00,0.0,0.957,0.0,0.0,0.0,0.0,0.0
2026-08-26T20:00:00-03:00,0.003,0.95,0.0,0.0,0.01,0.001,0.0
2026-08-26T21:00:00-03:00,0.003,0.946,0.0,0.0,0.01,0.001,0.0
2026-08-26T22:00:00-03:00,0.0,0.939,0.0,0.0,0.0,0.0,0.0
2026-08-26T23:00:00-03:00,0.0,0.948,0.0,0.0,0.0,0.0,0.0
2026-08-27T00:00:00-03:00,0.0,0.928,0.0,0.0,0.0,0.0,0.0
2026-08-27T01:00:00-03:00,,0.365,,,,,0.0
2026-08-27T02:00:00-03:00,0.0,0.98,0.0,0.0,0.0,0.0,0.0
2026-08-27T03:00:00-03:00,0.0,0.992,0.0,0.0,0.0,0.0,0.0
2026-08-27T04:00:00-03:00,0.0,0.992,0.0,0.0,0.0,0.0,0.0
2026-08-27T05:00:00-03:00,0.0,0.992,0.0,0.0,0.0,0.0,0.0
2026-08-27T06:00:00-03:00,0.0,0.992,0.0,0.0,0.0,0.0,0.0
2026-08-27T07:00:00-03:00,0.0,0.933,0.0,0.0,0.0,0.0,0.0
2026-08-27T08:00:00-03:00,0.003,0.943,0.0,0.0,0.0,0.007,0.0
2026-08-27T09:00:00-03:00,0.0,0.936,0.0,0.0,0.0,0.0,0.0
2026-08-27T10:00:00-03:00,0.001,0.94,0.007,0.0,0.0,0.001,0.0
2026-08-27T11:00:00-03:00,0.0,0.922,0.0,0.0,0.0,0.0,0.0
2026-08-27T12:00:00-03:00,0.0,0.89,0.0,0.0,0.0,0.0,0.0
2026-08-27T13:00:00-03:00,0.0,0.876,0.0,0.0,0.0,0.0,0.0
2026-08-27T14:00:00-03:00,0.0,0.878,0.0,0.0,0.0,0.0,0.0
2026-08-27T15:00:00-03:00,0.0,0.861,0.0,0.0,0.0,0.0,0.0
2026-08-27T16:00:00-03:00,0.0,0.88,0.0,0.0,0.0,0.0,0.0
2026-08-27T17:00:00-03:00,0.0,0.876,0.0,0.0,0.0,0.0,0.0
2026-08-27T18:00:00-03:00,0.0,0.904,0.0,0.0,0.0,0.0,0.0
2026-08-27T19:00:00-03:00,0.001,0.872,0.009,0.0,0.0,0.001,0.0
2026-08-27T20:00:00-03:00,0.001,0.868,0.009,0.0,0.0,0.001,0.0
2026-08-27T21:00:00-03:00,0.003,0.912,0.0,0.0,0.01,0.001,0.0
2026-08-27T22:00:00-03:00,0.0,0.899,0.0,0.0,0.0,0.0,0.0
2026-08-27T23:00:00-03:00,0.0,0.895,0.0,0.0,0.0,0.0,0.0
2026-08-28T00:00:00-03:00,0.0,0.895,0.0,0.0,0.0,0.0,0.0
2026-08-28T01:00:00-03:00,,0.365,,,,,0.0
2026-08-28T02:00:00-03:00,0.0,1.0,0.0,0.0,0.0,0.0,0.0
2026-08-28T03:00:00-03:00,0.0,0.98,0.0,0.0,0.0,0.0,0.0
2026-08-28T04:00:00-03:00,0.0,0.971,0.0,0.0,0.0,0.0,0.0
2026-08-28T05:00:00-03:00,0.0,0.965,0.0,0.0,0.0,0.0,0.0
2026-08-28T06:00:00-03:00,0.001,0.946,0.007,0.0,0.0,0.001,0.0
2026-08-28T07:00:00-03:00,0.001,0.921,0.006,0.0,0.0,0.001,0.0
2026-08-28T08:00:00-03:00,0.0,0.952,0.0,0.0,0.0,0.0,0.0
2026-08-28T09:00:00-03:00,0.0,0.98,0.0,0.0,0.0,0.0,0.0
2026-08-28T10:00:00-03:00,0.095,0.987,0.812,0.0,0.0,0.041,0.093
2026-08-28T11:00:00-03:00,0.403,1.0,2.176,0.006,0.005,0.353,0.68
2026-08-28T12:00:00-03:00,0.635,0.944,1.4,0.001,0.0,0.55,2.996
2026-08-28T13:00:00-03:00,0.372,0.949,0.206,0.002,0.0,0.701,0.75
2026-08-28T14:00:00-03:00,0.07,0.908,0.024,0.0,0.0,0.163,0.049
2026-08-28T15:00:00-03:00,0.143,0.953,0.101,0.17,0.061,0.214,0.03
2026-08-28T16:00:00-03:00,0.739,0.953,3.487,1.49,0.264,0.29,0.02
2026-08-28T17:00:00-03:00,0.218,0.94,0.69,0.064,0.068,0.308,0.045
2026-08-28T18:00:00-03:00,0.465,0.949,1.497,1.673,0.171,0.063,0.0
2026-08-28T19:00:00-03:00,0.768,0.922,1.109,1.104,0.235,0.761,1.008
2026-08-28T20:00:00-03:00,1.491,0.969,0.465,3.793,0.618,1.551,0.408
2026-08-28T21:00:00-03:00,0.357,0.94,0.042,0.019,0.239,0.396,1.334
2026-08-28T22:00:00-03:00,0.089,0.939,0.09,0.026,0.125,0.048,0.332
2026-08-28T23:00:00-03:00,0.099,0.943,0.027,0.016,0.043,0.128,0.289
2026-08-29T00:00:00-03:00,0.489,0.984,0.027,0.0,0.009,0.452,3.116
2026-08-29T01:00:00-03:00,,0.59,,,,0.525,1.529
2026-08-29T02:00:00-03:00,0.325,0.953,0.183,0.101,0.051,0.592,0.436
2026-08-29T03:00:00-03:00,0.365,0.909,0.764,0.071,0.028,0.652,0.114
2026-08-29T04:00:00-03:00,0.574,0.958,1.683,0.586,0.094,0.433,1.256
2026-08-29T05:00:00-03:00,0.335,0.966,0.639,0.227,0.086,0.402,0.598
2026-08-29T06:00:00-03:00,1.231,0.981,0.09,2.783,1.684,0.73,0.675
2026-08-29T07:00:00-03:00,4.063,0.989,1.221,6.993,4.305,3.298,4.462
2026-08-29T08:00:00-03:00,3.165,0.98,3.662,0.638,0.404,5.149,4.468
2026-08-29T09:00:00-03:00,2.31,0.942,1.697,2.203,0.983,2.603,5.55
2026-08-29T10:00:00-03:00,3.332,0.892,3.43,0.524,2.469,4.888,2.553
2026-08-29T11:00:00-03:00,1.514,0.982,0.803,0.332,0.673,2.202,3.09
2026-08-29T12:00:00-03:00,0.678,0.959,0.991,0.435,0.168,0.898,1.094
2026-08-29T13:00:00-03:00,1.223,0.963,0.879,1.49,1.356,1.102,1.291
2026-08-29T14:00:00-03:00,1.057,0.882,0.876,0.172,0.084,1.58,1.629
2026-08-29T15:00:00-03:00,0.658,0.953,1.521,0.532,0.013,0.683,1.722
2026-08-29T16:00:00-03:00,2.723,0.945,4.754,1.988,2.109,3.128,1.884
2026-08-29T17:00:00-03:00,2.474,0.945,1.072,2.545,0.726,3.308,4.414
2026-08-29T18:00:00-03:00,1.696,0.956,1.575,1.499,2.271,1.305,2.493
2026-08-29T19:00:00-03:00,1.372,0.977,0.811,1.516,1.795,1.29,0.942
2026-08-29T20:00:00-03:00,0.828,0.975,0.939,0.634,0.057,1.299,0.773
2026-08-29T21:00:00-03:00,0.484,0.943,0.243,0.114,0.019,0.822,1.026
2026-08-29T22:00:00-03:00,0.49,0.974,0.313,0.194,0.019,0.781,0.94
2026-08-29T23:00:00-03:00,0.107,0.976,0.079,0.006,0.003,0.163,0.289
2026-08-30T00:00:00-03:00,0.131,0.947,0.054,0.01,0.005,0.096,1.032
2026-08-30T01:00:00-03:00,,0.408,,,,,0.0
2026-08-30T02:00:00-03:00,0.019,0.965,0.022,0.0,0.0,0.04,0.0
2026-08-30T03:00:00-03:00,0.06,0.983,0.033,0.0,0.159,0.048,0.0
2026-08-30T04:00:00-03:00,0.064,0.977,0.027,0.0,0.156,0.061,0.0
2026-08-30T05:00:00-03:00,0.415,0.983,0.034,0.0,0.154,0.87,0.0
2026-08-30T06:00:00-03:00,0.138,0.956,0.023,0.358,0.143,0.094,0.036
2026-08-30T07:00:00-03:00,0.129,0.751,0.035,0.0,0.126,0.204,0.055
2026-08-30T08:00:00-03:00,0.144,0.765,0.035,0.002,,0.233,0.18
2026-08-30T09:00:00-03:00,0.02,0.766,0.012,0.007,0.005,0.026,0.045
2026-08-30T10:00:00-03:00,0.024,0.868,0.026,0.0,0.0,0.024,0.093
2026-08-30T11:00:00-03:00,0.015,0.861,0.032,0.0,0.005,0.023,0.0
2026-08-30T12:00:00-03:00,0.016,0.908,0.034,0.0,0.004,0.028,0.0
2026-08-30T13:00:00-03:00,0.024,0.921,0.082,0.002,0.034,0.021,0.0
2026-08-30T14:00:00-03:00,0.518,0.931,0.085,0.162,0.418,0.848,0.213
2026-08-30T15:00:00-03:00,1.649,0.944,0.294,1.6,3.116,1.123,1.561
2026-08-30T16:00:00-03:00,1.756,0.981,1.025,1.471,1.159,2.369,1.479
2026-08-30T17:00:00-03:00,2.315,0.981,2.606,1.621,0.304,2.825,6.115
2026-08-30T18:00:00-03:00,1.761,0.915,0.961,2.717,0.469,1.823,4.313
2026-08-30T19:00:00-03:00,2.033,1.0,1.205,1.207,3.533,1.697,2.001
2026-08-30T20:00:00-03:00,1.682,0.982,0.749,0.983,2.833,1.473,1.678
2026-08-30T21:00:00-03:00,0.989,0.981,0.329,0.929,0.865,0.921,2.334
2026-08-30T22:00:00-03:00,2.206,0.922,2.443,3.603,1.91,2.027,0.909
2026-08-30T23:00:00-03:00,1.632,0.965,0.226,1.213,1.844,1.547,3.425
2026-08-31T00:00:00-03:00,1.226,0.971,0.258,0.131,2.145,1.342,1.14
2026-08-31T01:00:00-03:00,0.547,0.699,,0.847,0.231,0.663,0.47
2026-08-31T02:00:00-03:00,0.272,0.966,0.471,0.082,0.671,0.155,0.0
2026-08-31T03:00:00-03:00,0.436,0.969,0.027,0.0,0.418,0.755,0.093
2026-08-31T04:00:00-03:00,0.338,0.936,0.016,0.0,0.146,0.636,0.261
2026-08-31T05:00:00-03:00,0.101,0.927,0.006,0.006,0.0,0.225,0.019
2026-08-31T06:00:00-03:00,0.033,0.932,0.032,0.0,0.0,0.071,0.0
2026-08-31T07:00:00-03:00,0.02,1.0,0.022,0.016,0.006,0.023,0.045
2026-08-31T08:00:00-03:00,0.008,0.976,0.022,0.0,0.0,0.016,0.0
2026-08-31T09:00:00-03:00,0.179,0.978,0.0,0.0,0.738,0.007,0.0
2026-08-31T10:00:00-03:00,0.205,0.93,0.022,0.0,0.064,0.385,0.216
2026-08-31T11:00:00-03:00,0.227,0.898,0.04,0.737,0.329,0.019,0.0
2026-08-31T12:00:00-03:00,0.291,0.972,0.033,0.716,0.676,0.02,0.0
2026-08-31T13:00:00-03:00,0.368,0.938,0.036,0.857,0.836,0.026,0.0
2026-08-31T14:00:00-03:00,0.587,0.972,0.083,1.142,1.371,0.15,0.0
2026-08-31T15:00:00-03:00,0.744,1.0,0.474,1.349,1.158,0.499,0.036
2026-08-31T16:00:00-03:00,1.332,1.0,1.055,1.396,1.339,1.452,0.902
2026-08-31T17:00:00-03:00,1.339,0.972,0.718,0.793,1.888,1.237,1.871
2026-08-31T18:00:00-03:00,0.773,0.977,0.164,0.14,1.125,0.947,0.585
2026-08-31T19:00:00-03:00,0.391,0.971,0.0,0.017,0.116,0.724,0.595
2026-08-31T20:00:00-03:00,0.254,0.987,0.026,0.0,0.043,0.383,0.82
2026-08-31T21:00:00-03:00,0.032,0.939,0.005,0.0,0.004,0.062,0.049
2026-08-31T22:00:00-03:00,0.02,0.987,0.03,0.002,0.003,0.038,0.0
2026-08-31T23:00:00-03:00,0.049,0.948,0.011,0.149,0.052,0.027,0.0
2026-09-01T00:00:00-03:00,0.03,0.977,0.004,0.076,0.009,0.035,0.0
2026-09-01T01:00:00-03:00,,0.486,,0.433,,,0.0
2026-09-01T02:00:00-03:00,0.356,0.945,0.35,0.793,0.578,0.157,0.0
2026-09-01T03:00:00-03:00,0.544,0.926,0.303,0.689,1.141,0.353,0.02
2026-09-01T04:00:00-03:00,0.342,0.916,0.043,0.119,0.37,0.481,0.231
2026-09-01T05:00:00-03:00,0.303,0.952,0.019,0.003,0.123,0.549,0.408
2026-09-01T06:00:00-03:00,0.102,0.846,0.036,0.088,0.052,0.153,0.133
2026-09-01T07:00:00-03:00,0.101,0.935,0.028,0.138,0.003,0.145,0.145
2026-09-01T08:00:00-03:00,0.113,0.953,0.038,0.117,0.104,0.145,0.052
2026-09-01T09:00:00-03:00,0.074,0.933,0.158,0.238,0.005,0.041,0.0
2026-09-01T10:00:00-03:00,0.099,0.975,0.186,0.151,0.089,0.089,0.0
2026-09-01T11:00:00-03:00,0.103,0.849,0.283,0.101,0.065,0.128,0.0
2026-09-01T12:00:00-03:00,0.131,0.808,,0.16,0.044,0.183,0.05
2026-09-01T13:00:00-03:00,0.085,0.781,0.109,0.0,0.004,0.177,0.05
2026-09-01T14:00:00-03:00,0.082,0.806,0.247,0.009,0.003,0.169,0.0
2026-09-01T15:00:00-03:00,0.11,0.725,0.263,0.025,0.011,0.182,0.148
2026-09-01T16:00:00-03:00,0.238,0.737,,0.014,0.252,0.369,0.109
2026-09-01T17:00:00-03:00,0.094,0.695,,0.036,0.015,,0.107
2026-09-01T18:00:00-03:00,,0.584,,0.0,0.0,,0.0
2026-09-01T19:00:00-03:00,0.047,0.668,,0.0,0.0,0.116,0.0
2026-09-01T20:00:00-03:00,0.086,0.629,,,0.0,0.166,0.031
2026-09-01T21:00:00-03:00,,0.572,,,0.004,,0.0
2026-09-01T22:00:00-03:00,,0.587,,,0.0,0.107,0.0
2026-09-01T23:00:00-03:00,0.031,0.631,,,0.0,,0.0
2026-09-02T00:00:00-03:00,0.016,0.632,,,0.0,,0.0
2026-09-02T01:00:00-03:00,,0.361,,,,,0.0
2026-09-02T02:00:00-03:00,0.004,0.751,0.018,0.0,0.0,0.005,0.0
2026-09-02T03:00:00-03:00,0.007,0.634,,0.0,0.0,,0.0
2026-09-02T04:00:00-03:00,,0.581,,0.0,0.0,,0.0
2026-09-02T05:00:00-03:00,,0.589,,0.0,0.0,,0.0
2026-09-02T06:00:00-03:00,,0.5,,,0.005,,0.0
2026-09-02T07:00:00-03:00,,0.417,,,,,0.0
2026-09-02T08:00:00-03:00,,0.461,,,,,0.0
2026-09-02T09:00:00-03:00,,0.41,,,,,0.0
2026-09-02T10:00:00-03:00,,0.424,,,,,0.0
2026-09-02T11:00:00-03:00,,0.396,,,,,0.0
2026-09-02T12:00:00-03:00,,0.424,,,,,0.0
2026-09-02T13:00:00-03:00,,0.454,,,0.041,,0.021
2026-09-02T14:00:00-03:00,,0.375,,,,,0.0
2026-09-02T15:00:00-03:00,,0.404,,,,,0.0
2026-09-02T16:00:00-03:00,,0.424,,,,,0.0
2026-09-02T17:00:00-03:00,,0.409,,,,,0.0
2026-09-02T18:00:00-03:00,,0.418,,,,,0.0
2026-09-02T19:00:00-03:00,,0.444,,,,,0.0
2026-09-02T20:00:00-03:00,,0.415,,,,,0.0
2026-09-02T21:00:00-03:00,,0.419,,,,,0.0
2026-09-02T22:00:00-03:00,,0.423,,,,,0.0
2026-09-02T23:00:00-03:00,,0.423,,,,,0.0
2026-09-03T00:00:00-03:00,,0.423,,,,,0.0
2026-09-03T01:00:00-03:00,,0.37,,,,,0.0
2026-09-03T02:00:00-03:00,0.003,0.851,0.023,0.0,0.0,0.003,0.0
2026-09-03T03:00:00-03:00,0.014,0.812,0.045,0.0,0.008,0.019,0.0
2026-09-03T04:00:00-03:00,0.001,0.879,0.008,0.0,0.0,0.001,0.0
2026-09-03T05:00:00-03:00,0.002,0.844,0.023,0.0,0.0,0.0,0.0
2026-09-03T06:00:00-03:00,0.007,0.777,0.005,0.0,0.004,0.015,0.0
2026-09-03T07:00:00-03:00,0.014,0.729,0.028,0.008,0.015,0.016,0.0
2026-09-03T08:00:00-03:00,0.002,0.725,0.022,0.0,0.0,0.0,0.0
2026-09-03T09:00:00-03:00,0.016,0.718,0.023,0.004,0.0,0.002,0.113
2026-09-03T10:00:00-03:00,0.006,0.702,0.023,0.004,0.0,0.006,0.0
2026-09-03T11:00:00-03:00,0.004,0.692,0.034,0.0,0.0,0.0,0.0
2026-09-03T12:00:00-03:00,0.004,0.682,0.024,0.0,0.0,0.005,0.0
2026-09-03T13:00:00-03:00,0.004,0.692,0.036,0.0,0.0,0.001,0.0
2026-09-03T14:00:00-03:00,,0.588,0.0,,0.0,,0.059
2026-09-03T15:00:00-03:00,,0.511,,,,,0.0
2026-09-03T16:00:00-03:00,,0.487,,,,,0.0
2026-09-03T17:00:00-03:00,,0.465,,,,,0.0
2026-09-03T18:00:00-03:00,,0.436,,,,,0.0
2026-09-03T19:00:00-03:00,,0.451,,,,,0.0
2026-09-03T20:00:00-03:00,,0.471,,,,,0.0
2026-09-03T21:00:00-03:00,,0.481,,,0.005,,0.0
2026-09-03T22:00:00-03:00,,0.469,,,,,0.0
2026-09-03T23:00:00-03:00,,0.478,,,,,0.0
2026-09-04T00:00:00-03:00,,0.478,,,,,0.0
2026-09-04T01:00:00-03:00,,0.371,,,,,0.0
2026-09-04T02:00:00-03:00,0.002,0.783,0.008,0.007,0.0,0.0,0.0
2026-09-04T03:00:00-03:00,0.002,0.742,0.03,0.0,0.0,0.0,0.0
2026-09-04T04:00:00-03:00,0.006,0.638,,0.0,0.013,,0.0
2026-09-04T05:00:00-03:00,0.0,0.64,0.0,0.0,0.0,,0.0
2026-09-04T06:00:00-03:00,0.003,0.624,,0.0,0.0,,0.0
2026-09-04T07:00:00-03:00,0.013,0.615,,0.024,0.01,,0.0
2026-09-04T08:00:00-03:00,0.007,0.61,,0.0,0.01,,0.0
2026-09-04T09:00:00-03:00,0.01,0.618,,0.029,0.002,,0.0
2026-09-04T10:00:00-03:00,,0.596,0.07,0.004,0.002,,0.0
2026-09-04T11:00:00-03:00,,0.491,,,0.004,,0.0
2026-09-04T12:00:00-03:00,,0.442,,,,,0.0
2026-09-04T13:00:00-03:00,,0.453,,,,,0.0
2026-09-04T14:00:00-03:00,,0.429,,,,,0.0
2026-09-04T15:00:00-03:00,,0.428,,,,,0.0
2026-09-04T16:00:00-03:00,,0.395,,,,,0.0
2026-09-04T17:00:00-03:00,,0.395,,,,,0.0
2026-09-04T18:00:00-03:00,,0.419,,,,,0.0
2026-09-04T19:00:00-03:00,,0.43,,,,,0.0
2026-09-04T20:00:00-03:00,,0.41,,,,,0.0
2026-09-04T21:00:00-03:00,,0.415,,,,,0.0
2026-09-04T22:00:00-03:00,,0.435,,,,,0.0
2026-09-04T23:00:00-03:00,,0.437,,,,,0.0
2026-09-05T00:00:00-03:00,,0.428,,,,,0.0
2026-09-05T01:00:00-03:00,,0.365,,,,,0.0
2026-09-05T02:00:00-03:00,0.0,0.765,0.0,0.0,0.0,0.0,0.0
2026-09-05T03:00:00-03:00,0.003,0.613,0.031,,0.0,0.0,0.0
2026-09-05T04:00:00-03:00,,0.565,,,0.0,,0.0
2026-09-05T05:00:00-03:00,,0.565,,,0.0,,0.0
2026-09-05T06:00:00-03:00,,0.517,,,,,0.0
2026-09-05T07:00:00-03:00,,0.486,,,0.005,,0.0
2026-09-05T08:00:00-03:00,,0.494,,,0.0,,0.0
2026-09-05T09:00:00-03:00,,0.466,,,,,0.0
2026-09-05T10:00:00-03:00,,0.431,,,,,0.0
2026-09-05T11:00:00-03:00,,0.433,,,0.0,,0.0
2026-09-05T12:00:00-03:00,,0.421,,,,,0.0
2026-09-05T13:00:00-03:00,,0.447,,,,,0.0
2026-09-05T14:00:00-03:00,,0.456,,,,,0.0
2026-09-05T15:00:00-03:00,,0.447,,,,,0.0
2026-09-05T16:00:00-03:00,,0.456,,,,,0.0
2026-09-05T17:00:00-03:00,,0.432,,,,,0.0
2026-09-05T18:00:00-03:00,,0.45,,,,,0.0
2026-09-05T19:00:00-03:00,,0.45,,,,,0.0
2026-09-05T20:00:00-03:00,,0.456,,,,,0.0
2026-09-05T21:00:00-03:00,,0.456,,,,,0.0
2026-09-05T22:00:00-03:00,,0.47,,,,,0.0
2026-09-05T23:00:00-03:00,,0.419,,,,,0.0
2026-09-06T00:00:00-03:00,,0.428,,,,,0.0
2026-09-06T01:00:00-03:00,,0.365,,,,,0.0
2026-09-06T02:00:00-03:00,0.002,0.951,0.022,0.0,0.0,0.0,0.0
2026-09-06T03:00:00-03:00,0.0,0.936,0.0,0.0,0.0,0.0,0.0
2026-09-06T04:00:00-03:00,0.002,0.973,0.013,0.0,0.003,0.001,0.0
2026-09-06T05:00:00-03:00,0.02,0.975,0.024,0.0,0.0,0.002,0.186
2026-09-06T06:00:00-03:00,0.011,0.916,0.007,0.0,0.0,0.002,0.093
2026-09-06T07:00:00-03:00,0.0,0.894,,0.0,0.0,0.0,0.0
2026-09-06T08:00:00-03:00,0.002,0.836,0.032,0.0,0.0,0.0,0.0
2026-09-06T09:00:00-03:00,0.0,0.829,0.0,0.0,0.0,0.0,0.0
2026-09-06T10:00:00-03:00,0.0,0.791,0.0,0.0,0.0,0.0,0.0
2026-09-06T11:00:00-03:00,0.002,0.776,0.032,0.0,0.0,0.0,0.0
2026-09-06T12:00:00-03:00,0.002,0.755,0.001,0.0,0.0,0.004,0.0
2026-09-06T13:00:00-03:00,0.01,0.7,0.0,0.0,0.008,0.02,0.0
2026-09-06T14:00:00-03:00,0.012,0.706,0.03,0.0,0.008,0.02,0.0
2026-09-06T15:00:00-03:00,0.0,0.72,,0.0,0.0,0.0,0.0
2026-09-06T16:00:00-03:00,0.001,0.654,,0.0,0.0,0.001,0.0
2026-09-06T17:00:00-03:00,0.003,0.656,,0.0,0.0,0.0,0.0
2026-09-06T18:00:00-03:00,0.003,0.71,,0.0,0.0,0.0,0.0
2026-09-06T19:00:00-03:00,0.0,0.699,,0.0,0.0,0.0,0.0
2026-09-06T20:00:00-03:00,0.0,0.706,,0.0,0.0,0.0,0.0
2026-09-06T21:00:00-03:00,0.0,0.708,,0.0,0.0,0.0,0.0
2026-09-06T22:00:00-03:00,0.004,0.721,,0.0,0.013,0.002,0.0
2026-09-06T23:00:00-03:00,0.003,0.701,0.032,0.0,0.0,0.0,0.0
2026-09-07T00:00:00-03:00,0.0,0.666,,0.0,0.0,0.0,0.0
2026-09-07T01:00:00-03:00,,0.365,,,,,0.0
2026-09-07T02:00:00-03:00,0.001,0.966,0.001,0.0,0.0,0.003,0.0
2026-09-07T03:00:00-03:00,0.001,0.948,0.001,0.0,0.0,0.003,0.0
2026-09-07T04:00:00-03:00,0.001,0.924,0.001,0.0,0.0,0.003,0.0
2026-09-07T05:00:00-03:00,0.003,0.948,0.025,0.0,0.0,0.003,0.0
2026-09-07T06:00:00-03:00,0.002,0.902,0.009,0.0,0.0,0.004,0.0
2026-09-07T07:00:00-03:00,0.0,0.881,0.0,0.0,0.0,0.0,0.0
2026-09-07T08:00:00-03:00,0.0,0.886,0.0,0.0,0.0,0.0,0.0
2026-09-07T09:00:00-03:00,0.007,0.925,0.007,0.0,0.003,0.013,0.0
2026-09-07T10:00:00-03:00,0.001,0.883,0.008,0.0,0.003,0.0,0.0
2026-09-07T11:00:00-03:00,0.002,0.873,0.008,0.005,0.0,0.0,0.0
2026-09-07T12:00:00-03:00,0.004,0.871,0.034,0.005,0.0,0.0,0.0
2026-09-07T13:00:00-03:00,0.001,0.874,0.001,0.0,0.0,0.003,0.0
2026-09-07T14:00:00-03:00,0.0,0.874,0.0,0.0,0.0,0.0,0.0
2026-09-07T15:00:00-03:00,0.0,0.885,0.0,0.0,0.0,0.0,0.0
2026-09-07T16:00:00-03:00,0.002,0.903,0.028,0.0,0.0,0.0,0.0
2026-09-07T17:00:00-03:00,0.001,0.898,0.009,0.0,0.0,0.001,0.0
2026-09-07T18:00:00-03:00,0.0,0.909,0.0,0.0,0.0,0.0,0.0
2026-09-07T19:00:00-03:00,0.0,0.909,0.0,0.0,0.0,0.0,0.0
2026-09-07T20:00:00-03:00,0.002,0.914,0.028,0.0,0.0,0.0,0.0
2026-09-07T21:00:00-03:00,0.0,0.858,,0.0,0.0,0.0,0.0
2026-09-07T22:00:00-03:00,0.0,0.842,,0.0,0.0,0.0,0.0
2026-09-07T23:00:00-03:00,0.001,0.876,,0.0,0.0,0.003,0.0
2026-09-08T00:00:00-03:00,0.0,0.876,,0.0,0.0,0.0,0.0
2026-09-08T01:00:00-03:00,,0.364,,,,,0.0
2026-09-08T02:00:00-03:00,0.002,0.965,0.021,0.0,0.0,0.0,0.0
2026-09-08T03:00:00-03:00,0.0,0.97,0.0,0.0,0.0,0.0,0.0
2026-09-08T04:00:00-03:00,0.0,0.953,0.0,0.0,0.0,0.0,0.0
2026-09-08T05:00:00-03:00,0.0,0.953,0.0,0.0,0.0,0.0,0.0
2026-09-08T06:00:00-03:00,0.001,0.954,0.007,0.0,0.0,0.001,0.0
2026-09-08T07:00:00-03:00,0.007,0.941,0.0,0.0,0.0,0.013,0.016
2026-09-08T08:00:00-03:00,0.001,0.956,0.006,0.006,0.0,0.0,0.0
2026-09-08T09:00:00-03:00,0.002,0.944,0.021,0.0,0.0,0.0,0.0
2026-09-08T10:00:00-03:00,0.0,0.888,0.0,0.0,0.0,0.0,0.0
2026-09-08T11:00:00-03:00,,0.378,,,,,0.0
2026-09-08T12:00:00-03:00,,0.378,,,,,0.0
2026-09-08T13:00:00-03:00,,0.403,,,,,0.0
2026-09-08T14:00:00-03:00,0.002,0.916,0.027,0.0,0.0,0.0,0.0
2026-09-08T15:00:00-03:00,0.0,0.926,0.0,0.0,0.0,0.0,0.0
2026-09-08T16:00:00-03:00,0.0,0.909,0.0,0.0,0.0,0.0,0.0
2026-09-08T17:00:00-03:00,0.001,0.913,0.008,0.0,0.0,0.001,0.0
2026-09-08T18:00:00-03:00,0.001,0.924,0.008,0.0,0.0,0.001,0.0
2026-09-08T19:00:00-03:00,0.002,0.927,0.023,0.0,0.0,0.0,0.0
2026-09-08T20:00:00-03:00,0.0,0.893,0.0,0.0,0.0,0.0,0.0
2026-09-08T21:00:00-03:00,0.001,0.903,0.001,0.0,0.0,0.003,0.0
2026-09-08T22:00:00-03:00,0.0,0.89,0.0,0.0,0.0,0.0,0.0
2026-09-08T23:00:00-03:00,0.0,0.907,0.0,0.0,0.0,0.0,0.0
2026-09-09T00:00:00-03:00,0.003,0.917,0.0,0.0,0.01,0.001,0.0
2026-09-09T01:00:00-03:00,,0.35,,,,,0.0
2026-09-09T02:00:00-03:00,0.0,0.947,0.0,0.0,0.0,0.0,0.0
2026-09-09T03:00:00-03:00,0.003,0.951,0.025,0.004,0.0,0.0,0.0
2026-09-09T04:00:00-03:00,0.0,0.977,0.0,0.0,0.0,0.0,0.0
2026-09-09T05:00:00-03:00,0.0,0.977,0.0,0.0,0.0,0.0,0.0
2026-09-09T06:00:00-03:00,0.0,0.984,0.0,0.0,0.0,0.0,0.0
2026-09-09T07:00:00-03:00,0.005,0.979,0.0,0.0,0.0,0.012,0.0
2026-09-09T08:00:00-03:00,0.009,0.96,0.0,0.0,0.0,0.001,0.093
2026-09-09T09:00:00-03:00,0.001,0.956,0.007,0.0,0.0,0.001,0.0
2026-09-09T10:00:00-03:00,0.0,0.943,0.0,0.0,0.0,0.0,0.0
2026-09-09T11:00:00-03:00,0.002,0.896,0.001,0.0,0.0,0.004,0.0
2026-09-09T12:00:00-03:00,0.002,0.905,0.021,0.0,0.0,0.0,0.0
2026-09-09T13:00:00-03:00,0.003,0.906,0.022,0.0,0.004,0.0,0.0
2026-09-09T14:00:00-03:00,0.0,0.915,0.0,0.0,0.0,0.0,0.0
2026-09-09T15:00:00-03:00,0.0,0.966,0.0,0.0,0.0,0.0,0.0
2026-09-09T16:00:00-03:00,0.0,0.911,0.0,0.0,0.0,0.0,0.0
2026-09-09T17:00:00-03:00,0.003,0.923,0.0,0.022,0.0,0.0,0.0
2026-09-09T18:00:00-03:00,0.604,0.941,0.106,2.319,0.884,0.062,0.0
2026-09-09T19:00:00-03:00,1.515,0.969,0.89,1.589,2.388,1.421,0.075
2026-09-09T20:00:00-03:00,1.924,0.965,2.037,2.452,2.711,1.522,0.84
2026-09-09T21:00:00-03:00,2.155,0.935,1.305,1.315,3.19,1.85,3.164
2026-09-09T22:00:00-03:00,1.246,0.915,0.247,1.066,1.458,1.19,1.989
2026-09-09T23:00:00-03:00,0.615,0.961,0.017,0.075,0.169,0.608,3.109
2026-09-10T00:00:00-03:00,0.304,0.977,0.002,0.0,0.11,0.522,0.523
2026-09-10T01:00:00-03:00,0.411,0.616,,,0.124,0.627,0.344
2026-09-10T02:00:00-03:00,,0.35,,,,,0.0
2026-09-10T03:00:00-03:00,,0.35,,,,,0.0
2026-09-10T04:00:00-03:00,,0.404,,,,,0.0
2026-09-10T05:00:00-03:00,,0.419,,,,,0.0
2026-09-10T06:00:00-03:00,,0.4,,,,,0.0
2026-09-10T07:00:00-03:00,,0.419,,,,,0.0
2026-09-10T08:00:00-03:00,,0.419,,,,,0.0
2026-09-10T09:00:00-03:00,,0.435,,,,,0.0
2026-09-10T10:00:00-03:00,,0.434,,,,,0.0
2026-09-10T11:00:00-03:00,0.009,0.92,0.007,0.006,0.0,0.018,0.0
2026-09-10T12:00:00-03:00,0.006,0.915,0.0,0.0,0.0,0.014,0.0
2026-09-10T13:00:00-03:00,0.009,0.946,0.006,0.0,0.003,0.018,0.0
2026-09-10T14:00:00-03:00,0.007,0.92,0.013,0.0,0.004,0.012,0.0
2026-09-10T15:00:00-03:00,0.008,0.942,0.007,0.012,0.008,0.008,0.0
2026-09-10T16:00:00-03:00,0.003,0.903,0.021,0.0,0.0,0.004,0.0
2026-09-10T17:00:00-03:00,0.006,0.845,0.0,0.0,0.0,0.014,0.0
2026-09-10T18:00:00-03:00,0.006,0.883,0.0,0.0,0.013,0.008,0.0
2026-09-10T19:00:00-03:00,0.003,0.94,0.001,0.0,0.0,0.006,0.0
2026-09-10T20:00:00-03:00,0.032,0.973,0.001,0.149,0.006,0.019,0.0
2026-09-10T21:00:00-03:00,0.064,0.889,0.249,0.12,0.048,0.029,0.0
2026-09-10T22:00:00-03:00,0.062,0.86,0.077,0.094,0.093,0.043,0.0
2026-09-10T23:00:00-03:00,0.045,0.9,0.055,0.089,0.095,0.008,0.0
2026-09-11T00:00:00-03:00,0.392,0.935,0.235,0.561,0.751,0.261,0.0
2026-09-11T01:00:00-03:00,0.959,0.798,,0.186,0.607,1.484,1.108
2026-09-11T02:00:00-03:00,0.232,0.924,0.039,0.593,0.238,0.101,0.409
2026-09-11T03:00:00-03:00,0.389,0.98,0.152,1.69,0.387,0.074,0.0
2026-09-11T04:00:00-03:00,1.169,0.978,0.158,4.312,1.578,0.318,0.091
2026-09-11T05:00:00-03:00,0.859,0.957,0.499,0.776,0.513,1.291,0.146
2026-09-11T06:00:00-03:00,1.889,0.927,2.665,1.815,3.187,1.24,0.976
2026-09-11T07:00:00-03:00,1.538,0.918,1.513,0.084,0.469,2.433,2.702
2026-09-11T08:00:00-03:00,0.466,0.98,0.813,0.038,0.007,0.623,1.269
2026-09-11T09:00:00-03:00,2.506,0.96,12.613,2.391,0.573,1.951,0.542
2026-09-11T10:00:00-03:00,3.998,0.974,2.994,3.929,2.898,3.824,8.616
2026-09-11T11:00:00-03:00,4.92,0.948,4.678,3.666,3.567,5.651,7.249
2026-09-11T12:00:00-03:00,4.524,0.941,6.031,5.915,3.139,4.341,5.437
2026-09-11T13:00:00-03:00,4.505,0.952,4.868,6.202,3.87,4.44,3.513
2026-09-11T14:00:00-03:00,5.58,0.95,5.459,6.417,7.158,4.838,3.764
2026-09-11T15:00:00-03:00,3.993,0.974,3.076,2.85,4.433,4.559,2.921
2026-09-11T16:00:00-03:00,2.227,0.96,0.558,0.651,1.677,2.926,4.204
2026-09-11T17:00:00-03:00,0.403,0.926,0.044,0.014,0.082,0.64,1.08
2026-09-11T18:00:00-03:00,0.105,0.963,0.066,0.046,0.003,0.2,0.036
2026-09-11T19:00:00-03:00,0.053,0.942,0.033,0.019,0.0,0.107,0.0
2026-09-11T20:00:00-03:00,0.051,0.954,0.006,0.0,0.028,0.099,0.0
2026-09-11T21:00:00-03:00,0.059,0.961,0.0,0.044,0.003,0.12,0.0
2026-09-11T22:00:00-03:00,0.113,0.976,0.074,0.237,0.027,0.145,0.02
2026-09-11T23:00:00-03:00,0.205,0.949,0.065,0.34,0.012,0.323,0.103
2026-09-12T00:00:00-03:00,0.276,0.98,0.164,0.086,0.108,0.384,0.614
2026-09-12T01:00:00-03:00,,0.521,0.641,,0.091,,0.0
2026-09-12T02:00:00-03:00,0.093,0.937,0.557,0.127,0.064,0.017,0.055
2026-09-12T03:00:00-03:00,0.077,0.946,0.216,0.223,0.046,0.03,0.0
2026-09-12T04:00:00-03:00,0.106,0.932,0.158,0.235,0.106,0.071,0.012
2026-09-12T05:00:00-03:00,0.073,0.912,0.104,0.228,0.055,0.043,0.0
2026-09-12T06:00:00-03:00,0.104,0.887,0.191,0.217,0.073,0.078,0.0
2026-09-12T07:00:00-03:00,0.089,0.862,0.157,0.145,0.102,0.061,0.0
2026-09-12T08:00:00-03:00,0.074,0.86,0.0,0.28,0.076,0.019,0.0
2026-09-12T09:00:00-03:00,0.057,0.889,0.038,0.124,0.047,0.053,0.0
2026-09-12T10:00:00-03:00,0.019,0.876,0.022,0.012,0.029,0.019,0.0
2026-09-12T11:00:00-03:00,0.014,0.858,0.028,0.003,0.008,0.022,0.0
2026-09-12T12:00:00-03:00,0.011,0.889,0.014,0.037,0.004,0.006,0.0
2026-09-12T13:00:00-03:00,0.01,0.889,0.021,0.014,0.007,0.01,0.0
2026-09-12T14:00:00-03:00,0.013,0.912,0.035,0.032,0.0,0.011,0.0
2026-09-12T15:00:00-03:00,0.047,0.902,0.347,0.027,0.011,0.018,0.0
2026-09-12T16:00:00-03:00,0.064,0.882,0.121,0.152,0.019,0.055,0.013
2026-09-12T17:00:00-03:00,0.079,0.863,0.211,0.056,0.043,0.095,0.013
2026-09-12T18:00:00-03:00,0.054,0.889,0.12,0.031,0.002,0.063,0.145
2026-09-12T19:00:00-03:00,0.068,0.924,0.0,0.078,0.013,0.101,0.097
2026-09-12T20:00:00-03:00,0.011,0.938,0.022,0.0,0.0,0.022,0.0
2026-09-12T21:00:00-03:00,0.05,0.925,0.029,0.0,0.0,0.089,0.113
2026-09-12T22:00:00-03:00,0.006,0.925,0.0,0.032,0.0,0.002,0.0
2026-09-12T23:00:00-03:00,0.01,0.899,0.021,0.025,0.001,0.01,0.0
2026-09-13T00:00:00-03:00,0.005,0.891,0.006,0.02,0.002,0.002,0.0
2026-09-13T01:00:00-03:00,,0.368,,,,,0.0
2026-09-13T02:00:00-03:00,0.009,0.943,0.021,0.0,0.003,0.014,0.0
2026-09-13T03:00:00-03:00,0.004,0.927,0.004,0.002,0.008,0.003,0.0
2026-09-13T04:00:00-03:00,0.015,0.936,0.021,0.0,0.0,0.028,0.012
2026-09-13T05:00:00-03:00,0.003,0.926,0.0,0.0,0.0,0.006,0.0
2026-09-13T06:00:00-03:00,0.004,0.944,0.013,0.0,0.0,0.007,0.0
2026-09-13T07:00:00-03:00,0.025,0.918,0.037,0.0,0.0,0.044,0.039
2026-09-13T08:00:00-03:00,0.018,0.918,0.007,0.011,0.002,0.029,0.039
2026-09-13T09:00:00-03:00,0.0,0.893,0.0,0.0,0.0,0.0,0.0
2026-09-13T10:00:00-03:00,0.008,0.907,0.022,0.0,0.0,0.014,0.0
2026-09-13T11:00:00-03:00,0.011,0.891,0.0,0.0,0.006,0.024,0.0
2026-09-13T12:00:00-03:00,0.0,0.867,0.0,0.0,0.0,0.0,0.0
2026-09-13T13:00:00-03:00,0.008,0.891,0.034,0.006,0.01,0.003,0.0
2026-09-13T14:00:00-03:00,0.0,0.889,0.0,0.0,0.0,0.0,0.0
2026-09-13T15:00:00-03:00,0.001,0.879,0.0,0.0,0.0,0.002,0.0
2026-09-13T16:00:00-03:00,0.002,0.898,0.022,0.0,0.0,0.0,0.0
2026-09-13T17:00:00-03:00,0.0,0.901,0.0,0.0,0.0,0.0,0.0
2026-09-13T18:00:00-03:00,0.019,0.718,0.034,,,0.029,0.0
2026-09-13T19:00:00-03:00,,0.498,,,,,0.0
2026-09-13T20:00:00-03:00,,0.499,,,0.0,,0.0
2026-09-13T21:00:00-03:00,,0.464,,,0.0,,0.066
2026-09-13T22:00:00-03:00,,0.466,,,0.0,,0.0
2026-09-13T23:00:00-03:00,,0.456,,,,,0.0
2026-09-14T00:00:00-03:00,,0.473,,,0.0,,0.0
2026-09-14T01:00:00-03:00,,0.357,,,,,0.0
2026-09-14T02:00:00-03:00,0.0,0.935,0.0,0.0,0.0,0.0,0.0
2026-09-14T03:00:00-03:00,0.003,0.919,0.022,0.0,0.0,0.002,0.0
2026-09-14T04:00:00-03:00,0.002,0.911,0.021,0.0,0.0,0.0,0.0
2026-09-14T05:00:00-03:00,0.0,0.888,0.0,0.0,0.0,0.0,0.0
2026-09-14T06:00:00-03:00,0.0,0.885,0.0,0.0,0.0,0.0,0.0
2026-09-14T07:00:00-03:00,0.004,0.892,0.032,0.0,0.0,0.003,0.0
2026-09-14T08:00:00-03:00,0.011,0.84,0.001,0.0,0.036,0.004,0.0
2026-09-14T09:00:00-03:00,0.0,0.76,0.0,0.0,0.0,0.0,0.0
2026-09-14T10:00:00-03:00,0.024,0.805,0.033,0.0,0.0,0.032,0.086
2026-09-14T11:00:00-03:00,0.035,0.846,,0.0,0.003,0.073,0.026
2026-09-14T12:00:00-03:00,0.058,0.875,0.0,0.0,0.0,0.06,0.304
2026-09-14T13:00:00-03:00,0.012,0.818,0.044,0.007,0.0,0.021,0.0
2026-09-14T14:00:00-03:00,0.011,0.867,0.044,0.007,0.0,0.017,0.0
2026-09-14T15:00:00-03:00,0.001,0.848,,0.0,0.0,0.002,0.0
2026-09-14T16:00:00-03:00,0.01,0.83,,0.0,0.019,0.011,0.0
2026-09-14T17:00:00-03:00,0.084,0.835,0.043,0.0,0.0,0.178,0.045
2026-09-14T18:00:00-03:00,0.205,0.863,0.0,0.0,0.0,0.449,0.045
2026-09-14T19:00:00-03:00,0.035,0.803,0.001,0.0,0.0,0.083,0.0
2026-09-14T20:00:00-03:00,0.103,0.789,0.001,,0.0,0.187,0.174
2026-09-14T21:00:00-03:00,0.003,0.679,,,0.0,0.0,0.0
2026-09-14T22:00:00-03:00,0.004,0.712,,,0.0,0.002,0.0
2026-09-14T23:00:00-03:00,0.021,0.652,,,0.0,0.044,0.0
2026-09-15T00:00:00-03:00,0.016,0.601,,,,0.032,0.0
2026-09-15T01:00:00-03:00,,0.389,,,,,0.0
2026-09-15T02:00:00-03:00,0.016,0.813,0.025,,0.002,0.023,0.016
2026-09-15T03:00:00-03:00,0.006,0.7,0.06,,0.002,0.0,0.0
2026-09-15T04:00:00-03:00,,0.567,,,0.0,,0.121
2026-09-15T05:00:00-03:00,,0.499,,,,,0.013
2026-09-15T06:00:00-03:00,,0.506,,,,,0.013
2026-09-15T07:00:00-03:00,,0.508,,,,,0.0
2026-09-15T08:00:00-03:00,,0.54,,,0.009,,0.0
2026-09-15T09:00:00-03:00,,0.435,,,,,0.0
2026-09-15T10:00:00-03:00,,0.401,,,,,0.066
2026-09-15T11:00:00-03:00,,0.447,,,,,0.134
2026-09-15T12:00:00-03:00,,0.466,,,0.0,,0.0
2026-09-15T13:00:00-03:00,,0.439,,,,,0.0
2026-09-15T14:00:00-03:00,,0.516,,,0.049,,0.041
2026-09-15T15:00:00-03:00,,0.474,,,0.0,,0.0
2026-09-15T16:00:00-03:00,,0.472,,,0.0,,0.0
2026-09-15T17:00:00-03:00,,0.478,,,0.0,,0.0
2026-09-15T18:00:00-03:00,,0.49,,,0.0,,0.0
2026-09-15T19:00:00-03:00,,0.48,,,0.0,,0.0
2026-09-15T20:00:00-03:00,,0.458,,,,,0.0
2026-09-15T21:00:00-03:00,,0.48,,,,,0.0
2026-09-15T22:00:00-03:00,,0.477,,,,,0.0
2026-09-15T23:00:00-03:00,,0.486,,,,,0.0
2026-09-16T00:00:00-03:00,,0.486,,,,,0.0
2026-09-16T01:00:00-03:00,,0.365,,,,,0.0
2026-09-16T02:00:00-03:00,0.0,0.901,0.0,0.0,0.0,0.0,0.0
2026-09-16T03:00:00-03:00,0.001,0.765,,0.0,0.0,0.002,0.0
2026-09-16T04:00:00-03:00,0.001,0.647,,,0.0,0.002,0.0
2026-09-16T05:00:00-03:00,,0.597,,,0.0,0.0,0.0
2026-09-16T06:00:00-03:00,,0.563,,,0.0,,0.0
2026-09-16T07:00:00-03:00,,0.533,,,,,0.0
2026-09-16T08:00:00-03:00,,0.53,,,,,0.0
2026-09-16T09:00:00-03:00,,0.526,,,,,0.0
2026-09-16T10:00:00-03:00,,0.481,,,,,0.0
2026-09-16T11:00:00-03:00,,0.48,,,,,0.0
2026-09-16T12:00:00-03:00,,0.473,,,,,0.0
2026-09-16T13:00:00-03:00,,0.493,,,,,0.0
2026-09-16T14:00:00-03:00,,0.522,,,,,0.0
2026-09-16T15:00:00-03:00,,0.527,,,,,0.0
2026-09-16T16:00:00-03:00,,0.508,,,,,0.0
2026-09-16T17:00:00-03:00,,0.515,,,,,0.0
2026-09-16T18:00:00-03:00,,0.469,,,,,0.0
2026-09-16T19:00:00-03:00,,0.417,,,,,0.0
2026-09-16T20:00:00-03:00,,0.488,,,,,0.0
2026-09-16T21:00:00-03:00,,0.488,,,,,0.0
2026-09-16T22:00:00-03:00,,0.488,,,,,0.0
2026-09-16T23:00:00-03:00,,0.484,,,,,0.0
2026-09-17T00:00:00-03:00,,0.49,,,,,0.0
2026-09-17T01:00:00-03:00,,0.374,,,,,0.0
2026-09-17T02:00:00-03:00,0.0,0.97,0.0,0.0,0.0,0.0,0.0
2026-09-17T03:00:00-03:00,0.0,0.952,0.0,0.0,0.0,0.0,0.0
2026-09-17T04:00:00-03:00,0.001,0.897,0.001,0.0,0.0,0.003,0.0
2026-09-17T05:00:00-03:00,0.008,0.879,0.0,0.0,0.01,0.015,0.0
2026-09-17T06:00:00-03:00,0.001,0.883,0.0,0.0,0.0,0.002,0.0
2026-09-17T07:00:00-03:00,0.0,0.84,0.0,0.0,0.0,0.0,0.0
2026-09-17T08:00:00-03:00,0.002,0.798,0.021,0.0,0.0,0.0,0.0
2026-09-17T09:00:00-03:00,0.003,0.792,0.037,0.0,0.0,0.001,0.0
2026-09-17T10:00:00-03:00,0.0,0.74,0.0,0.0,0.0,,0.0
2026-09-17T11:00:00-03:00,0.0,0.726,0.0,0.0,0.0,,0.0
2026-09-17T12:00:00-03:00,0.001,0.74,0.0,0.0,0.0,,0.0
2026-09-17T13:00:00-03:00,0.002,0.741,0.008,0.006,0.0,,0.0
2026-09-17T14:00:00-03:00,0.0,0.75,0.0,0.0,0.0,,0.0
2026-09-17T15:00:00-03:00,0.002,0.781,0.026,0.0,0.0,0.0,0.0
2026-09-17T16:00:00-03:00,0.001,0.735,0.009,0.0,0.0,,0.0
2026-09-17T17:00:00-03:00,0.004,0.735,0.0,0.0,0.012,,0.0
2026-09-17T18:00:00-03:00,0.001,0.771,0.009,0.0,0.0,0.001,0.0
2026-09-17T19:00:00-03:00,0.003,0.779,0.01,0.0,0.0,0.005,0.0
2026-09-17T20:00:00-03:00,0.002,0.712,0.001,0.0,0.0,,0.0
2026-09-17T21:00:00-03:00,0.0,0.673,0.0,0.0,0.0,,0.0
2026-09-17T22:00:00-03:00,0.002,0.735,0.026,0.0,0.0,,0.0
2026-09-17T23:00:00-03:00,0.001,0.72,0.009,0.0,0.0,,0.0
2026-09-18T00:00:00-03:00,0.0,0.72,0.0,0.0,0.0,,0.0
2026-09-18T01:00:00-03:00,,0.368,,,,,0.0
2026-09-18T02:00:00-03:00,0.001,0.985,0.0,0.0,0.0,0.002,0.0
2026-09-18T03:00:00-03:00,0.0,0.977,0.0,0.0,0.0,0.0,0.0
2026-09-18T04:00:00-03:00,0.004,0.983,0.0,0.0,0.0,0.009,0.0
2026-09-18T05:00:00-03:00,0.0,0.984,0.0,0.0,0.0,0.0,0.0
2026-09-18T06:00:00-03:00,0.016,0.981,0.033,0.005,0.0,0.026,0.016
2026-09-18T07:00:00-03:00,0.0,0.975,0.0,0.0,0.0,0.0,0.0
2026-09-18T08:00:00-03:00,0.0,0.966,0.0,0.0,0.0,0.0,0.0
2026-09-18T09:00:00-03:00,0.001,0.938,0.001,0.0,0.0,0.003,0.0
2026-09-18T10:00:00-03:00,0.001,0.889,0.0,0.0,0.0,0.002,0.0
2026-09-18T11:00:00-03:00,0.003,0.778,0.016,0.0,0.0,0.005,0.0
2026-09-18T12:00:00-03:00,0.002,0.808,0.016,0.0,0.0,0.002,0.0
2026-09-18T13:00:00-03:00,0.003,0.817,0.028,0.0,0.0,0.001,0.0
2026-09-18T14:00:00-03:00,0.002,0.823,0.022,0.0,0.0,0.0,0.0
2026-09-18T15:00:00-03:00,0.0,0.819,0.0,0.0,0.0,0.0,0.0
2026-09-18T16:00:00-03:00,0.0,0.766,0.0,0.0,0.0,0.0,0.0
2026-09-18T17:00:00-03:00,0.0,0.743,0.0,0.0,0.0,,0.0
2026-09-18T18:00:00-03:00,0.001,0.722,0.0,0.0,0.0,,0.0
2026-09-18T19:00:00-03:00,0.0,0.72,0.0,0.0,0.0,,0.0
2026-09-18T20:00:00-03:00,0.0,0.712,0.0,0.0,0.0,,0.0
2026-09-18T21:00:00-03:00,0.004,0.715,0.029,0.0,0.0,,0.0
2026-09-18T22:00:00-03:00,0.0,0.721,0.0,0.0,0.0,,0.0
2026-09-18T23:00:00-03:00,0.003,0.731,0.008,0.005,0.0,,0.0
2026-09-19T00:00:00-03:00,0.002,0.719,0.007,0.005,0.0,,0.0
2026-09-19T01:00:00-03:00,,0.365,,,,,0.0
2026-09-19T02:00:00-03:00,0.062,0.937,0.0,0.36,0.001,0.0,0.0
2026-09-19T03:00:00-03:00,0.163,0.928,0.007,0.614,0.234,0.0,0.0
2026-09-19T04:00:00-03:00,0.323,0.923,0.072,0.479,0.839,0.052,0.0
2026-09-19T05:00:00-03:00,0.262,0.909,0.046,0.069,0.348,0.375,0.0
2026-09-19T06:00:00-03:00,0.08,0.882,0.005,0.0,0.073,0.157,0.0
2026-09-19T07:00:00-03:00,0.061,0.841,0.0,0.104,0.002,0.083,0.135
2026-09-19T08:00:00-03:00,0.199,0.868,0.044,0.476,0.341,0.023,0.104
2026-09-19T09:00:00-03:00,0.248,0.776,0.249,0.034,0.348,0.347,0.0
2026-09-19T10:00:00-03:00,0.513,0.895,0.524,0.118,0.842,0.587,0.078
2026-09-19T11:00:00-03:00,0.705,0.903,0.427,0.231,1.261,0.741,0.241
2026-09-19T12:00:00-03:00,1.03,0.905,0.882,0.03,0.997,1.382,1.203
2026-09-19T13:00:00-03:00,0.994,0.962,0.677,0.016,1.106,1.269,1.532
2026-09-19T14:00:00-03:00,0.424,0.902,0.006,0.0,0.364,0.687,0.542
2026-09-19T15:00:00-03:00,0.279,0.913,0.023,0.204,0.1,0.485,0.19
2026-09-19T16:00:00-03:00,0.733,0.932,0.209,0.535,0.954,0.842,0.509
2026-09-19T17:00:00-03:00,0.625,0.942,0.126,0.227,0.529,0.849,0.958
2026-09-19T18:00:00-03:00,0.545,0.949,0.288,0.355,0.547,0.618,0.772
2026-09-19T19:00:00-03:00,0.498,0.962,0.48,0.432,0.457,0.592,0.316
2026-09-19T20:00:00-03:00,1.082,0.949,1.066,1.511,1.702,0.719,0.381
2026-09-19T21:00:00-03:00,1.799,0.949,2.153,2.509,2.602,1.278,0.527
2026-09-19T22:00:00-03:00,1.911,0.906,4.571,2.141,0.742,2.081,0.927
2026-09-19T23:00:00-03:00,2.418,0.95,6.64,5.137,1.443,1.419,1.139
2026-09-20T00:00:00-03:00,4.253,0.932,6.558,5.881,6.451,2.82,0.628
2026-09-20T01:00:00-03:00,3.174,0.918,2.116,1.038,4.309,3.843,2.001
2026-09-20T02:00:00-03:00,2.023,0.978,0.167,0.598,2.476,2.488,2.867
2026-09-20T03:00:00-03:00,1.048,0.908,0.181,0.027,0.378,1.65,1.662
2026-09-20T04:00:00-03:00,0.318,0.943,0.017,0.0,0.0,0.675,0.52
2026-09-20T05:00:00-03:00,0.158,0.97,0.023,0.0,0.0,0.335,0.108
2026-09-20T06:00:00-03:00,0.156,0.939,0.0,0.0,0.034,0.316,0.12
2026-09-20T07:00:00-03:00,0.18,0.96,0.002,0.029,0.081,0.345,0.096
2026-09-20T08:00:00-03:00,0.116,0.96,0.067,0.008,0.021,0.229,0.084
2026-09-20T09:00:00-03:00,0.113,0.96,0.027,0.0,0.021,0.237,0.059
2026-09-20T10:00:00-03:00,0.086,0.96,0.024,0.0,0.0,0.188,0.049
2026-09-20T11:00:00-03:00,0.044,0.965,0.012,0.0,0.0,0.095,0.03
2026-09-20T12:00:00-03:00,0.04,0.998,0.014,0.001,0.006,0.081,0.03
2026-09-20T13:00:00-03:00,0.044,0.979,0.0,0.02,0.0,0.087,0.03
2026-09-20T14:00:00-03:00,0.019,0.97,0.026,0.013,0.001,0.032,0.01
2026-09-20T15:00:00-03:00,0.002,0.94,0.0,0.013,0.001,0.0,0.0
2026-09-20T16:00:00-03:00,0.001,0.973,0.0,0.0,0.0,0.003,0.0
2026-09-20T17:00:00-03:00,0.005,1.0,0.0,0.0,0.0,0.012,0.0
2026-09-20T18:00:00-03:00,0.0,0.959,0.0,0.0,0.0,0.0,0.0
2026-09-20T19:00:00-03:00,0.0,0.979,0.0,0.0,0.0,0.0,0.0
2026-09-20T20:00:00-03:00,0.004,0.983,0.033,0.005,0.0,0.001,0.0
2026-09-20T21:00:00-03:00,0.003,0.952,0.0,0.0,0.01,0.001,0.0
2026-09-20T22:00:00-03:00,0.002,0.957,0.0,0.0,0.0,0.004,0.0
2026-09-20T23:00:00-03:00,0.003,0.994,0.001,0.0,0.0,0.006,0.0
2026-09-21T00:00:00-03:00,0.002,0.985,0.0,0.0,0.0,0.005,0.0
2026-09-21T01:00:00-03:00,,0.371,,,,,0.0
2026-09-21T02:00:00-03:00,0.002,1.0,0.021,0.0,0.0,0.0,0.0
2026-09-21T03:00:00-03:00,0.0,0.956,0.0,0.0,0.0,0.0,0.0
2026-09-21T04:00:00-03:00,0.003,0.944,0.0,0.017,0.0,0.0,0.0
2026-09-21T05:00:00-03:00,0.098,0.974,0.551,0.012,0.0,0.112,0.0
2026-09-21T06:00:00-03:00,1.156,0.973,3.808,0.0,0.0,1.786,0.695
2026-09-21T07:00:00-03:00,5.221,0.958,19.955,0.102,0.0,7.109,4.761
2026-09-21T08:00:00-03:00,7.398,0.942,30.458,0.537,0.269,9.327,11.609
2026-09-21T09:00:00-03:00,11.049,0.939,23.338,9.633,1.997,15.17,8.639
2026-09-21T10:00:00-03:00,10.558,0.929,15.278,11.684,4.364,12.316,13.722
2026-09-21T11:00:00-03:00,10.271,0.896,10.617,14.887,4.95,11.868,9.264
2026-09-21T12:00:00-03:00,6.546,0.888,3.036,6.181,2.507,9.842,6.985
