data_hora_medicao;indice
2026-08-21 21:15:00;334.00
2026-08-21 21:30:00;339.00
2026-08-21 21:45:00;345.00
2026-08-21 22:00:00;351.00
2026-08-21 22:15:00;356.00
2026-08-21 22:30:00;367.00
2026-08-21 22:45:00;367.00
2026-08-21 23:00:00;371.00
2026-08-21 23:15:00;375.00
2026-08-21 23:30:00;378.00
2026-08-22 00:00:00;383.00
2026-08-22 00:15:00;384.00
2026-08-22 00:30:00;386.00
2026-08-22 00:45:00;387.00
2026-08-22 01:00:00;387.00
2026-08-22 01:15:00;388.00
2026-08-22 01:30:00;388.00
2026-08-22 01:45:00;388.00
2026-08-22 02:00:00;388.00
2026-08-22 02:15:00;387.00
2026-08-22 02:30:00;387.00
2026-08-22 02:45:00;386.00
2026-08-22 03:00:00;386.00
2026-08-22 03:15:00;385.00
2026-08-22 03:30:00;384.00
2026-08-22 03:45:00;383.00
2026-08-22 04:00:00;383.00
2026-08-22 04:15:00;382.00
2026-08-22 04:30:00;381.00
2026-08-22 04:45:00;380.00
2026-08-22 05:00:00;379.00
2026-08-22 05:15:00;379.00
2026-08-22 05:30:00;378.00
2026-08-22 05:45:00;378.00
2026-08-22 06:00:00;376.00
2026-08-22 06:15:00;376.00
2026-08-22 06:30:00;376.00
2026-08-22 06:45:00;376.00
2026-08-22 07:00:00;375.00
2026-08-22 07:15:00;375.00
2026-08-22 07:30:00;375.00
2026-08-22 07:45:00;375.00
2026-08-22 08:00:00;374.00
2026-08-22 08:15:00;374.00
2026-08-22 08:30:00;374.00
2026-08-22 08:45:00;373.00
2026-08-22 09:00:00;373.00
2026-08-22 09:15:00;373.00
2026-08-22 09:30:00;372.00
2026-08-22 09:45:00;372.00
2026-08-22 10:00:00;371.00
2026-08-22 10:15:00;371.00
2026-08-22 10:30:00;370.00
2026-08-22 10:45:00;369.00
2026-08-22 11:00:00;368.00
2026-08-22 11:15:00;366.00
2026-08-22 11:30:00;364.00
2026-08-22 11:45:00;361.00
2026-08-22 12:00:00;358.00
2026-08-22 12:15:00;354.00
2026-08-22 12:30:00;350.00
2026-08-22 12:45:00;345.00
2026-08-22 13:00:00;339.00
2026-08-22 13:15:00;333.00
2026-08-22 13:30:00;327.00
2026-08-22 13:45:00;320.00
2026-08-22 14:00:00;314.00
2026-08-22 14:15:00;307.00
2026-08-22 14:30:00;301.00
2026-08-22 14:45:00;296.00
2026-08-22 15:00:00;291.00
2026-08-22 15:15:00;286.00
2026-08-22 15:30:00;281.00
2026-08-22 15:45:00;277.00
2026-08-22 16:00:00;273.00
2026-08-22 16:15:00;268.00
2026-08-22 16:30:00;264.00
2026-08-22 16:45:00;261.00
2026-08-22 17:00:00;258.00
2026-08-22 17:15:00;256.00
2026-08-22 17:30:00;254.00
2026-08-22 17:45:00;252.00
2026-08-22 18:00:00;251.00
2026-08-22 18:15:00;250.00
2026-08-22 18:30:00;249.00
2026-08-22 18:45:00;249.00
2026-08-22 19:00:00;250.00
2026-08-22 19:15:00;251.00
2026-08-22 19:30:00;252.00
2026-08-22 19:45:00;255.00
2026-08-22 20:00:00;258.00
2026-08-22 20:15:00;261.00
2026-08-22 20:30:00;265.00
2026-08-22 20:45:00;272.00
2026-08-22 21:00:00;278.00
2026-08-22 21:15:00;287.00
2026-08-22 21:30:00;297.00
2026-08-22 21:45:00;309.00
2026-08-22 22:00:00;320.00
2026-08-22 22:15:00;331.00
2026-08-22 22:30:00;343.00
2026-08-22 22:45:00;355.00
2026-08-22 23:00:00;366.00
2026-08-22 23:15:00;375.00
2026-08-22 23:30:00;383.00
2026-08-23 00:00:00;395.00
2026-08-23 00:15:00;399.00
2026-08-23 00:30:00;402.00
2026-08-23 00:45:00;404.00
2026-08-23 01:00:00;406.00
2026-08-23 01:15:00;408.00
2026-08-23 01:30:00;409.00
2026-08-23 01:45:00;409.00
2026-08-23 02:00:00;409.00
2026-08-23 02:15:00;409.00
2026-08-23 02:30:00;409.00
2026-08-23 02:45:00;409.00
2026-08-23 03:00:00;408.00
2026-08-23 03:15:00;407.00
2026-08-23 03:30:00;405.00
2026-08-23 03:45:00;404.00
2026-08-23 04:00:00;403.00
2026-08-23 04:15:00;402.00
2026-08-23 04:30:00;400.00
2026-08-23 04:45:00;399.00
2026-08-23 05:00:00;396.00
2026-08-23 05:15:00;395.00
2026-08-23 05:30:00;393.00
2026-08-23 05:45:00;391.00
2026-08-23 06:00:00;389.00
2026-08-23 06:15:00;387.00
2026-08-23 06:30:00;385.00
2026-08-23 06:45:00;383.00
2026-08-23 07:00:00;381.00
2026-08-23 07:15:00;379.00
2026-08-23 07:30:00;378.00
2026-08-23 07:45:00;376.00
2026-08-23 08:00:00;374.00
2026-08-23 08:15:00;372.00
2026-08-23 08:30:00;371.00
2026-08-23 08:45:00;369.00
2026-08-23 09:00:00;368.00
2026-08-23 09:15:00;366.00
2026-08-23 09:30:00;365.00
2026-08-23 09:45:00;363.00
2026-08-23 10:00:00;361.00
2026-08-23 10:15:00;360.00
2026-08-23 10:30:00;357.00
2026-08-23 10:45:00;356.00
2026-08-23 11:00:00;353.00
2026-08-23 11:15:00;350.00
2026-08-23 11:30:00;346.00
2026-08-23 11:45:00;342.00
2026-08-23 12:00:00;337.00
2026-08-23 12:15:00;331.00
2026-08-23 12:30:00;325.00
2026-08-23 12:45:00;319.00
2026-08-23 13:00:00;313.00
2026-08-23 13:15:00;306.00
2026-08-23 13:30:00;300.00
2026-08-23 13:45:00;294.00
2026-08-23 14:00:00;288.00
2026-08-23 14:15:00;282.00
2026-08-23 14:30:00;277.00
2026-08-23 14:45:00;272.00
2026-08-23 15:00:00;266.00
2026-08-23 15:15:00;260.00
2026-08-23 15:30:00;255.00
2026-08-23 15:45:00;251.00
2026-08-23 16:00:00;247.00
2026-08-23 16:15:00;243.00
2026-08-23 16:30:00;240.00
2026-08-23 16:45:00;236.00
2026-08-23 17:00:00;234.00
2026-08-23 17:15:00;231.00
2026-08-23 17:30:00;229.00
2026-08-23 17:45:00;227.00
2026-08-23 18:00:00;225.00
2026-08-23 18:15:00;223.00
2026-08-23 18:30:00;222.00
2026-08-23 18:45:00;221.00
2026-08-23 19:00:00;221.00
2026-08-23 19:15:00;221.00
2026-08-23 19:30:00;221.00
2026-08-23 19:45:00;221.00
2026-08-23 20:00:00;222.00
2026-08-23 20:15:00;224.00
2026-08-23 20:30:00;226.00
2026-08-23 20:45:00;228.00
2026-08-23 21:00:00;231.00
2026-08-23 21:15:00;235.00
2026-08-23 21:30:00;239.00
2026-08-23 21:45:00;244.00
2026-08-23 22:00:00;251.00
2026-08-23 22:15:00;260.00
2026-08-23 22:30:00;271.00
2026-08-23 22:45:00;285.00
2026-08-23 23:00:00;298.00
2026-08-23 23:15:00;311.00
2026-08-24 00:00:00;348.00
2026-08-24 00:15:00;358.00
2026-08-24 00:30:00;366.00
2026-08-24 00:45:00;373.00
2026-08-24 01:00:00;378.00
2026-08-24 01:15:00;383.00
2026-08-24 01:30:00;386.00
2026-08-24 01:45:00;389.00
2026-08-24 02:00:00;391.00
2026-08-24 02:15:00;393.00
2026-08-24 02:30:00;393.00
2026-08-24 02:45:00;394.00
2026-08-24 03:00:00;394.00
2026-08-24 03:15:00;393.00
2026-08-24 03:30:00;393.00
2026-08-24 03:45:00;392.00
2026-08-24 04:00:00;391.00
2026-08-24 04:15:00;389.00
2026-08-24 04:30:00;388.00
2026-08-24 04:45:00;386.00
2026-08-24 05:00:00;384.00
2026-08-24 05:15:00;382.00
2026-08-24 05:30:00;380.00
2026-08-24 05:45:00;379.00
2026-08-24 06:00:00;376.00
2026-08-24 06:15:00;374.00
2026-08-24 06:30:00;372.00
2026-08-24 06:45:00;370.00
2026-08-24 07:00:00;368.00
2026-08-24 07:15:00;367.00
2026-08-24 07:30:00;365.00
2026-08-24 07:45:00;363.00
2026-08-24 08:00:00;361.00
2026-08-24 08:15:00;360.00
2026-08-24 08:30:00;358.00
2026-08-24 08:45:00;356.00
2026-08-24 09:00:00;355.00
2026-08-24 09:15:00;354.00
2026-08-24 09:30:00;352.00
2026-08-24 09:45:00;351.00
2026-08-24 10:00:00;349.00
2026-08-24 10:15:00;348.00
2026-08-24 10:30:00;347.00
2026-08-24 10:45:00;346.00
2026-08-24 11:00:00;344.00
2026-08-24 11:15:00;342.00
2026-08-24 11:30:00;340.00
2026-08-24 11:45:00;337.00
2026-08-24 12:00:00;334.00
2026-08-24 12:15:00;330.00
2026-08-24 12:30:00;326.00
2026-08-24 12:45:00;321.00
2026-08-24 13:00:00;310.00
2026-08-24 13:15:00;304.00
2026-08-24 13:30:00;298.00
2026-08-24 13:45:00;292.00
2026-08-24 14:00:00;287.00
2026-08-24 14:15:00;281.00
2026-08-24 14:30:00;276.00
2026-08-24 14:45:00;270.00
2026-08-24 15:00:00;264.00
2026-08-24 15:15:00;258.00
2026-08-24 15:30:00;252.00
2026-08-24 15:45:00;247.00
2026-08-24 16:00:00;242.00
2026-08-24 16:15:00;237.00
2026-08-24 16:30:00;237.00
2026-08-24 16:45:00;233.00
2026-08-24 17:00:00;229.00
2026-08-24 17:15:00;225.00
2026-08-24 17:30:00;221.00
2026-08-24 17:45:00;218.00
2026-08-24 18:00:00;215.00
2026-08-24 18:15:00;212.00
2026-08-24 18:30:00;210.00
2026-08-24 18:45:00;207.00
2026-08-24 19:00:00;205.00
2026-08-24 19:15:00;203.00
2026-08-24 19:30:00;201.00
2026-08-24 19:45:00;200.00
2026-08-24 20:00:00;198.00
2026-08-24 20:15:00;197.00
2026-08-24 20:30:00;196.00
2026-08-24 20:45:00;195.00
2026-08-24 21:00:00;195.00
2026-08-24 21:15:00;196.00
2026-08-24 21:30:00;198.00
2026-08-24 21:45:00;202.00
2026-08-24 22:00:00;210.00
2026-08-24 22:15:00;222.00
2026-08-24 22:30:00;238.00
2026-08-24 22:45:00;257.00
2026-08-24 23:00:00;277.00
2026-08-24 23:15:00;295.00
2026-08-25 00:00:00;335.00
2026-08-25 00:15:00;344.00
2026-08-25 00:30:00;351.00
2026-08-25 00:45:00;357.00
2026-08-25 01:00:00;361.00
2026-08-25 01:15:00;364.00
2026-08-25 01:30:00;367.00
2026-08-25 01:45:00;369.00
2026-08-25 02:00:00;370.00
2026-08-25 02:15:00;370.00
2026-08-25 02:30:00;370.00
2026-08-25 02:45:00;370.00
2026-08-25 03:00:00;370.00
2026-08-25 03:15:00;368.00
2026-08-25 03:30:00;367.00
2026-08-25 03:45:00;366.00
2026-08-25 04:00:00;365.00
2026-08-25 04:15:00;363.00
2026-08-25 04:30:00;362.00
2026-08-25 04:45:00;360.00
2026-08-25 05:00:00;358.00
2026-08-25 05:15:00;357.00
2026-08-25 05:30:00;355.00
2026-08-25 05:45:00;353.00
2026-08-25 06:00:00;351.00
2026-08-25 06:15:00;350.00
2026-08-25 06:30:00;348.00
2026-08-25 06:45:00;346.00
2026-08-25 07:00:00;345.00
2026-08-25 07:15:00;343.00
2026-08-25 07:30:00;342.00
2026-08-25 07:45:00;341.00
2026-08-25 08:00:00;340.00
2026-08-25 08:15:00;338.00
2026-08-25 08:30:00;337.00
2026-08-25 08:45:00;336.00
2026-08-25 09:00:00;335.00
2026-08-25 09:15:00;335.00
2026-08-25 09:30:00;334.00
2026-08-25 09:45:00;334.00
2026-08-25 10:00:00;333.00
2026-08-25 10:15:00;333.00
2026-08-25 10:30:00;333.00
2026-08-25 10:45:00;332.00
2026-08-25 11:00:00;332.00
2026-08-25 11:15:00;332.00
2026-08-25 11:30:00;331.00
2026-08-25 11:45:00;331.00
2026-08-25 12:00:00;330.00
2026-08-25 12:15:00;329.00
2026-08-25 12:30:00;328.00
2026-08-25 12:45:00;326.00
2026-08-25 13:00:00;324.00
2026-08-25 13:15:00;321.00
2026-08-25 13:30:00;318.00
2026-08-25 13:45:00;314.00
2026-08-25 14:00:00;310.00
2026-08-25 14:15:00;305.00
2026-08-25 14:30:00;300.00
2026-08-25 14:45:00;295.00
2026-08-25 15:00:00;290.00
2026-08-25 15:15:00;284.00
2026-08-25 15:30:00;279.00
2026-08-25 15:45:00;273.00
2026-08-25 16:00:00;267.00
2026-08-25 16:15:00;261.00
2026-08-25 16:30:00;255.00
2026-08-25 16:45:00;250.00
2026-08-25 17:00:00;244.00
2026-08-25 17:15:00;239.00
2026-08-25 17:30:00;234.00
2026-08-25 17:45:00;229.00
2026-08-25 18:00:00;225.00
2026-08-25 18:15:00;221.00
2026-08-25 18:30:00;217.00
2026-08-25 18:45:00;214.00
2026-08-25 19:00:00;210.00
2026-08-25 19:15:00;207.00
2026-08-25 19:30:00;204.00
2026-08-25 19:45:00;201.00
2026-08-25 20:00:00;198.00
2026-08-25 20:15:00;196.00
2026-08-25 20:30:00;194.00
2026-08-25 20:45:00;192.00
2026-08-25 21:00:00;191.00
2026-08-25 21:15:00;190.00
2026-08-25 21:30:00;191.00
2026-08-25 21:45:00;193.00
2026-08-25 22:00:00;199.00
2026-08-25 22:15:00;209.00
2026-08-25 22:30:00;222.00
2026-08-25 22:45:00;238.00
2026-08-25 23:00:00;255.00
2026-08-25 23:15:00;273.00
2026-08-26 00:00:00;312.00
2026-08-26 00:15:00;321.00
2026-08-26 00:30:00;328.00
2026-08-26 00:45:00;333.00
2026-08-26 01:00:00;338.00
2026-08-26 01:15:00;342.00
2026-08-26 01:30:00;345.00
2026-08-26 01:45:00;347.00
2026-08-26 02:00:00;348.00
2026-08-26 02:15:00;349.00
2026-08-26 02:30:00;349.00
2026-08-26 02:45:00;350.00
2026-08-26 03:00:00;349.00
2026-08-26 03:15:00;349.00
2026-08-26 03:30:00;348.00
2026-08-26 03:45:00;347.00
2026-08-26 04:00:00;346.00
2026-08-26 04:15:00;345.00
2026-08-26 04:30:00;344.00
2026-08-26 04:45:00;342.00
2026-08-26 05:00:00;341.00
2026-08-26 05:15:00;340.00
2026-08-26 05:30:00;339.00
2026-08-26 05:45:00;337.00
2026-08-26 06:00:00;336.00
2026-08-26 06:15:00;334.00
2026-08-26 06:30:00;333.00
2026-08-26 06:45:00;332.00
2026-08-26 07:00:00;331.00
2026-08-26 07:15:00;330.00
2026-08-26 07:30:00;329.00
2026-08-26 07:45:00;328.00
2026-08-26 08:00:00;326.00
2026-08-26 08:15:00;326.00
2026-08-26 08:30:00;324.00
2026-08-26 08:45:00;324.00
2026-08-26 09:00:00;323.00
2026-08-26 09:15:00;322.00
2026-08-26 09:30:00;321.00
2026-08-26 09:45:00;320.00
2026-08-26 10:00:00;319.00
2026-08-26 10:15:00;319.00
2026-08-26 10:30:00;318.00
2026-08-26 10:45:00;317.00
2026-08-26 11:00:00;316.00
2026-08-26 11:15:00;315.00
2026-08-26 11:30:00;314.00
2026-08-26 11:45:00;313.00
2026-08-26 12:00:00;310.00
2026-08-26 12:15:00;308.00
2026-08-26 12:30:00;305.00
2026-08-26 12:45:00;301.00
2026-08-26 13:00:00;297.00
2026-08-26 13:15:00;293.00
2026-08-26 13:30:00;288.00
2026-08-26 13:45:00;283.00
2026-08-26 14:00:00;278.00
2026-08-26 14:15:00;272.00
2026-08-26 14:30:00;266.00
2026-08-26 14:45:00;260.00
2026-08-26 15:00:00;254.00
2026-08-26 15:15:00;248.00
2026-08-26 15:30:00;243.00
2026-08-26 15:45:00;237.00
2026-08-26 16:00:00;232.00
2026-08-26 16:15:00;227.00
2026-08-26 16:30:00;222.00
2026-08-26 16:45:00;218.00
2026-08-26 17:00:00;214.00
2026-08-26 17:15:00;209.00
2026-08-26 17:30:00;205.00
2026-08-26 17:45:00;202.00
2026-08-26 18:00:00;198.00
2026-08-26 18:15:00;194.00
2026-08-26 18:30:00;191.00
2026-08-26 18:45:00;188.00
2026-08-26 19:00:00;185.00
2026-08-26 19:15:00;182.00
2026-08-26 19:30:00;179.00
2026-08-26 19:45:00;177.00
2026-08-26 20:00:00;174.00
2026-08-26 20:15:00;172.00
2026-08-26 20:30:00;171.00
2026-08-26 20:45:00;170.00
2026-08-26 21:00:00;170.00
2026-08-26 21:15:00;171.00
2026-08-26 21:30:00;176.00
2026-08-26 21:45:00;184.00
2026-08-26 22:00:00;196.00
2026-08-26 22:15:00;211.00
2026-08-26 22:30:00;228.00
2026-08-26 22:45:00;243.00
2026-08-26 23:00:00;257.00
2026-08-26 23:15:00;269.00
2026-08-27 00:00:00;294.00
2026-08-27 00:15:00;299.00
2026-08-27 00:30:00;304.00
2026-08-27 00:45:00;307.00
2026-08-27 01:00:00;310.00
2026-08-27 01:15:00;312.00
2026-08-27 01:30:00;314.00
2026-08-27 01:45:00;316.00
2026-08-27 02:00:00;317.00
2026-08-27 02:15:00;318.00
2026-08-27 02:30:00;319.00
2026-08-27 02:45:00;320.00
2026-08-27 03:00:00;320.00
2026-08-27 03:15:00;321.00
2026-08-27 03:30:00;321.00
2026-08-27 03:45:00;322.00
2026-08-27 04:00:00;322.00
2026-08-27 04:15:00;322.00
2026-08-27 04:30:00;321.00
2026-08-27 04:45:00;322.00
2026-08-27 05:00:00;321.00
2026-08-27 05:15:00;321.00
2026-08-27 05:30:00;321.00
2026-08-27 05:45:00;321.00
2026-08-27 06:00:00;321.00
2026-08-27 06:15:00;321.00
2026-08-27 06:30:00;321.00
2026-08-27 06:45:00;321.00
2026-08-27 07:00:00;321.00
2026-08-27 07:15:00;321.00
2026-08-27 07:30:00;321.00
2026-08-27 07:45:00;321.00
2026-08-27 08:00:00;321.00
2026-08-27 08:15:00;321.00
2026-08-27 08:30:00;321.00
2026-08-27 08:45:00;321.00
2026-08-27 09:00:00;321.00
2026-08-27 09:15:00;321.00
2026-08-27 09:30:00;321.00
2026-08-27 09:45:00;320.00
2026-08-27 10:00:00;320.00
2026-08-27 10:15:00;320.00
2026-08-27 10:30:00;320.00
2026-08-27 10:45:00;320.00
2026-08-27 11:00:00;319.00
2026-08-27 11:15:00;319.00
2026-08-27 11:30:00;320.00
2026-08-27 11:45:00;319.00
2026-08-27 12:00:00;319.00
2026-08-27 12:15:00;319.00
2026-08-27 12:30:00;319.00
2026-08-27 12:45:00;318.00
2026-08-27 13:00:00;318.00
2026-08-27 13:15:00;318.00
2026-08-27 13:30:00;318.00
2026-08-27 13:45:00;317.00
2026-08-27 14:00:00;316.00
2026-08-27 14:15:00;314.00
2026-08-27 14:30:00;312.00
2026-08-27 14:45:00;309.00
2026-08-27 15:00:00;306.00
2026-08-27 15:15:00;302.00
2026-08-27 15:30:00;297.00
2026-08-27 15:45:00;293.00
2026-08-27 16:00:00;288.00
2026-08-27 16:15:00;283.00
2026-08-27 16:30:00;278.00
2026-08-27 16:45:00;272.00
2026-08-27 17:00:00;266.00
2026-08-27 17:15:00;260.00
2026-08-27 17:30:00;254.00
2026-08-27 17:45:00;248.00
2026-08-27 18:00:00;243.00
2026-08-27 18:15:00;237.00
2026-08-27 18:30:00;232.00
2026-08-27 18:45:00;227.00
2026-08-27 19:00:00;223.00
2026-08-27 19:15:00;218.00
2026-08-27 19:30:00;213.00
2026-08-27 19:45:00;209.00
2026-08-27 20:00:00;205.00
2026-08-27 20:15:00;201.00
2026-08-27 20:30:00;198.00
2026-08-27 20:45:00;194.00
2026-08-27 21:00:00;191.00
2026-08-27 21:15:00;189.00
2026-08-27 21:30:00;187.00
2026-08-27 22:00:00;187.00
2026-08-27 22:15:00;191.00
2026-08-27 22:30:00;196.00
2026-08-27 22:45:00;204.00
2026-08-27 23:00:00;214.00
2026-08-27 23:15:00;224.00
2026-08-28 00:00:00;253.00
2026-08-28 00:15:00;261.00
2026-08-28 00:30:00;267.00
2026-08-28 00:45:00;272.00
2026-08-28 01:00:00;276.00
2026-08-28 01:15:00;280.00
2026-08-28 01:30:00;283.00
2026-08-28 01:45:00;285.00
2026-08-28 02:00:00;287.00
2026-08-28 02:15:00;289.00
2026-08-28 02:30:00;290.00
2026-08-28 02:45:00;291.00
2026-08-28 03:00:00;291.00
2026-08-28 03:15:00;292.00
2026-08-28 03:30:00;293.00
2026-08-28 03:45:00;292.00
2026-08-28 04:00:00;293.00
2026-08-28 04:15:00;293.00
2026-08-28 04:30:00;293.00
2026-08-28 04:45:00;293.00
2026-08-28 05:00:00;294.00
2026-08-28 05:15:00;294.00
2026-08-28 05:30:00;294.00
2026-08-28 05:45:00;295.00
2026-08-28 06:00:00;296.00
2026-08-28 06:15:00;296.00
2026-08-28 06:30:00;298.00
2026-08-28 06:45:00;299.00
2026-08-28 07:00:00;300.00
2026-08-28 07:15:00;301.00
2026-08-28 07:30:00;303.00
2026-08-28 07:45:00;304.00
2026-08-28 08:00:00;305.00
2026-08-28 08:15:00;306.00
2026-08-28 08:30:00;307.00
2026-08-28 08:45:00;308.00
2026-08-28 09:00:00;308.00
2026-08-28 09:15:00;310.00
2026-08-28 09:30:00;309.00
2026-08-28 09:45:00;310.00
2026-08-28 10:00:00;311.00
2026-08-28 10:15:00;312.00
2026-08-28 10:30:00;312.00
2026-08-28 10:45:00;312.00
2026-08-28 11:00:00;313.00
2026-08-28 11:15:00;313.00
2026-08-28 11:30:00;314.00
2026-08-28 11:45:00;314.00
2026-08-28 12:00:00;314.00
2026-08-28 12:15:00;313.00
2026-08-28 12:30:00;312.00
2026-08-28 12:45:00;310.00
2026-08-28 13:00:00;308.00
2026-08-28 13:15:00;305.00
2026-08-28 13:30:00;302.00
2026-08-28 13:45:00;298.00
2026-08-28 14:00:00;294.00
2026-08-28 14:15:00;289.00
2026-08-28 14:30:00;284.00
2026-08-28 14:45:00;279.00
2026-08-28 15:00:00;274.00
2026-08-28 15:15:00;268.00
2026-08-28 15:30:00;262.00
2026-08-28 15:45:00;256.00
2026-08-28 16:00:00;251.00
2026-08-28 16:15:00;245.00
2026-08-28 16:30:00;239.00
2026-08-28 16:45:00;234.00
2026-08-28 17:00:00;229.00
2026-08-28 17:15:00;224.00
2026-08-28 17:30:00;219.00
2026-08-28 17:45:00;216.00
2026-08-28 18:00:00;212.00
2026-08-28 18:15:00;207.00
2026-08-28 18:30:00;203.00
2026-08-28 18:45:00;200.00
2026-08-28 19:00:00;196.00
2026-08-28 19:15:00;189.00
2026-08-28 19:30:00;189.00
2026-08-28 19:45:00;186.00
2026-08-28 20:00:00;183.00
2026-08-28 20:15:00;181.00
2026-08-28 20:30:00;178.00
2026-08-28 20:45:00;176.00
2026-08-28 21:00:00;173.00
2026-08-28 21:15:00;171.00
2026-08-28 21:30:00;169.00
2026-08-28 21:45:00;168.00
2026-08-28 22:00:00;166.00
2026-08-28 22:15:00;165.00
2026-08-28 22:30:00;165.00
2026-08-28 22:45:00;166.00
2026-08-28 23:00:00;170.00
2026-08-28 23:15:00;178.00
2026-08-28 23:30:00;190.00
2026-08-29 00:00:00;223.00
2026-08-29 00:15:00;240.00
2026-08-29 00:30:00;255.00
2026-08-29 00:45:00;269.00
2026-08-29 01:00:00;279.00
2026-08-29 01:15:00;288.00
2026-08-29 01:30:00;295.00
2026-08-29 01:45:00;300.00
2026-08-29 02:00:00;304.00
2026-08-29 02:15:00;307.00
2026-08-29 02:30:00;310.00
2026-08-29 02:45:00;311.00
2026-08-29 03:00:00;313.00
2026-08-29 03:15:00;314.00
2026-08-29 03:30:00;315.00
2026-08-29 03:45:00;315.00
2026-08-29 04:00:00;317.00
2026-08-29 04:15:00;317.00
2026-08-29 04:30:00;317.00
2026-08-29 04:45:00;318.00
2026-08-29 05:00:00;318.00
2026-08-29 05:15:00;318.00
2026-08-29 05:30:00;318.00
2026-08-29 05:45:00;318.00
2026-08-29 06:00:00;318.00
2026-08-29 06:15:00;318.00
2026-08-29 06:30:00;318.00
2026-08-29 06:45:00;318.00
2026-08-29 07:00:00;318.00
2026-08-29 07:15:00;318.00
2026-08-29 07:30:00;318.00
2026-08-29 07:45:00;318.00
2026-08-29 08:00:00;318.00
2026-08-29 08:15:00;319.00
2026-08-29 08:30:00;318.00
2026-08-29 08:45:00;318.00
2026-08-29 09:00:00;318.00
2026-08-29 09:15:00;319.00
2026-08-29 09:30:00;319.00
2026-08-29 09:45:00;319.00
2026-08-29 10:00:00;319.00
2026-08-29 10:15:00;319.00
2026-08-29 10:30:00;320.00
2026-08-29 10:45:00;319.00
2026-08-29 11:00:00;320.00
2026-08-29 11:15:00;320.00
2026-08-29 11:30:00;321.00
2026-08-29 11:45:00;322.00
2026-08-29 12:00:00;322.00
2026-08-29 12:15:00;322.00
2026-08-29 12:30:00;323.00
2026-08-29 12:45:00;324.00
2026-08-29 13:00:00;324.00
2026-08-29 13:15:00;324.00
2026-08-29 13:30:00;324.00
2026-08-29 13:45:00;323.00
2026-08-29 14:00:00;322.00
2026-08-29 14:15:00;320.00
2026-08-29 14:30:00;317.00
2026-08-29 14:45:00;314.00
2026-08-29 15:00:00;311.00
2026-08-29 15:15:00;307.00
2026-08-29 15:30:00;303.00
2026-08-29 15:45:00;298.00
2026-08-29 16:00:00;293.00
2026-08-29 16:15:00;288.00
2026-08-29 16:30:00;282.00
2026-08-29 16:45:00;277.00
2026-08-29 17:00:00;272.00
2026-08-29 17:15:00;267.00
2026-08-29 17:30:00;261.00
2026-08-29 17:45:00;256.00
2026-08-29 18:00:00;251.00
2026-08-29 18:15:00;246.00
2026-08-29 18:30:00;241.00
2026-08-29 18:45:00;237.00
2026-08-29 19:00:00;234.00
2026-08-29 19:15:00;231.00
2026-08-29 19:30:00;229.00
2026-08-29 19:45:00;226.00
2026-08-29 20:00:00;224.00
2026-08-29 20:15:00;222.00
2026-08-29 20:30:00;219.00
2026-08-29 20:45:00;217.00
2026-08-29 21:00:00;216.00
2026-08-29 21:15:00;214.00
2026-08-29 21:30:00;213.00
2026-08-29 21:45:00;212.00
2026-08-29 22:00:00;212.00
2026-08-29 22:15:00;212.00
2026-08-29 22:30:00;212.00
2026-08-29 22:45:00;214.00
2026-08-29 23:00:00;217.00
2026-08-29 23:15:00;223.00
2026-08-29 23:30:00;231.00
2026-08-29 23:45:00;242.00
2026-08-30 00:00:00;256.00
2026-08-30 00:15:00;271.00
2026-08-30 00:30:00;286.00
2026-08-30 00:45:00;302.00
2026-08-30 01:00:00;317.00
2026-08-30 01:15:00;330.00
2026-08-30 01:30:00;342.00
2026-08-30 01:45:00;353.00
2026-08-30 02:00:00;363.00
2026-08-30 02:15:00;373.00
2026-08-30 02:30:00;383.00
2026-08-30 02:45:00;393.00
2026-08-30 03:00:00;403.00
2026-08-30 03:15:00;411.00
2026-08-30 03:30:00;419.00
2026-08-30 03:45:00;425.00
2026-08-30 04:00:00;431.00
2026-08-30 04:15:00;436.00
2026-08-30 04:30:00;440.00
2026-08-30 04:45:00;444.00
2026-08-30 05:00:00;447.00
2026-08-30 05:15:00;451.00
2026-08-30 05:30:00;453.00
2026-08-30 05:45:00;455.00
2026-08-30 06:00:00;457.00
2026-08-30 06:15:00;458.00
2026-08-30 06:30:00;459.00
2026-08-30 06:45:00;459.00
2026-08-30 07:00:00;460.00
2026-08-30 07:15:00;460.00
2026-08-30 07:30:00;460.00
2026-08-30 07:45:00;460.00
2026-08-30 08:00:00;459.00
2026-08-30 08:15:00;459.00
2026-08-30 08:30:00;458.00
2026-08-30 08:45:00;458.00
2026-08-30 09:00:00;457.00
2026-08-30 09:15:00;457.00
2026-08-30 09:30:00;456.00
2026-08-30 09:45:00;455.00
2026-08-30 10:00:00;455.00
2026-08-30 10:15:00;454.00
2026-08-30 10:30:00;453.00
2026-08-30 10:45:00;452.00
2026-08-30 11:00:00;451.00
2026-08-30 11:15:00;448.00
2026-08-30 11:30:00;445.00
2026-08-30 11:45:00;442.00
2026-08-30 12:00:00;438.00
2026-08-30 12:15:00;434.00
2026-08-30 12:30:00;429.00
2026-08-30 12:45:00;424.00
2026-08-30 13:00:00;419.00
2026-08-30 13:15:00;414.00
2026-08-30 13:30:00;409.00
2026-08-30 13:45:00;405.00
2026-08-30 14:00:00;401.00
2026-08-30 14:15:00;397.00
2026-08-30 14:30:00;394.00
2026-08-30 14:45:00;392.00
2026-08-30 15:00:00;390.00
2026-08-30 15:15:00;389.00
2026-08-30 15:30:00;389.00
2026-08-30 15:45:00;391.00
2026-08-30 16:00:00;392.00
2026-08-30 16:15:00;395.00
2026-08-30 16:30:00;399.00
2026-08-30 16:45:00;403.00
2026-08-30 17:00:00;407.00
2026-08-30 17:15:00;412.00
2026-08-30 17:30:00;418.00
2026-08-30 17:45:00;424.00
2026-08-30 18:00:00;430.00
2026-08-30 18:15:00;436.00
2026-08-30 18:30:00;441.00
2026-08-30 18:45:00;447.00
2026-08-30 19:00:00;453.00
2026-08-30 19:15:00;458.00
2026-08-30 19:30:00;464.00
2026-08-30 19:45:00;469.00
2026-08-30 20:00:00;475.00
2026-08-30 20:15:00;481.00
2026-08-30 20:30:00;489.00
2026-08-30 20:45:00;498.00
2026-08-30 21:00:00;509.00
2026-08-30 21:15:00;520.00
2026-08-30 21:30:00;532.00
2026-08-30 21:45:00;544.00
2026-08-30 22:00:00;555.00
2026-08-30 22:15:00;564.00
2026-08-30 22:30:00;573.00
2026-08-30 22:45:00;581.00
2026-08-30 23:00:00;588.00
2026-08-30 23:15:00;593.00
2026-08-30 23:30:00;598.00
2026-08-31 00:00:00;605.00
2026-08-31 00:15:00;610.00
2026-08-31 00:30:00;613.00
2026-08-31 00:45:00;616.00
2026-08-31 01:00:00;619.00
2026-08-31 01:15:00;622.00
2026-08-31 01:30:00;625.00
2026-08-31 01:45:00;626.00
2026-08-31 02:00:00;627.00
2026-08-31 02:15:00;629.00
2026-08-31 02:30:00;631.00
2026-08-31 02:45:00;635.00
2026-08-31 03:00:00;639.00
2026-08-31 03:15:00;642.00
2026-08-31 03:30:00;647.00
2026-08-31 03:45:00;651.00
2026-08-31 04:00:00;657.00
2026-08-31 04:15:00;665.00
2026-08-31 04:30:00;674.00
2026-08-31 04:45:00;684.00
2026-08-31 05:00:00;694.00
2026-08-31 05:15:00;706.00
2026-08-31 05:30:00;714.00
2026-08-31 05:45:00;729.00
2026-08-31 06:00:00;729.00
2026-08-31 06:15:00;736.00
2026-08-31 06:30:00;741.00
2026-08-31 06:45:00;745.00
2026-08-31 07:00:00;749.00
2026-08-31 07:15:00;752.00
2026-08-31 07:30:00;752.00
2026-08-31 07:45:00;754.00
2026-08-31 08:00:00;754.00
2026-08-31 08:15:00;754.00
2026-08-31 08:30:00;753.00
2026-08-31 08:45:00;753.00
2026-08-31 09:00:00;753.00
2026-08-31 09:15:00;752.00
2026-08-31 09:30:00;751.00
2026-08-31 09:45:00;752.00
2026-08-31 10:00:00;750.00
2026-08-31 10:15:00;750.00
2026-08-31 10:30:00;750.00
2026-08-31 10:45:00;749.00
2026-08-31 11:00:00;749.00
2026-08-31 11:15:00;747.00
2026-08-31 11:30:00;748.00
2026-08-31 11:45:00;745.00
2026-08-31 12:00:00;742.00
2026-08-31 12:15:00;739.00
2026-08-31 12:30:00;735.00
2026-08-31 12:45:00;730.00
2026-08-31 13:00:00;726.00
2026-08-31 13:15:00;722.00
2026-08-31 13:30:00;721.00
2026-08-31 13:45:00;716.00
2026-08-31 14:00:00;712.00
2026-08-31 14:15:00;708.00
2026-08-31 14:30:00;706.00
2026-08-31 14:45:00;703.00
2026-08-31 15:00:00;702.00
2026-08-31 15:15:00;701.00
2026-08-31 15:30:00;700.00
2026-08-31 15:45:00;700.00
2026-08-31 16:00:00;701.00
2026-08-31 16:15:00;702.00
2026-08-31 16:30:00;704.00
2026-08-31 16:45:00;707.00
2026-08-31 17:00:00;713.00
2026-08-31 17:15:00;715.00
2026-08-31 17:30:00;719.00
2026-08-31 17:45:00;723.00
2026-08-31 18:00:00;727.00
2026-08-31 18:15:00;730.00
2026-08-31 18:30:00;733.00
2026-08-31 18:45:00;735.00
2026-08-31 19:00:00;738.00
2026-08-31 19:15:00;738.00
2026-08-31 19:30:00;739.00
2026-08-31 19:45:00;739.00
2026-08-31 20:00:00;739.00
2026-08-31 20:15:00;738.00
2026-08-31 20:30:00;736.00
2026-08-31 20:45:00;735.00
2026-08-31 21:00:00;733.00
2026-08-31 21:15:00;731.00
2026-08-31 21:30:00;730.00
2026-08-31 21:45:00;727.00
2026-08-31 22:00:00;725.00
2026-08-31 22:15:00;722.00
2026-08-31 22:30:00;718.00
2026-08-31 22:45:00;714.00
2026-08-31 23:00:00;710.00
2026-08-31 23:15:00;706.00
2026-09-01 00:00:00;695.00
2026-09-01 00:15:00;692.00
2026-09-01 00:30:00;689.00
2026-09-01 00:45:00;687.00
2026-09-01 01:00:00;686.00
2026-09-01 01:15:00;684.00
2026-09-01 01:30:00;683.00
2026-09-01 01:45:00;683.00
2026-09-01 02:00:00;683.00
2026-09-01 02:15:00;683.00
2026-09-01 02:30:00;683.00
2026-09-01 02:45:00;684.00
2026-09-01 03:00:00;684.00
2026-09-01 03:15:00;685.00
2026-09-01 03:30:00;686.00
2026-09-01 03:45:00;688.00
2026-09-01 04:00:00;688.00
2026-09-01 04:15:00;689.00
2026-09-01 04:30:00;691.00
2026-09-01 04:45:00;691.00
2026-09-01 05:00:00;692.00
2026-09-01 05:15:00;692.00
2026-09-01 05:30:00;692.00
2026-09-01 05:45:00;692.00
2026-09-01 06:00:00;693.00
2026-09-01 06:15:00;692.00
2026-09-01 06:30:00;693.00
2026-09-01 06:45:00;692.00
2026-09-01 07:00:00;692.00
2026-09-01 07:15:00;691.00
2026-09-01 07:30:00;691.00
2026-09-01 07:45:00;691.00
2026-09-01 08:00:00;690.00
2026-09-01 08:15:00;690.00
2026-09-01 08:30:00;688.00
2026-09-01 08:45:00;688.00
2026-09-01 09:00:00;687.00
2026-09-01 09:15:00;686.00
2026-09-01 09:30:00;686.00
2026-09-01 09:45:00;684.00
2026-09-01 10:00:00;684.00
2026-09-01 10:15:00;682.00
2026-09-01 10:30:00;681.00
2026-09-01 10:45:00;680.00
2026-09-01 11:00:00;680.00
2026-09-01 11:15:00;679.00
2026-09-01 11:30:00;677.00
2026-09-01 11:45:00;676.00
2026-09-01 12:00:00;674.00
2026-09-01 12:15:00;672.00
2026-09-01 12:30:00;670.00
2026-09-01 12:45:00;666.00
2026-09-01 13:00:00;662.00
2026-09-01 13:15:00;659.00
2026-09-01 13:30:00;654.00
2026-09-01 13:45:00;651.00
2026-09-01 14:00:00;647.00
2026-09-01 14:15:00;644.00
2026-09-01 14:30:00;640.00
2026-09-01 14:45:00;638.00
2026-09-01 15:00:00;636.00
2026-09-01 15:15:00;633.00
2026-09-01 15:30:00;632.00
2026-09-01 15:45:00;630.00
2026-09-01 16:00:00;630.00
2026-09-01 16:15:00;628.00
2026-09-01 16:30:00;627.00
2026-09-01 16:45:00;627.00
2026-09-01 17:00:00;626.00
2026-09-01 17:15:00;625.00
2026-09-01 17:30:00;624.00
2026-09-01 17:45:00;624.00
2026-09-01 18:00:00;624.00
2026-09-01 18:15:00;624.00
2026-09-01 18:30:00;624.00
2026-09-01 18:45:00;624.00
2026-09-01 19:00:00;626.00
2026-09-01 19:15:00;628.00
2026-09-01 19:30:00;631.00
2026-09-01 19:45:00;634.00
2026-09-01 20:00:00;638.00
2026-09-01 20:15:00;642.00
2026-09-01 20:30:00;645.00
2026-09-01 20:45:00;650.00
2026-09-01 21:00:00;652.00
2026-09-01 21:15:00;654.00
2026-09-01 21:30:00;656.00
2026-09-01 21:45:00;658.00
2026-09-01 22:00:00;658.00
2026-09-01 22:15:00;659.00
2026-09-01 22:30:00;658.00
2026-09-01 22:45:00;657.00
2026-09-01 23:00:00;656.00
2026-09-01 23:15:00;655.00
2026-09-01 23:30:00;652.00
2026-09-02 00:00:00;649.00
2026-09-02 00:15:00;647.00
2026-09-02 00:30:00;643.00
2026-09-02 00:45:00;643.00
2026-09-02 01:00:00;641.00
2026-09-02 01:15:00;637.00
2026-09-02 01:30:00;634.00
2026-09-02 01:45:00;632.00
2026-09-02 02:00:00;628.00
2026-09-02 02:15:00;625.00
2026-09-02 02:30:00;621.00
2026-09-02 02:45:00;615.00
2026-09-02 03:00:00;605.00
2026-09-02 03:15:00;598.00
2026-09-02 03:30:00;591.00
2026-09-02 03:45:00;586.00
2026-09-02 04:00:00;581.00
2026-09-02 04:15:00;577.00
2026-09-02 04:30:00;573.00
2026-09-02 04:45:00;571.00
2026-09-02 05:00:00;570.00
2026-09-02 05:15:00;569.00
2026-09-02 05:30:00;568.00
2026-09-02 05:45:00;568.00
2026-09-02 06:00:00;568.00
2026-09-02 06:15:00;568.00
2026-09-02 06:30:00;569.00
2026-09-02 06:45:00;570.00
2026-09-02 07:00:00;570.00
2026-09-02 07:15:00;571.00
2026-09-02 07:30:00;572.00
2026-09-02 07:45:00;572.00
2026-09-02 08:00:00;572.00
2026-09-02 08:15:00;573.00
2026-09-02 08:30:00;573.00
2026-09-02 08:45:00;573.00
2026-09-02 09:00:00;573.00
2026-09-02 09:15:00;574.00
2026-09-02 09:30:00;573.00
2026-09-02 09:45:00;573.00
2026-09-02 10:00:00;572.00
2026-09-02 10:15:00;572.00
2026-09-02 10:30:00;571.00
2026-09-02 10:45:00;568.00
2026-09-02 11:00:00;568.00
2026-09-02 11:15:00;566.00
2026-09-02 11:30:00;563.00
2026-09-02 11:45:00;559.00
2026-09-02 12:00:00;555.00
2026-09-02 12:15:00;550.00
2026-09-02 12:30:00;545.00
2026-09-02 12:45:00;540.00
2026-09-02 13:00:00;535.00
2026-09-02 13:15:00;531.00
2026-09-02 13:30:00;527.00
2026-09-02 13:45:00;521.00
2026-09-02 14:00:00;521.00
2026-09-02 14:15:00;519.00
2026-09-02 14:30:00;517.00
2026-09-02 14:45:00;517.00
2026-09-02 15:00:00;517.00
2026-09-02 15:15:00;518.00
2026-09-02 15:30:00;519.00
2026-09-02 15:45:00;520.00
2026-09-02 16:00:00;521.00
2026-09-02 16:15:00;523.00
2026-09-02 16:30:00;524.00
2026-09-02 16:45:00;525.00
2026-09-02 17:00:00;527.00
2026-09-02 17:15:00;528.00
2026-09-02 17:30:00;529.00
2026-09-02 17:45:00;531.00
2026-09-02 18:00:00;532.00
2026-09-02 18:15:00;534.00
2026-09-02 18:30:00;535.00
2026-09-02 18:45:00;537.00
2026-09-02 19:00:00;539.00
2026-09-02 19:15:00;541.00
2026-09-02 19:30:00;544.00
2026-09-02 19:45:00;546.00
2026-09-02 20:00:00;547.00
2026-09-02 20:15:00;549.00
2026-09-02 20:30:00;550.00
2026-09-02 20:45:00;550.00
2026-09-02 21:00:00;550.00
2026-09-02 21:15:00;549.00
2026-09-02 21:30:00;549.00
2026-09-02 21:45:00;548.00
2026-09-02 22:00:00;545.00
2026-09-02 22:15:00;544.00
2026-09-02 22:30:00;543.00
2026-09-02 22:45:00;540.00
2026-09-02 23:00:00;538.00
2026-09-02 23:15:00;536.00
2026-09-03 00:00:00;530.00
2026-09-03 00:15:00;528.00
2026-09-03 00:30:00;526.00
2026-09-03 00:45:00;524.00
2026-09-03 01:00:00;523.00
2026-09-03 01:15:00;520.00
2026-09-03 01:30:00;519.00
2026-09-03 01:45:00;517.00
2026-09-03 02:00:00;516.00
2026-09-03 02:15:00;514.00
2026-09-03 02:30:00;511.00
2026-09-03 02:45:00;511.00
2026-09-03 03:00:00;510.00
2026-09-03 03:15:00;509.00
2026-09-03 03:30:00;508.00
2026-09-03 03:45:00;506.00
2026-09-03 04:00:00;505.00
2026-09-03 04:15:00;504.00
2026-09-03 04:30:00;503.00
2026-09-03 04:45:00;502.00
2026-09-03 05:00:00;501.00
2026-09-03 05:15:00;500.00
2026-09-03 05:30:00;499.00
2026-09-03 05:45:00;497.00
2026-09-03 06:00:00;496.00
2026-09-03 06:15:00;495.00
2026-09-03 06:30:00;494.00
2026-09-03 06:45:00;494.00
2026-09-03 07:00:00;493.00
2026-09-03 07:15:00;492.00
2026-09-03 07:30:00;492.00
2026-09-03 07:45:00;490.00
2026-09-03 08:00:00;489.00
2026-09-03 08:15:00;489.00
2026-09-03 08:30:00;488.00
2026-09-03 08:45:00;487.00
2026-09-03 09:00:00;486.00
2026-09-03 09:15:00;485.00
2026-09-03 09:30:00;485.00
2026-09-03 09:45:00;483.00
2026-09-03 10:00:00;483.00
2026-09-03 10:15:00;482.00
2026-09-03 10:30:00;481.00
2026-09-03 10:45:00;480.00
2026-09-03 11:00:00;478.00
2026-09-03 11:15:00;476.00
2026-09-03 11:30:00;474.00
2026-09-03 11:45:00;470.00
2026-09-03 12:00:00;466.00
2026-09-03 12:15:00;462.00
2026-09-03 12:30:00;456.00
2026-09-03 12:45:00;451.00
2026-09-03 13:00:00;445.00
2026-09-03 13:15:00;439.00
2026-09-03 13:30:00;432.00
2026-09-03 13:45:00;427.00
2026-09-03 14:00:00;422.00
2026-09-03 14:15:00;418.00
2026-09-03 14:30:00;414.00
2026-09-03 14:45:00;411.00
2026-09-03 15:00:00;409.00
2026-09-03 15:15:00;408.00
2026-09-03 15:30:00;407.00
2026-09-03 15:45:00;408.00
2026-09-03 16:00:00;409.00
2026-09-03 16:15:00;411.00
2026-09-03 16:30:00;413.00
2026-09-03 16:45:00;416.00
2026-09-03 17:00:00;418.00
2026-09-03 17:15:00;420.00
2026-09-03 17:30:00;423.00
2026-09-03 17:45:00;426.00
2026-09-03 18:00:00;428.00
2026-09-03 18:15:00;430.00
2026-09-03 18:30:00;432.00
2026-09-03 18:45:00;434.00
2026-09-03 19:00:00;436.00
2026-09-03 19:15:00;438.00
2026-09-03 19:30:00;441.00
2026-09-03 19:45:00;445.00
2026-09-03 20:00:00;450.00
2026-09-03 20:15:00;456.00
2026-09-03 20:30:00;462.00
2026-09-03 20:45:00;469.00
2026-09-03 21:00:00;475.00
2026-09-03 21:15:00;480.00
2026-09-03 21:30:00;485.00
2026-09-03 21:45:00;489.00
2026-09-03 22:00:00;491.00
2026-09-03 22:15:00;492.00
2026-09-03 22:30:00;492.00
2026-09-03 22:45:00;492.00
2026-09-03 23:00:00;491.00
2026-09-03 23:15:00;489.00
2026-09-04 00:00:00;482.00
2026-09-04 00:15:00;479.00
2026-09-04 00:30:00;477.00
2026-09-04 00:45:00;474.00
2026-09-04 01:00:00;471.00
2026-09-04 01:15:00;468.00
2026-09-04 01:30:00;465.00
2026-09-04 01:45:00;463.00
2026-09-04 02:00:00;460.00
2026-09-04 02:15:00;458.00
2026-09-04 02:30:00;455.00
2026-09-04 02:45:00;453.00
2026-09-04 03:00:00;451.00
2026-09-04 03:15:00;449.00
2026-09-04 03:30:00;447.00
2026-09-04 03:45:00;445.00
2026-09-04 04:00:00;443.00
2026-09-04 04:15:00;442.00
2026-09-04 04:30:00;441.00
2026-09-04 04:45:00;439.00
2026-09-04 05:00:00;438.00
2026-09-04 05:15:00;436.00
2026-09-04 05:30:00;435.00
2026-09-04 05:45:00;434.00
2026-09-04 06:00:00;433.00
2026-09-04 06:15:00;431.00
2026-09-04 06:30:00;430.00
2026-09-04 06:45:00;429.00
2026-09-04 07:00:00;427.00
2026-09-04 07:15:00;426.00
2026-09-04 07:30:00;425.00
2026-09-04 07:45:00;424.00
2026-09-04 08:00:00;423.00
2026-09-04 08:15:00;422.00
2026-09-04 08:30:00;421.00
2026-09-04 08:45:00;419.00
2026-09-04 09:00:00;419.00
2026-09-04 09:15:00;417.00
2026-09-04 09:30:00;416.00
2026-09-04 09:45:00;415.00
2026-09-04 10:00:00;414.00
2026-09-04 10:15:00;413.00
2026-09-04 10:30:00;412.00
2026-09-04 10:45:00;411.00
2026-09-04 11:00:00;411.00
2026-09-04 11:15:00;409.00
2026-09-04 11:30:00;409.00
2026-09-04 11:45:00;408.00
2026-09-04 12:00:00;407.00
2026-09-04 12:15:00;406.00
2026-09-04 12:30:00;406.00
2026-09-04 12:45:00;405.00
2026-09-04 13:00:00;404.00
2026-09-04 13:15:00;403.00
2026-09-04 13:30:00;402.00
2026-09-04 13:45:00;402.00
2026-09-04 14:00:00;401.00
2026-09-04 14:15:00;401.00
2026-09-04 14:30:00;400.00
2026-09-04 14:45:00;400.00
2026-09-04 15:00:00;399.00
2026-09-04 15:15:00;398.00
2026-09-04 15:30:00;398.00
2026-09-04 15:45:00;397.00
2026-09-04 16:00:00;397.00
2026-09-04 16:15:00;397.00
2026-09-04 16:30:00;396.00
2026-09-04 16:45:00;395.00
2026-09-04 17:00:00;395.00
2026-09-04 17:15:00;395.00
2026-09-04 17:30:00;394.00
2026-09-04 17:45:00;394.00
2026-09-04 18:00:00;393.00
2026-09-04 18:15:00;393.00
2026-09-04 18:30:00;392.00
2026-09-04 18:45:00;391.00
2026-09-04 19:00:00;391.00
2026-09-04 19:15:00;390.00
2026-09-04 19:30:00;389.00
2026-09-04 19:45:00;389.00
2026-09-04 20:00:00;389.00
2026-09-04 20:15:00;388.00
2026-09-04 20:30:00;388.00
2026-09-04 20:45:00;387.00
2026-09-04 21:00:00;387.00
2026-09-04 21:15:00;386.00
2026-09-04 21:30:00;386.00
2026-09-04 21:45:00;386.00
2026-09-04 22:00:00;385.00
2026-09-04 22:15:00;384.00
2026-09-04 22:30:00;384.00
2026-09-04 22:45:00;383.00
2026-09-04 23:00:00;383.00
2026-09-04 23:15:00;382.00
2026-09-05 00:00:00;381.00
2026-09-05 00:15:00;380.00
2026-09-05 00:30:00;380.00
2026-09-05 00:45:00;379.00
2026-09-05 01:00:00;379.00
2026-09-05 01:15:00;378.00
2026-09-05 01:30:00;378.00
2026-09-05 01:45:00;377.00
2026-09-05 02:00:00;376.00
2026-09-05 02:15:00;376.00
2026-09-05 02:30:00;376.00
2026-09-05 02:45:00;375.00
2026-09-05 03:00:00;375.00
2026-09-05 03:15:00;375.00
2026-09-05 03:30:00;374.00
2026-09-05 03:45:00;374.00
2026-09-05 04:00:00;374.00
2026-09-05 04:15:00;374.00
2026-09-05 04:30:00;374.00
2026-09-05 04:45:00;374.00
2026-09-05 05:00:00;375.00
2026-09-05 05:15:00;375.00
2026-09-05 05:30:00;376.00
2026-09-05 05:45:00;376.00
2026-09-05 06:00:00;376.00
2026-09-05 06:15:00;377.00
2026-09-05 06:30:00;377.00
2026-09-05 06:45:00;377.00
2026-09-05 07:00:00;377.00
2026-09-05 07:15:00;378.00
2026-09-05 07:30:00;378.00
2026-09-05 07:45:00;378.00
2026-09-05 08:00:00;377.00
2026-09-05 08:15:00;377.00
2026-09-05 08:30:00;377.00
2026-09-05 08:45:00;377.00
2026-09-05 09:00:00;376.00
2026-09-05 09:15:00;376.00
2026-09-05 09:30:00;376.00
2026-09-05 09:45:00;375.00
2026-09-05 10:00:00;375.00
2026-09-05 10:15:00;374.00
2026-09-05 10:30:00;373.00
2026-09-05 10:45:00;372.00
2026-09-05 11:00:00;371.00
2026-09-05 11:15:00;369.00
2026-09-05 11:30:00;367.00
2026-09-05 11:45:00;364.00
2026-09-05 12:00:00;360.00
2026-09-05 12:15:00;356.00
2026-09-05 12:30:00;351.00
2026-09-05 12:45:00;346.00
2026-09-05 13:00:00;340.00
2026-09-05 13:15:00;334.00
2026-09-05 13:30:00;328.00
2026-09-05 13:45:00;323.00
2026-09-05 14:00:00;317.00
2026-09-05 14:15:00;311.00
2026-09-05 14:30:00;306.00
2026-09-05 14:45:00;301.00
2026-09-05 15:00:00;296.00
2026-09-05 15:15:00;293.00
2026-09-05 15:30:00;290.00
2026-09-05 15:45:00;287.00
2026-09-05 16:00:00;286.00
2026-09-05 16:15:00;285.00
2026-09-05 16:30:00;285.00
2026-09-05 16:45:00;287.00
2026-09-05 17:00:00;289.00
2026-09-05 17:15:00;292.00
2026-09-05 17:30:00;296.00
2026-09-05 17:45:00;300.00
2026-09-05 18:00:00;304.00
2026-09-05 18:15:00;308.00
2026-09-05 18:30:00;312.00
2026-09-05 18:45:00;316.00
2026-09-05 19:00:00;320.00
2026-09-05 19:15:00;323.00
2026-09-05 19:30:00;326.00
2026-09-05 19:45:00;329.00
2026-09-05 20:00:00;331.00
2026-09-05 20:15:00;333.00
2026-09-05 20:30:00;335.00
2026-09-05 20:45:00;337.00
2026-09-05 21:00:00;340.00
2026-09-05 21:15:00;343.00
2026-09-05 21:30:00;348.00
2026-09-05 21:45:00;354.00
2026-09-05 22:00:00;360.00
2026-09-05 22:15:00;367.00
2026-09-05 22:30:00;375.00
2026-09-05 22:45:00;382.00
2026-09-05 23:00:00;389.00
2026-09-05 23:15:00;394.00
2026-09-06 00:00:00;404.00
2026-09-06 00:15:00;406.00
2026-09-06 00:30:00;406.00
2026-09-06 00:45:00;406.00
2026-09-06 01:00:00;405.00
2026-09-06 01:15:00;404.00
2026-09-06 01:30:00;402.00
2026-09-06 01:45:00;400.00
2026-09-06 02:00:00;398.00
2026-09-06 02:15:00;395.00
2026-09-06 02:30:00;393.00
2026-09-06 02:45:00;391.00
2026-09-06 03:00:00;389.00
2026-09-06 03:15:00;386.00
2026-09-06 03:30:00;384.00
2026-09-06 03:45:00;382.00
2026-09-06 04:00:00;380.00
2026-09-06 04:15:00;378.00
2026-09-06 04:30:00;376.00
2026-09-06 04:45:00;374.00
2026-09-06 05:00:00;372.00
2026-09-06 05:15:00;370.00
2026-09-06 05:30:00;368.00
2026-09-06 05:45:00;367.00
2026-09-06 06:00:00;365.00
2026-09-06 06:15:00;363.00
2026-09-06 06:30:00;362.00
2026-09-06 06:45:00;360.00
2026-09-06 07:00:00;359.00
2026-09-06 07:15:00;358.00
2026-09-06 07:30:00;357.00
2026-09-06 07:45:00;356.00
2026-09-06 08:00:00;355.00
2026-09-06 08:15:00;354.00
2026-09-06 08:30:00;352.00
2026-09-06 08:45:00;352.00
2026-09-06 09:00:00;351.00
2026-09-06 09:15:00;349.00
2026-09-06 09:30:00;348.00
2026-09-06 09:45:00;347.00
2026-09-06 10:00:00;346.00
2026-09-06 10:15:00;345.00
2026-09-06 10:30:00;344.00
2026-09-06 10:45:00;342.00
2026-09-06 11:00:00;340.00
2026-09-06 11:15:00;337.00
2026-09-06 11:30:00;334.00
2026-09-06 11:45:00;330.00
2026-09-06 12:00:00;326.00
2026-09-06 12:15:00;321.00
2026-09-06 12:30:00;315.00
2026-09-06 12:45:00;310.00
2026-09-06 13:00:00;304.00
2026-09-06 13:15:00;298.00
2026-09-06 13:30:00;293.00
2026-09-06 13:45:00;287.00
2026-09-06 14:00:00;281.00
2026-09-06 14:15:00;276.00
2026-09-06 14:30:00;271.00
2026-09-06 14:45:00;266.00
2026-09-06 15:00:00;260.00
2026-09-06 15:15:00;255.00
2026-09-06 15:30:00;251.00
2026-09-06 15:45:00;247.00
2026-09-06 16:00:00;245.00
2026-09-06 16:15:00;243.00
2026-09-06 16:30:00;242.00
2026-09-06 16:45:00;241.00
2026-09-06 17:00:00;242.00
2026-09-06 17:15:00;243.00
2026-09-06 17:30:00;246.00
2026-09-06 17:45:00;249.00
2026-09-06 18:00:00;253.00
2026-09-06 18:15:00;258.00
2026-09-06 18:30:00;263.00
2026-09-06 18:45:00;268.00
2026-09-06 19:00:00;273.00
2026-09-06 19:15:00;278.00
2026-09-06 19:30:00;282.00
2026-09-06 19:45:00;286.00
2026-09-06 20:00:00;291.00
2026-09-06 20:15:00;296.00
2026-09-06 20:30:00;301.00
2026-09-06 20:45:00;307.00
2026-09-06 21:00:00;314.00
2026-09-06 21:15:00;323.00
2026-09-06 21:30:00;332.00
2026-09-06 21:45:00;341.00
2026-09-06 22:00:00;350.00
2026-09-06 22:15:00;359.00
2026-09-06 22:30:00;366.00
2026-09-06 22:45:00;372.00
2026-09-06 23:00:00;377.00
2026-09-06 23:15:00;381.00
2026-09-07 00:00:00;385.00
2026-09-07 00:15:00;385.00
2026-09-07 00:30:00;384.00
2026-09-07 00:45:00;382.00
2026-09-07 01:00:00;379.00
2026-09-07 01:15:00;379.00
2026-09-07 01:30:00;376.00
2026-09-07 01:45:00;374.00
2026-09-07 02:00:00;372.00
2026-09-07 02:15:00;370.00
2026-09-07 02:30:00;367.00
2026-09-07 02:45:00;365.00
2026-09-07 03:00:00;362.00
2026-09-07 03:15:00;360.00
2026-09-07 03:30:00;358.00
2026-09-07 03:45:00;356.00
2026-09-07 04:00:00;354.00
2026-09-07 04:15:00;352.00
2026-09-07 04:30:00;350.00
2026-09-07 04:45:00;348.00
2026-09-07 05:00:00;345.00
2026-09-07 05:15:00;343.00
2026-09-07 05:30:00;341.00
2026-09-07 05:45:00;339.00
2026-09-07 06:00:00;338.00
2026-09-07 06:15:00;336.00
2026-09-07 06:30:00;334.00
2026-09-07 06:45:00;333.00
2026-09-07 07:00:00;332.00
2026-09-07 07:15:00;330.00
2026-09-07 07:30:00;329.00
2026-09-07 07:45:00;328.00
2026-09-07 08:00:00;327.00
2026-09-07 08:15:00;326.00
2026-09-07 08:30:00;325.00
2026-09-07 08:45:00;324.00
2026-09-07 09:00:00;323.00
2026-09-07 09:15:00;322.00
2026-09-07 09:30:00;321.00
2026-09-07 09:45:00;320.00
2026-09-07 10:00:00;320.00
2026-09-07 10:15:00;319.00
2026-09-07 10:30:00;318.00
2026-09-07 10:45:00;316.00
2026-09-07 11:00:00;315.00
2026-09-07 11:15:00;313.00
2026-09-07 11:30:00;310.00
2026-09-07 11:45:00;307.00
2026-09-07 12:00:00;303.00
2026-09-07 12:15:00;300.00
2026-09-07 12:30:00;295.00
2026-09-07 12:45:00;290.00
2026-09-07 13:00:00;285.00
2026-09-07 13:15:00;280.00
2026-09-07 13:30:00;275.00
2026-09-07 13:45:00;270.00
2026-09-07 14:00:00;264.00
2026-09-07 14:15:00;258.00
2026-09-07 14:30:00;252.00
2026-09-07 14:45:00;247.00
2026-09-07 15:00:00;242.00
2026-09-07 15:15:00;237.00
2026-09-07 15:30:00;232.00
2026-09-07 15:45:00;228.00
2026-09-07 16:00:00;223.00
2026-09-07 16:15:00;220.00
2026-09-07 16:30:00;216.00
2026-09-07 16:45:00;213.00
2026-09-07 17:00:00;210.00
2026-09-07 17:15:00;208.00
2026-09-07 17:30:00;207.00
2026-09-07 17:45:00;206.00
2026-09-07 18:00:00;206.00
2026-09-07 18:15:00;207.00
2026-09-07 18:30:00;209.00
2026-09-07 18:45:00;212.00
2026-09-07 19:00:00;216.00
2026-09-07 19:15:00;220.00
2026-09-07 19:30:00;225.00
2026-09-07 19:45:00;231.00
2026-09-07 20:00:00;237.00
2026-09-07 20:15:00;243.00
2026-09-07 20:30:00;249.00
2026-09-07 20:45:00;256.00
2026-09-07 21:00:00;263.00
2026-09-07 21:15:00;272.00
2026-09-07 21:30:00;281.00
2026-09-07 21:45:00;292.00
2026-09-07 22:00:00;303.00
2026-09-07 22:15:00;315.00
2026-09-07 22:30:00;326.00
2026-09-07 22:45:00;335.00
2026-09-07 23:00:00;344.00
2026-09-07 23:15:00;351.00
2026-09-08 00:00:00;363.00
2026-09-08 00:15:00;365.00
2026-09-08 00:30:00;366.00
2026-09-08 00:45:00;366.00
2026-09-08 01:00:00;365.00
2026-09-08 01:15:00;364.00
2026-09-08 01:30:00;363.00
2026-09-08 01:45:00;362.00
2026-09-08 02:00:00;360.00
2026-09-08 02:15:00;358.00
2026-09-08 02:30:00;356.00
2026-09-08 02:45:00;354.00
2026-09-08 03:00:00;352.00
2026-09-08 03:15:00;350.00
2026-09-08 03:30:00;348.00
2026-09-08 03:45:00;346.00
2026-09-08 04:00:00;345.00
2026-09-08 04:15:00;343.00
2026-09-08 04:30:00;342.00
2026-09-08 04:45:00;340.00
2026-09-08 05:00:00;337.00
2026-09-08 05:15:00;337.00
2026-09-08 05:30:00;335.00
2026-09-08 05:45:00;334.00
2026-09-08 06:00:00;333.00
2026-09-08 06:15:00;332.00
2026-09-08 06:30:00;331.00
2026-09-08 06:45:00;330.00
2026-09-08 07:00:00;329.00
2026-09-08 07:15:00;328.00
2026-09-08 07:30:00;327.00
2026-09-08 07:45:00;327.00
2026-09-08 08:00:00;326.00
2026-09-08 08:15:00;326.00
2026-09-08 08:30:00;325.00
2026-09-08 08:45:00;324.00
2026-09-08 09:00:00;324.00
2026-09-08 09:15:00;323.00
2026-09-08 09:30:00;323.00
2026-09-08 09:45:00;323.00
2026-09-08 10:00:00;322.00
2026-09-08 10:15:00;322.00
2026-09-08 10:30:00;322.00
2026-09-08 10:45:00;322.00
2026-09-08 11:00:00;322.00
2026-09-08 11:15:00;322.00
2026-09-08 11:30:00;321.00
2026-09-08 11:45:00;321.00
2026-09-08 12:00:00;320.00
2026-09-08 12:15:00;320.00
2026-09-08 12:30:00;318.00
2026-09-08 12:45:00;316.00
2026-09-08 13:00:00;314.00
2026-09-08 13:15:00;311.00
2026-09-08 13:30:00;307.00
2026-09-08 13:45:00;303.00
2026-09-08 14:00:00;299.00
2026-09-08 14:15:00;294.00
2026-09-08 14:30:00;289.00
2026-09-08 14:45:00;284.00
2026-09-08 15:00:00;278.00
2026-09-08 15:15:00;273.00
2026-09-08 15:30:00;267.00
2026-09-08 15:45:00;261.00
2026-09-08 16:00:00;255.00
2026-09-08 16:15:00;249.00
2026-09-08 16:30:00;243.00
2026-09-08 16:45:00;238.00
2026-09-08 17:00:00;233.00
2026-09-08 17:15:00;228.00
2026-09-08 17:30:00;224.00
2026-09-08 17:45:00;219.00
2026-09-08 18:00:00;215.00
2026-09-08 18:15:00;211.00
2026-09-08 18:30:00;207.00
2026-09-08 18:45:00;204.00
2026-09-08 19:00:00;201.00
2026-09-08 19:15:00;198.00
2026-09-08 19:30:00;195.00
2026-09-08 19:45:00;192.00
2026-09-08 20:00:00;190.00
2026-09-08 20:15:00;188.00
2026-09-08 20:30:00;187.00
2026-09-08 20:45:00;186.00
2026-09-08 21:00:00;187.00
2026-09-08 21:15:00;189.00
2026-09-08 21:30:00;195.00
2026-09-08 21:45:00;204.00
2026-09-08 22:00:00;218.00
2026-09-08 22:15:00;237.00
2026-09-08 22:30:00;263.00
2026-09-08 22:45:00;282.00
2026-09-08 23:00:00;299.00
2026-09-08 23:15:00;312.00
2026-09-09 00:00:00;334.00
2026-09-09 00:15:00;337.00
2026-09-09 00:30:00;339.00
2026-09-09 00:45:00;341.00
2026-09-09 01:00:00;340.00
2026-09-09 01:15:00;340.00
2026-09-09 01:30:00;340.00
2026-09-09 01:45:00;338.00
2026-09-09 02:00:00;337.00
2026-09-09 02:15:00;336.00
2026-09-09 02:30:00;334.00
2026-09-09 02:45:00;333.00
2026-09-09 03:00:00;330.00
2026-09-09 03:15:00;329.00
2026-09-09 03:30:00;327.00
2026-09-09 03:45:00;325.00
2026-09-09 04:00:00;324.00
2026-09-09 04:15:00;322.00
2026-09-09 04:30:00;321.00
2026-09-09 04:45:00;319.00
2026-09-09 05:00:00;318.00
2026-09-09 05:15:00;317.00
2026-09-09 05:30:00;315.00
2026-09-09 05:45:00;314.00
2026-09-09 06:00:00;313.00
2026-09-09 06:15:00;312.00
2026-09-09 06:30:00;310.00
2026-09-09 06:45:00;308.00
2026-09-09 07:00:00;306.00
2026-09-09 07:15:00;303.00
2026-09-09 07:30:00;300.00
2026-09-09 07:45:00;297.00
2026-09-09 08:00:00;293.00
2026-09-09 08:15:00;289.00
2026-09-09 08:30:00;285.00
2026-09-09 08:45:00;280.00
2026-09-09 09:00:00;275.00
2026-09-09 09:15:00;270.00
2026-09-09 09:30:00;264.00
2026-09-09 09:45:00;259.00
2026-09-09 10:00:00;253.00
2026-09-09 10:15:00;248.00
2026-09-09 10:30:00;243.00
2026-09-09 10:45:00;238.00
2026-09-09 11:00:00;233.00
2026-09-09 11:15:00;229.00
2026-09-09 11:30:00;224.00
2026-09-09 11:45:00;220.00
2026-09-09 12:00:00;217.00
2026-09-09 12:15:00;214.00
2026-09-09 12:30:00;212.00
2026-09-09 12:45:00;210.00
2026-09-09 13:00:00;209.00
2026-09-09 13:15:00;210.00
2026-09-09 13:30:00;213.00
2026-09-09 13:45:00;217.00
2026-09-09 14:00:00;222.00
2026-09-09 14:15:00;229.00
2026-09-09 14:30:00;236.00
2026-09-09 14:45:00;243.00
2026-09-09 15:00:00;250.00
2026-09-09 15:15:00;255.00
2026-09-09 15:30:00;260.00
2026-09-09 15:45:00;263.00
2026-09-09 16:00:00;265.00
2026-09-09 16:15:00;266.00
2026-09-09 16:30:00;265.00
2026-09-09 16:45:00;264.00
2026-09-09 17:00:00;263.00
2026-09-09 17:15:00;261.00
2026-09-09 17:30:00;258.00
2026-09-09 17:45:00;256.00
2026-09-09 18:00:00;253.00
2026-09-09 18:15:00;251.00
2026-09-09 18:30:00;248.00
2026-09-09 18:45:00;246.00
2026-09-09 19:00:00;244.00
2026-09-09 19:15:00;242.00
2026-09-09 19:30:00;240.00
2026-09-09 19:45:00;239.00
2026-09-09 20:00:00;238.00
2026-09-09 20:15:00;238.00
2026-09-09 20:30:00;239.00
2026-09-09 20:45:00;241.00
2026-09-09 21:00:00;245.00
2026-09-09 21:15:00;251.00
2026-09-09 21:30:00;259.00
2026-09-09 21:45:00;271.00
2026-09-09 22:00:00;284.00
2026-09-09 22:15:00;300.00
2026-09-09 22:30:00;311.00
2026-09-09 22:45:00;321.00
2026-09-09 23:00:00;330.00
2026-09-09 23:15:00;336.00
2026-09-10 00:00:00;346.00
2026-09-10 00:15:00;348.00
2026-09-10 00:30:00;348.00
2026-09-10 00:45:00;348.00
2026-09-10 01:00:00;347.00
2026-09-10 01:15:00;346.00
2026-09-10 01:30:00;345.00
2026-09-10 01:45:00;343.00
2026-09-10 02:00:00;342.00
2026-09-10 02:15:00;340.00
2026-09-10 02:30:00;338.00
2026-09-10 02:45:00;337.00
2026-09-10 03:00:00;335.00
2026-09-10 03:15:00;334.00
2026-09-10 03:30:00;332.00
2026-09-10 03:45:00;330.00
2026-09-10 04:00:00;329.00
2026-09-10 04:15:00;328.00
2026-09-10 04:30:00;327.00
2026-09-10 04:45:00;325.00
2026-09-10 05:00:00;323.00
2026-09-10 05:15:00;323.00
2026-09-10 05:30:00;322.00
2026-09-10 05:45:00;321.00
2026-09-10 06:00:00;320.00
2026-09-10 06:15:00;320.00
2026-09-10 06:30:00;319.00
2026-09-10 06:45:00;318.00
2026-09-10 07:00:00;317.00
2026-09-10 07:15:00;317.00
2026-09-10 07:30:00;317.00
2026-09-10 07:45:00;316.00
2026-09-10 08:00:00;316.00
2026-09-10 08:15:00;316.00
2026-09-10 08:30:00;316.00
2026-09-10 08:45:00;316.00
2026-09-10 09:00:00;315.00
2026-09-10 09:15:00;315.00
2026-09-10 09:30:00;315.00
2026-09-10 09:45:00;315.00
2026-09-10 10:00:00;315.00
2026-09-10 10:15:00;316.00
2026-09-10 10:30:00;316.00
2026-09-10 10:45:00;316.00
2026-09-10 11:00:00;317.00
2026-09-10 11:15:00;317.00
2026-09-10 11:30:00;318.00
2026-09-10 11:45:00;318.00
2026-09-10 12:00:00;319.00
2026-09-10 12:15:00;320.00
2026-09-10 12:30:00;321.00
2026-09-10 12:45:00;322.00
2026-09-10 13:00:00;322.00
2026-09-10 13:15:00;323.00
2026-09-10 13:30:00;324.00
2026-09-10 13:45:00;324.00
2026-09-10 14:00:00;325.00
2026-09-10 14:15:00;325.00
2026-09-10 14:30:00;326.00
2026-09-10 14:45:00;326.00
2026-09-10 15:00:00;326.00
2026-09-10 15:15:00;326.00
2026-09-10 15:30:00;325.00
2026-09-10 15:45:00;325.00
2026-09-10 16:00:00;324.00
2026-09-10 16:15:00;323.00
2026-09-10 16:30:00;321.00
2026-09-10 16:45:00;319.00
2026-09-10 17:00:00;317.00
2026-09-10 17:15:00;314.00
2026-09-10 17:30:00;311.00
2026-09-10 17:45:00;309.00
2026-09-10 18:00:00;306.00
2026-09-10 18:15:00;303.00
2026-09-10 18:30:00;299.00
2026-09-10 18:45:00;297.00
2026-09-10 19:00:00;294.00
2026-09-10 19:15:00;292.00
2026-09-10 19:30:00;290.00
2026-09-10 19:45:00;289.00
2026-09-10 20:00:00;288.00
2026-09-10 20:15:00;288.00
2026-09-10 20:30:00;289.00
2026-09-10 20:45:00;291.00
2026-09-10 21:00:00;293.00
2026-09-10 21:15:00;296.00
2026-09-10 21:30:00;299.00
2026-09-10 21:45:00;302.00
2026-09-10 22:00:00;304.00
2026-09-10 22:15:00;307.00
2026-09-10 22:30:00;310.00
2026-09-10 22:45:00;312.00
2026-09-10 23:00:00;313.00
2026-09-10 23:15:00;314.00
2026-09-11 00:00:00;316.00
2026-09-11 00:15:00;316.00
2026-09-11 00:30:00;317.00
2026-09-11 00:45:00;316.00
2026-09-11 01:00:00;316.00
2026-09-11 01:15:00;316.00
2026-09-11 01:30:00;315.00
2026-09-11 01:45:00;315.00
2026-09-11 02:00:00;314.00
2026-09-11 02:15:00;314.00
2026-09-11 02:30:00;314.00
2026-09-11 02:45:00;313.00
2026-09-11 03:00:00;312.00
2026-09-11 03:15:00;311.00
2026-09-11 03:30:00;310.00
2026-09-11 03:45:00;309.00
2026-09-11 04:00:00;308.00
2026-09-11 04:15:00;306.00
2026-09-11 04:30:00;305.00
2026-09-11 04:45:00;303.00
2026-09-11 05:00:00;301.00
2026-09-11 05:15:00;299.00
2026-09-11 05:30:00;297.00
2026-09-11 05:45:00;295.00
2026-09-11 06:00:00;293.00
2026-09-11 06:15:00;290.00
2026-09-11 06:30:00;288.00
2026-09-11 06:45:00;285.00
2026-09-11 07:00:00;278.00
2026-09-11 07:15:00;278.00
2026-09-11 07:30:00;276.00
2026-09-11 07:45:00;272.00
2026-09-11 08:00:00;270.00
2026-09-11 08:15:00;269.00
2026-09-11 08:30:00;267.00
2026-09-11 08:45:00;265.00
2026-09-11 09:00:00;261.00
2026-09-11 09:15:00;258.00
2026-09-11 09:30:00;256.00
2026-09-11 09:45:00;253.00
2026-09-11 10:00:00;251.00
2026-09-11 10:15:00;250.00
2026-09-11 10:30:00;249.00
2026-09-11 10:45:00;250.00
2026-09-11 11:00:00;250.00
2026-09-11 11:15:00;251.00
2026-09-11 11:30:00;253.00
2026-09-11 11:45:00;254.00
2026-09-11 12:00:00;256.00
2026-09-11 12:15:00;258.00
2026-09-11 12:30:00;259.00
2026-09-11 12:45:00;261.00
2026-09-11 13:00:00;262.00
2026-09-11 13:15:00;262.00
2026-09-11 13:30:00;263.00
2026-09-11 13:45:00;262.00
2026-09-11 14:00:00;262.00
2026-09-11 14:15:00;262.00
2026-09-11 14:30:00;261.00
2026-09-11 14:45:00;260.00
2026-09-11 15:00:00;259.00
2026-09-11 15:15:00;259.00
2026-09-11 15:30:00;258.00
2026-09-11 15:45:00;257.00
2026-09-11 16:00:00;257.00
2026-09-11 16:15:00;256.00
2026-09-11 16:30:00;256.00
2026-09-11 16:45:00;256.00
2026-09-11 17:00:00;256.00
2026-09-11 17:15:00;256.00
2026-09-11 17:30:00;256.00
2026-09-11 17:45:00;256.00
2026-09-11 18:00:00;257.00
2026-09-11 18:15:00;256.00
2026-09-11 18:30:00;256.00
2026-09-11 18:45:00;256.00
2026-09-11 19:00:00;257.00
2026-09-11 19:15:00;257.00
2026-09-11 19:30:00;258.00
2026-09-11 19:45:00;259.00
2026-09-11 20:00:00;260.00
2026-09-11 20:15:00;263.00
2026-09-11 20:30:00;266.00
2026-09-11 20:45:00;272.00
2026-09-11 21:00:00;281.00
2026-09-11 21:15:00;300.00
2026-09-11 21:30:00;317.00
2026-09-11 21:45:00;335.00
2026-09-11 22:00:00;351.00
2026-09-11 22:15:00;368.00
2026-09-11 22:30:00;382.00
2026-09-11 22:45:00;394.00
2026-09-11 23:00:00;405.00
2026-09-11 23:15:00;414.00
2026-09-12 00:00:00;431.00
2026-09-12 00:15:00;435.00
2026-09-12 00:30:00;440.00
2026-09-12 00:45:00;443.00
2026-09-12 01:00:00;447.00
2026-09-12 01:15:00;451.00
2026-09-12 01:30:00;455.00
2026-09-12 01:45:00;460.00
2026-09-12 02:00:00;465.00
2026-09-12 02:15:00;470.00
2026-09-12 02:30:00;476.00
2026-09-12 02:45:00;481.00
2026-09-12 03:00:00;487.00
2026-09-12 03:15:00;492.00
2026-09-12 03:30:00;497.00
2026-09-12 03:45:00;502.00
2026-09-12 04:00:00;508.00
2026-09-12 04:15:00;513.00
2026-09-12 04:30:00;518.00
2026-09-12 04:45:00;524.00
2026-09-12 05:00:00;530.00
2026-09-12 05:15:00;536.00
2026-09-12 05:30:00;542.00
2026-09-12 05:45:00;549.00
2026-09-12 06:00:00;555.00
2026-09-12 06:15:00;561.00
2026-09-12 06:30:00;568.00
2026-09-12 06:45:00;572.00
2026-09-12 07:00:00;578.00
2026-09-12 07:15:00;583.00
2026-09-12 07:30:00;588.00
2026-09-12 07:45:00;593.00
2026-09-12 08:00:00;598.00
2026-09-12 08:15:00;603.00
2026-09-12 08:30:00;607.00
2026-09-12 08:45:00;611.00
2026-09-12 09:00:00;615.00
2026-09-12 09:15:00;618.00
2026-09-12 09:30:00;622.00
2026-09-12 09:45:00;624.00
2026-09-12 10:00:00;625.00
2026-09-12 10:15:00;625.00
2026-09-12 10:30:00;627.00
2026-09-12 10:45:00;631.00
2026-09-12 11:00:00;634.00
2026-09-12 11:15:00;637.00
2026-09-12 11:30:00;641.00
2026-09-12 11:45:00;644.00
2026-09-12 12:00:00;647.00
2026-09-12 12:15:00;651.00
2026-09-12 12:30:00;654.00
2026-09-12 12:45:00;657.00
2026-09-12 13:00:00;660.00
2026-09-12 13:15:00;662.00
2026-09-12 13:30:00;663.00
2026-09-12 13:45:00;666.00
2026-09-12 14:00:00;667.00
2026-09-12 14:15:00;668.00
2026-09-12 14:30:00;670.00
2026-09-12 14:45:00;671.00
2026-09-12 15:00:00;673.00
2026-09-12 15:15:00;674.00
2026-09-12 15:30:00;675.00
2026-09-12 15:45:00;676.00
2026-09-12 16:00:00;677.00
2026-09-12 16:15:00;679.00
2026-09-12 16:30:00;680.00
2026-09-12 16:45:00;679.00
2026-09-12 17:00:00;679.00
2026-09-12 17:15:00;680.00
2026-09-12 17:30:00;680.00
2026-09-12 17:45:00;679.00
2026-09-12 18:00:00;678.00
2026-09-12 18:15:00;676.00
2026-09-12 18:30:00;676.00
2026-09-12 18:45:00;677.00
2026-09-12 19:00:00;678.00
2026-09-12 19:15:00;679.00
2026-09-12 19:30:00;681.00
2026-09-12 19:45:00;682.00
2026-09-12 20:00:00;683.00
2026-09-12 20:15:00;684.00
2026-09-12 20:30:00;685.00
2026-09-12 20:45:00;686.00
2026-09-12 21:00:00;686.00
2026-09-12 21:15:00;687.00
2026-09-12 21:30:00;686.00
2026-09-12 21:45:00;685.00
2026-09-12 22:00:00;684.00
2026-09-12 22:15:00;684.00
2026-09-12 22:30:00;682.00
2026-09-12 22:45:00;681.00
2026-09-12 23:00:00;680.00
2026-09-12 23:15:00;679.00
2026-09-13 00:00:00;676.00
2026-09-13 00:15:00;675.00
2026-09-13 00:30:00;675.00
2026-09-13 00:45:00;674.00
2026-09-13 01:00:00;673.00
2026-09-13 01:15:00;673.00
2026-09-13 01:30:00;672.00
2026-09-13 01:45:00;672.00
2026-09-13 02:00:00;671.00
2026-09-13 02:15:00;671.00
2026-09-13 02:30:00;670.00
2026-09-13 02:45:00;670.00
2026-09-13 03:00:00;669.00
2026-09-13 03:15:00;669.00
2026-09-13 03:30:00;669.00
2026-09-13 03:45:00;668.00
2026-09-13 04:00:00;667.00
2026-09-13 04:15:00;666.00
2026-09-13 04:30:00;666.00
2026-09-13 04:45:00;665.00
2026-09-13 05:00:00;664.00
2026-09-13 05:15:00;663.00
2026-09-13 05:30:00;663.00
2026-09-13 05:45:00;662.00
2026-09-13 06:00:00;660.00
2026-09-13 06:15:00;659.00
2026-09-13 06:30:00;659.00
2026-09-13 06:45:00;658.00
2026-09-13 07:00:00;657.00
2026-09-13 07:15:00;655.00
2026-09-13 07:30:00;653.00
2026-09-13 07:45:00;652.00
2026-09-13 08:00:00;651.00
2026-09-13 08:15:00;649.00
2026-09-13 08:30:00;648.00
2026-09-13 08:45:00;646.00
2026-09-13 09:00:00;644.00
2026-09-13 09:15:00;643.00
2026-09-13 09:30:00;640.00
2026-09-13 09:45:00;638.00
2026-09-13 10:00:00;636.00
2026-09-13 10:15:00;633.00
2026-09-13 10:30:00;631.00
2026-09-13 10:45:00;628.00
2026-09-13 11:00:00;624.00
2026-09-13 11:15:00;619.00
2026-09-13 11:30:00;607.00
2026-09-13 11:45:00;598.00
2026-09-13 12:00:00;591.00
2026-09-13 12:15:00;586.00
2026-09-13 12:30:00;582.00
2026-09-13 12:45:00;579.00
2026-09-13 13:00:00;576.00
2026-09-13 13:15:00;574.00
2026-09-13 13:30:00;572.00
2026-09-13 13:45:00;571.00
2026-09-13 14:00:00;570.00
2026-09-13 14:15:00;570.00
2026-09-13 14:30:00;570.00
2026-09-13 14:45:00;570.00
2026-09-13 15:00:00;570.00
2026-09-13 15:15:00;570.00
2026-09-13 15:30:00;570.00
2026-09-13 15:45:00;570.00
2026-09-13 16:00:00;571.00
2026-09-13 16:15:00;570.00
2026-09-13 16:30:00;570.00
2026-09-13 16:45:00;570.00
2026-09-13 17:00:00;570.00
2026-09-13 17:15:00;569.00
2026-09-13 17:30:00;569.00
2026-09-13 17:45:00;568.00
2026-09-13 18:00:00;567.00
2026-09-13 18:15:00;566.00
2026-09-13 18:30:00;565.00
2026-09-13 18:45:00;564.00
2026-09-13 19:00:00;563.00
2026-09-13 19:15:00;561.00
2026-09-13 19:30:00;559.00
2026-09-13 19:45:00;558.00
2026-09-13 20:00:00;556.00
2026-09-13 20:15:00;555.00
2026-09-13 20:30:00;553.00
2026-09-13 20:45:00;552.00
2026-09-13 21:00:00;550.00
2026-09-13 21:15:00;548.00
2026-09-13 21:30:00;546.00
2026-09-13 21:45:00;545.00
2026-09-13 22:00:00;543.00
2026-09-13 22:15:00;542.00
2026-09-13 22:30:00;540.00
2026-09-13 22:45:00;538.00
2026-09-13 23:00:00;537.00
2026-09-13 23:15:00;536.00
2026-09-14 00:00:00;532.00
2026-09-14 00:15:00;531.00
2026-09-14 00:30:00;530.00
2026-09-14 00:45:00;529.00
2026-09-14 01:00:00;527.00
2026-09-14 01:15:00;526.00
2026-09-14 01:30:00;524.00
2026-09-14 01:45:00;524.00
2026-09-14 02:00:00;522.00
2026-09-14 02:15:00;521.00
2026-09-14 02:30:00;520.00
2026-09-14 02:45:00;518.00
2026-09-14 03:00:00;517.00
2026-09-14 03:15:00;515.00
2026-09-14 03:30:00;513.00
2026-09-14 03:45:00;512.00
2026-09-14 04:00:00;511.00
2026-09-14 04:15:00;509.00
2026-09-14 04:30:00;508.00
2026-09-14 04:45:00;506.00
2026-09-14 05:00:00;505.00
2026-09-14 05:15:00;504.00
2026-09-14 05:30:00;502.00
2026-09-14 05:45:00;501.00
2026-09-14 06:00:00;500.00
2026-09-14 06:15:00;499.00
2026-09-14 06:30:00;498.00
2026-09-14 06:45:00;497.00
2026-09-14 07:00:00;496.00
2026-09-14 07:15:00;495.00
2026-09-14 07:30:00;494.00
2026-09-14 07:45:00;493.00
2026-09-14 08:00:00;492.00
2026-09-14 08:15:00;491.00
2026-09-14 08:30:00;490.00
2026-09-14 08:45:00;489.00
2026-09-14 09:00:00;488.00
2026-09-14 09:15:00;488.00
2026-09-14 09:30:00;486.00
2026-09-14 09:45:00;486.00
2026-09-14 10:00:00;485.00
2026-09-14 10:15:00;484.00
2026-09-14 10:30:00;483.00
2026-09-14 10:45:00;482.00
2026-09-14 11:00:00;481.00
2026-09-14 11:15:00;480.00
2026-09-14 11:30:00;479.00
2026-09-14 11:45:00;478.00
2026-09-14 12:00:00;477.00
2026-09-14 12:15:00;476.00
2026-09-14 12:30:00;475.00
2026-09-14 12:45:00;474.00
2026-09-14 13:00:00;472.00
2026-09-14 13:15:00;471.00
2026-09-14 13:30:00;470.00
2026-09-14 13:45:00;468.00
2026-09-14 14:00:00;467.00
2026-09-14 14:15:00;465.00
2026-09-14 14:30:00;464.00
2026-09-14 14:45:00;462.00
2026-09-14 15:00:00;460.00
2026-09-14 15:15:00;459.00
2026-09-14 15:30:00;457.00
2026-09-14 15:45:00;456.00
2026-09-14 16:00:00;455.00
2026-09-14 16:15:00;454.00
2026-09-14 16:30:00;453.00
2026-09-14 16:45:00;452.00
2026-09-14 17:00:00;451.00
2026-09-14 17:15:00;450.00
2026-09-14 17:30:00;449.00
2026-09-14 17:45:00;448.00
2026-09-14 18:00:00;448.00
2026-09-14 18:15:00;447.00
2026-09-14 18:30:00;447.00
2026-09-14 18:45:00;446.00
2026-09-14 19:00:00;446.00
2026-09-14 19:15:00;445.00
2026-09-14 19:30:00;445.00
2026-09-14 19:45:00;445.00
2026-09-14 20:00:00;445.00
2026-09-14 20:15:00;445.00
2026-09-14 20:30:00;445.00
2026-09-14 20:45:00;446.00
2026-09-14 21:00:00;447.00
2026-09-14 21:15:00;448.00
2026-09-14 21:30:00;449.00
2026-09-14 21:45:00;450.00
2026-09-14 22:00:00;451.00
2026-09-14 22:15:00;451.00
2026-09-14 22:30:00;452.00
2026-09-14 22:45:00;453.00
2026-09-14 23:00:00;453.00
2026-09-14 23:15:00;453.00
2026-09-15 00:00:00;453.00
2026-09-15 00:15:00;452.00
2026-09-15 00:30:00;451.00
2026-09-15 00:45:00;450.00
2026-09-15 01:00:00;449.00
2026-09-15 01:15:00;448.00
2026-09-15 01:30:00;447.00
2026-09-15 01:45:00;446.00
2026-09-15 02:00:00;445.00
2026-09-15 02:15:00;443.00
2026-09-15 02:30:00;441.00
2026-09-15 02:45:00;440.00
2026-09-15 03:00:00;438.00
2026-09-15 03:15:00;437.00
2026-09-15 03:30:00;436.00
2026-09-15 03:45:00;434.00
2026-09-15 04:00:00;433.00
2026-09-15 04:15:00;431.00
2026-09-15 04:30:00;430.00
2026-09-15 04:45:00;429.00
2026-09-15 05:00:00;428.00
2026-09-15 05:15:00;427.00
2026-09-15 05:30:00;426.00
2026-09-15 05:45:00;424.00
2026-09-15 06:00:00;423.00
2026-09-15 06:15:00;422.00
2026-09-15 06:30:00;420.00
2026-09-15 06:45:00;418.00
2026-09-15 07:00:00;416.00
2026-09-15 07:15:00;413.00
2026-09-15 07:30:00;410.00
2026-09-15 07:45:00;406.00
2026-09-15 08:00:00;403.00
2026-09-15 08:15:00;399.00
2026-09-15 08:30:00;396.00
2026-09-15 08:45:00;392.00
2026-09-15 09:00:00;389.00
2026-09-15 09:15:00;386.00
2026-09-15 09:30:00;384.00
2026-09-15 09:45:00;382.00
2026-09-15 10:00:00;380.00
2026-09-15 10:15:00;379.00
2026-09-15 10:30:00;378.00
2026-09-15 10:45:00;378.00
2026-09-15 11:00:00;378.00
2026-09-15 11:15:00;378.00
2026-09-15 11:30:00;379.00
2026-09-15 11:45:00;379.00
2026-09-15 12:00:00;380.00
2026-09-15 12:15:00;381.00
2026-09-15 12:30:00;381.00
2026-09-15 12:45:00;382.00
2026-09-15 13:00:00;381.00
2026-09-15 13:15:00;381.00
2026-09-15 13:30:00;380.00
2026-09-15 13:45:00;379.00
2026-09-15 14:00:00;376.00
2026-09-15 14:15:00;374.00
2026-09-15 14:30:00;372.00
2026-09-15 14:45:00;370.00
2026-09-15 15:00:00;367.00
2026-09-15 15:15:00;365.00
2026-09-15 15:30:00;363.00
2026-09-15 15:45:00;360.00
2026-09-15 16:00:00;358.00
2026-09-15 16:15:00;356.00
2026-09-15 16:30:00;355.00
2026-09-15 16:45:00;353.00
2026-09-15 17:00:00;352.00
2026-09-15 17:15:00;351.00
2026-09-15 17:30:00;350.00
2026-09-15 17:45:00;350.00
2026-09-15 18:00:00;350.00
2026-09-15 18:15:00;350.00
2026-09-15 18:30:00;350.00
2026-09-15 18:45:00;350.00
2026-09-15 19:00:00;351.00
2026-09-15 19:15:00;351.00
2026-09-15 19:30:00;352.00
2026-09-15 19:45:00;353.00
2026-09-15 20:00:00;354.00
2026-09-15 20:15:00;356.00
2026-09-15 20:30:00;358.00
2026-09-15 20:45:00;361.00
2026-09-15 21:00:00;364.00
2026-09-15 21:15:00;369.00
2026-09-15 21:30:00;375.00
2026-09-15 21:45:00;382.00
2026-09-15 22:00:00;390.00
2026-09-15 22:15:00;398.00
2026-09-15 22:30:00;406.00
2026-09-15 22:45:00;413.00
2026-09-15 23:00:00;420.00
2026-09-15 23:15:00;425.00
2026-09-16 00:00:00;436.00
2026-09-16 00:15:00;438.00
2026-09-16 00:30:00;438.00
2026-09-16 00:45:00;439.00
2026-09-16 01:00:00;438.00
2026-09-16 01:15:00;438.00
2026-09-16 01:30:00;436.00
2026-09-16 01:45:00;435.00
2026-09-16 02:00:00;433.00
2026-09-16 02:15:00;432.00
2026-09-16 02:30:00;430.00
2026-09-16 02:45:00;428.00
2026-09-16 03:00:00;425.00
2026-09-16 03:15:00;423.00
2026-09-16 03:30:00;421.00
2026-09-16 03:45:00;419.00
2026-09-16 04:00:00;417.00
2026-09-16 04:15:00;415.00
2026-09-16 04:30:00;413.00
2026-09-16 04:45:00;411.00
2026-09-16 05:00:00;409.00
2026-09-16 05:15:00;407.00
2026-09-16 05:30:00;406.00
2026-09-16 05:45:00;404.00
2026-09-16 06:00:00;402.00
2026-09-16 06:15:00;401.00
2026-09-16 06:30:00;399.00
2026-09-16 06:45:00;398.00
2026-09-16 07:00:00;396.00
2026-09-16 07:15:00;395.00
2026-09-16 07:30:00;394.00
2026-09-16 07:45:00;392.00
2026-09-16 08:00:00;391.00
2026-09-16 08:15:00;390.00
2026-09-16 08:30:00;389.00
2026-09-16 08:45:00;388.00
2026-09-16 09:00:00;387.00
2026-09-16 09:15:00;385.00
2026-09-16 09:30:00;384.00
2026-09-16 09:45:00;384.00
2026-09-16 10:00:00;383.00
2026-09-16 10:15:00;382.00
2026-09-16 10:30:00;381.00
2026-09-16 10:45:00;380.00
2026-09-16 11:00:00;379.00
2026-09-16 11:15:00;378.00
2026-09-16 11:30:00;377.00
2026-09-16 11:45:00;376.00
2026-09-16 12:00:00;375.00
2026-09-16 12:15:00;373.00
2026-09-16 12:30:00;371.00
2026-09-16 12:45:00;368.00
2026-09-16 13:00:00;365.00
2026-09-16 13:15:00;361.00
2026-09-16 13:30:00;356.00
2026-09-16 13:45:00;351.00
2026-09-16 14:00:00;346.00
2026-09-16 14:15:00;340.00
2026-09-16 14:30:00;334.00
2026-09-16 14:45:00;328.00
2026-09-16 15:00:00;322.00
2026-09-16 15:15:00;316.00
2026-09-16 15:30:00;311.00
2026-09-16 15:45:00;305.00
2026-09-16 16:00:00;300.00
2026-09-16 16:15:00;296.00
2026-09-16 16:30:00;291.00
2026-09-16 16:45:00;287.00
2026-09-16 17:00:00;284.00
2026-09-16 17:15:00;281.00
2026-09-16 17:30:00;278.00
2026-09-16 17:45:00;276.00
2026-09-16 18:00:00;275.00
2026-09-16 18:15:00;274.00
2026-09-16 18:30:00;273.00
2026-09-16 18:45:00;273.00
2026-09-16 19:00:00;274.00
2026-09-16 19:15:00;275.00
2026-09-16 19:30:00;276.00
2026-09-16 19:45:00;279.00
2026-09-16 20:00:00;281.00
2026-09-16 20:15:00;284.00
2026-09-16 20:30:00;288.00
2026-09-16 20:45:00;293.00
2026-09-16 21:00:00;299.00
2026-09-16 21:15:00;306.00
2026-09-16 21:30:00;314.00
2026-09-16 21:45:00;323.00
2026-09-16 22:00:00;333.00
2026-09-16 22:15:00;344.00
2026-09-16 22:30:00;355.00
2026-09-16 22:45:00;365.00
2026-09-16 23:00:00;375.00
2026-09-16 23:15:00;382.00
2026-09-17 00:00:00;398.00
2026-09-17 00:15:00;401.00
2026-09-17 00:30:00;403.00
2026-09-17 00:45:00;405.00
2026-09-17 01:00:00;405.00
2026-09-17 01:15:00;406.00
2026-09-17 01:30:00;405.00
2026-09-17 01:45:00;404.00
2026-09-17 02:00:00;403.00
2026-09-17 02:15:00;402.00
2026-09-17 02:30:00;401.00
2026-09-17 02:45:00;399.00
2026-09-17 03:00:00;397.00
2026-09-17 03:15:00;395.00
2026-09-17 03:30:00;393.00
2026-09-17 03:45:00;391.00
2026-09-17 04:00:00;388.00
2026-09-17 04:15:00;386.00
2026-09-17 04:30:00;384.00
2026-09-17 04:45:00;382.00
2026-09-17 05:00:00;379.00
2026-09-17 05:15:00;377.00
2026-09-17 05:30:00;375.00
2026-09-17 05:45:00;373.00
2026-09-17 06:00:00;370.00
2026-09-17 06:15:00;368.00
2026-09-17 06:30:00;366.00
2026-09-17 06:45:00;364.00
2026-09-17 07:00:00;362.00
2026-09-17 07:15:00;360.00
2026-09-17 07:30:00;358.00
2026-09-17 07:45:00;356.00
2026-09-17 08:00:00;354.00
2026-09-17 08:15:00;353.00
2026-09-17 08:30:00;351.00
2026-09-17 08:45:00;350.00
2026-09-17 09:00:00;348.00
2026-09-17 09:15:00;347.00
2026-09-17 09:30:00;346.00
2026-09-17 09:45:00;345.00
2026-09-17 10:00:00;344.00
2026-09-17 10:15:00;343.00
2026-09-17 10:30:00;343.00
2026-09-17 10:45:00;342.00
2026-09-17 11:00:00;342.00
2026-09-17 11:15:00;341.00
2026-09-17 11:30:00;341.00
2026-09-17 11:45:00;341.00
2026-09-17 12:00:00;340.00
2026-09-17 12:15:00;340.00
2026-09-17 12:30:00;339.00
2026-09-17 12:45:00;337.00
2026-09-17 13:00:00;335.00
2026-09-17 13:15:00;333.00
2026-09-17 13:30:00;329.00
2026-09-17 13:45:00;325.00
2026-09-17 14:00:00;321.00
2026-09-17 14:15:00;316.00
2026-09-17 14:30:00;311.00
2026-09-17 14:45:00;306.00
2026-09-17 15:00:00;300.00
2026-09-17 15:15:00;295.00
2026-09-17 15:30:00;289.00
2026-09-17 15:45:00;284.00
2026-09-17 16:00:00;278.00
2026-09-17 16:15:00;273.00
2026-09-17 16:30:00;266.00
2026-09-17 16:45:00;261.00
2026-09-17 17:00:00;255.00
2026-09-17 17:15:00;250.00
2026-09-17 17:30:00;245.00
2026-09-17 17:45:00;241.00
2026-09-17 18:00:00;237.00
2026-09-17 18:15:00;234.00
2026-09-17 18:30:00;231.00
2026-09-17 18:45:00;228.00
2026-09-17 19:00:00;225.00
2026-09-17 19:15:00;224.00
2026-09-17 19:30:00;222.00
2026-09-17 19:45:00;221.00
2026-09-17 20:00:00;220.00
2026-09-17 20:15:00;221.00
2026-09-17 20:30:00;221.00
2026-09-17 20:45:00;222.00
2026-09-17 21:00:00;224.00
2026-09-17 21:15:00;227.00
2026-09-17 21:30:00;231.00
2026-09-17 21:45:00;236.00
2026-09-17 22:00:00;242.00
2026-09-17 22:15:00;252.00
2026-09-17 22:30:00;264.00
2026-09-17 22:45:00;279.00
2026-09-17 23:00:00;295.00
2026-09-17 23:15:00;311.00
2026-09-18 00:00:00;349.00
2026-09-18 00:15:00;358.00
2026-09-18 00:30:00;366.00
2026-09-18 00:45:00;371.00
2026-09-18 01:00:00;376.00
2026-09-18 01:15:00;379.00
2026-09-18 01:30:00;381.00
2026-09-18 01:45:00;383.00
2026-09-18 02:00:00;384.00
2026-09-18 02:15:00;384.00
2026-09-18 02:30:00;384.00
2026-09-18 02:45:00;383.00
2026-09-18 03:00:00;382.00
2026-09-18 03:15:00;381.00
2026-09-18 03:30:00;380.00
2026-09-18 03:45:00;379.00
2026-09-18 04:00:00;377.00
2026-09-18 04:15:00;375.00
2026-09-18 04:30:00;374.00
2026-09-18 04:45:00;372.00
2026-09-18 05:00:00;370.00
2026-09-18 05:15:00;368.00
2026-09-18 05:30:00;367.00
2026-09-18 05:45:00;365.00
2026-09-18 06:00:00;363.00
2026-09-18 06:15:00;361.00
2026-09-18 06:30:00;360.00
2026-09-18 06:45:00;358.00
2026-09-18 07:00:00;356.00
2026-09-18 07:15:00;355.00
2026-09-18 07:30:00;353.00
2026-09-18 07:45:00;352.00
2026-09-18 08:00:00;350.00
2026-09-18 08:15:00;349.00
2026-09-18 08:30:00;348.00
2026-09-18 08:45:00;346.00
2026-09-18 09:00:00;345.00
2026-09-18 09:15:00;344.00
2026-09-18 09:30:00;343.00
2026-09-18 09:45:00;341.00
2026-09-18 10:00:00;341.00
2026-09-18 10:15:00;339.00
2026-09-18 10:30:00;338.00
2026-09-18 10:45:00;338.00
2026-09-18 11:00:00;337.00
2026-09-18 11:15:00;335.00
2026-09-18 11:30:00;334.00
2026-09-18 11:45:00;332.00
2026-09-18 12:00:00;330.00
2026-09-18 12:15:00;327.00
2026-09-18 12:30:00;324.00
2026-09-18 12:45:00;320.00
2026-09-18 13:00:00;316.00
2026-09-18 13:15:00;311.00
2026-09-18 13:30:00;306.00
2026-09-18 13:45:00;301.00
2026-09-18 14:00:00;296.00
2026-09-18 14:15:00;290.00
2026-09-18 14:30:00;284.00
2026-09-18 14:45:00;278.00
2026-09-18 15:00:00;272.00
2026-09-18 15:15:00;266.00
2026-09-18 15:30:00;259.00
2026-09-18 15:45:00;253.00
2026-09-18 16:00:00;248.00
2026-09-18 16:15:00;243.00
2026-09-18 16:30:00;238.00
2026-09-18 16:45:00;233.00
2026-09-18 17:00:00;228.00
2026-09-18 17:15:00;224.00
2026-09-18 17:30:00;220.00
2026-09-18 17:45:00;216.00
2026-09-18 18:00:00;212.00
2026-09-18 18:15:00;208.00
2026-09-18 18:30:00;205.00
2026-09-18 18:45:00;202.00
2026-09-18 19:00:00;199.00
2026-09-18 19:15:00;197.00
2026-09-18 19:30:00;194.00
2026-09-18 19:45:00;192.00
2026-09-18 20:00:00;191.00
2026-09-18 20:15:00;189.00
2026-09-18 20:30:00;188.00
2026-09-18 20:45:00;187.00
2026-09-18 21:00:00;187.00
2026-09-18 21:15:00;188.00
2026-09-18 21:30:00;189.00
2026-09-18 21:45:00;192.00
2026-09-18 22:00:00;196.00
2026-09-18 22:15:00;203.00
2026-09-18 22:30:00;214.00
2026-09-18 22:45:00;228.00
2026-09-18 23:00:00;246.00
2026-09-18 23:15:00;266.00
2026-09-19 00:00:00;317.00
2026-09-19 00:15:00;329.00
2026-09-19 00:30:00;338.00
2026-09-19 00:45:00;345.00
2026-09-19 01:00:00;351.00
2026-09-19 01:15:00;355.00
2026-09-19 01:30:00;358.00
2026-09-19 01:45:00;360.00
2026-09-19 02:00:00;361.00
2026-09-19 02:15:00;362.00
2026-09-19 02:30:00;362.00
2026-09-19 02:45:00;362.00
2026-09-19 03:00:00;361.00
2026-09-19 03:15:00;361.00
2026-09-19 03:30:00;360.00
2026-09-19 03:45:00;359.00
2026-09-19 04:00:00;357.00
2026-09-19 04:15:00;356.00
2026-09-19 04:30:00;354.00
2026-09-19 04:45:00;353.00
2026-09-19 05:00:00;352.00
2026-09-19 05:15:00;350.00
2026-09-19 05:30:00;348.00
2026-09-19 05:45:00;347.00
2026-09-19 06:00:00;345.00
2026-09-19 06:15:00;344.00
2026-09-19 06:30:00;342.00
2026-09-19 06:45:00;341.00
2026-09-19 07:00:00;339.00
2026-09-19 07:15:00;338.00
2026-09-19 07:30:00;336.00
2026-09-19 07:45:00;335.00
2026-09-19 08:00:00;334.00
2026-09-19 08:15:00;332.00
2026-09-19 08:30:00;331.00
2026-09-19 08:45:00;330.00
2026-09-19 09:00:00;329.00
2026-09-19 09:15:00;328.00
2026-09-19 09:30:00;327.00
2026-09-19 09:45:00;326.00
2026-09-19 10:00:00;325.00
2026-09-19 10:15:00;324.00
2026-09-19 10:30:00;323.00
2026-09-19 10:45:00;323.00
2026-09-19 11:00:00;322.00
2026-09-19 11:15:00;321.00
2026-09-19 11:30:00;319.00
2026-09-19 11:45:00;318.00
2026-09-19 12:00:00;316.00
2026-09-19 12:15:00;313.00
2026-09-19 12:30:00;310.00
2026-09-19 12:45:00;306.00
2026-09-19 13:00:00;302.00
2026-09-19 13:15:00;298.00
2026-09-19 13:30:00;293.00
2026-09-19 13:45:00;288.00
2026-09-19 14:00:00;283.00
2026-09-19 14:15:00;277.00
2026-09-19 14:30:00;272.00
2026-09-19 14:45:00;266.00
2026-09-19 15:00:00;260.00
2026-09-19 15:15:00;254.00
2026-09-19 15:30:00;249.00
2026-09-19 15:45:00;243.00
2026-09-19 16:00:00;238.00
2026-09-19 16:15:00;234.00
2026-09-19 16:30:00;229.00
2026-09-19 16:45:00;225.00
2026-09-19 17:00:00;220.00
2026-09-19 17:15:00;216.00
2026-09-19 17:30:00;212.00
2026-09-19 17:45:00;209.00
2026-09-19 18:00:00;205.00
2026-09-19 18:15:00;202.00
2026-09-19 18:30:00;199.00
2026-09-19 18:45:00;196.00
2026-09-19 19:00:00;193.00
2026-09-19 19:15:00;191.00
2026-09-19 19:30:00;188.00
2026-09-19 19:45:00;186.00
2026-09-19 20:00:00;184.00
2026-09-19 20:15:00;183.00
2026-09-19 20:30:00;181.00
2026-09-19 20:45:00;180.00
2026-09-19 21:00:00;180.00
2026-09-19 21:15:00;180.00
2026-09-19 21:30:00;180.00
2026-09-19 21:45:00;181.00
2026-09-19 22:00:00;183.00
2026-09-19 22:15:00;187.00
2026-09-19 22:30:00;193.00
2026-09-19 22:45:00;203.00
2026-09-19 23:00:00;217.00
2026-09-19 23:15:00;235.00
2026-09-20 00:00:00;308.00
2026-09-20 00:15:00;323.00
2026-09-20 00:30:00;334.00
2026-09-20 00:45:00;344.00
2026-09-20 01:00:00;351.00
2026-09-20 01:15:00;356.00
2026-09-20 01:30:00;360.00
2026-09-20 01:45:00;364.00
2026-09-20 02:00:00;366.00
2026-09-20 02:15:00;368.00
2026-09-20 02:30:00;368.00
2026-09-20 02:45:00;369.00
2026-09-20 03:00:00;369.00
2026-09-20 03:15:00;370.00
2026-09-20 03:30:00;369.00
2026-09-20 03:45:00;368.00
2026-09-20 04:00:00;368.00
2026-09-20 04:15:00;367.00
2026-09-20 04:30:00;366.00
2026-09-20 04:45:00;365.00
2026-09-20 05:00:00;364.00
2026-09-20 05:15:00;364.00
2026-09-20 05:30:00;362.00
2026-09-20 05:45:00;361.00
2026-09-20 06:00:00;360.00
2026-09-20 06:15:00;359.00
2026-09-20 06:30:00;358.00
2026-09-20 06:45:00;358.00
2026-09-20 07:00:00;357.00
2026-09-20 07:15:00;356.00
2026-09-20 07:30:00;355.00
2026-09-20 07:45:00;355.00
2026-09-20 08:00:00;354.00
2026-09-20 08:15:00;353.00
2026-09-20 08:30:00;353.00
2026-09-20 08:45:00;352.00
2026-09-20 09:00:00;352.00
2026-09-20 09:15:00;351.00
2026-09-20 09:30:00;350.00
2026-09-20 09:45:00;350.00
2026-09-20 10:00:00;349.00
2026-09-20 10:15:00;348.00
2026-09-20 10:30:00;347.00
2026-09-20 10:45:00;346.00
2026-09-20 11:00:00;346.00
2026-09-20 11:15:00;345.00
2026-09-20 11:30:00;344.00
2026-09-20 11:45:00;344.00
2026-09-20 12:00:00;343.00
2026-09-20 12:15:00;341.00
2026-09-20 12:30:00;340.00
2026-09-20 12:45:00;338.00
2026-09-20 13:00:00;336.00
2026-09-20 13:15:00;334.00
2026-09-20 13:30:00;331.00
2026-09-20 13:45:00;327.00
2026-09-20 14:00:00;323.00
2026-09-20 14:15:00;318.00
2026-09-20 14:30:00;314.00
2026-09-20 14:45:00;309.00
2026-09-20 15:00:00;303.00
2026-09-20 15:15:00;297.00
2026-09-20 15:30:00;292.00
2026-09-20 15:45:00;287.00
2026-09-20 16:00:00;281.00
2026-09-20 16:15:00;276.00
2026-09-20 16:30:00;271.00
2026-09-20 16:45:00;266.00
2026-09-20 17:00:00;261.00
2026-09-20 17:15:00;258.00
2026-09-20 17:30:00;253.00
2026-09-20 17:45:00;250.00
2026-09-20 18:00:00;247.00
2026-09-20 18:15:00;244.00
2026-09-20 18:30:00;243.00
2026-09-20 18:45:00;242.00
2026-09-20 19:00:00;242.00
2026-09-20 19:15:00;243.00
2026-09-20 19:30:00;245.00
2026-09-20 19:45:00;247.00
2026-09-20 20:00:00;251.00
2026-09-20 20:15:00;255.00
2026-09-20 20:30:00;261.00
2026-09-20 20:45:00;268.00
2026-09-20 21:00:00;274.00
2026-09-20 21:15:00;282.00
2026-09-20 21:30:00;290.00
2026-09-20 21:45:00;301.00
2026-09-20 22:00:00;314.00
2026-09-20 22:15:00;326.00
2026-09-20 22:30:00;341.00
2026-09-20 22:45:00;354.00
2026-09-20 23:00:00;367.00
2026-09-20 23:15:00;379.00
2026-09-21 00:00:00;405.00
2026-09-21 00:15:00;410.00
2026-09-21 00:30:00;414.00
2026-09-21 00:45:00;417.00
2026-09-21 01:00:00;419.00
2026-09-21 01:15:00;420.00
2026-09-21 01:30:00;419.00
2026-09-21 01:45:00;419.00
2026-09-21 02:00:00;419.00
2026-09-21 02:15:00;418.00
2026-09-21 02:30:00;416.00
2026-09-21 02:45:00;415.00
2026-09-21 03:00:00;413.00
2026-09-21 03:15:00;411.00
2026-09-21 03:30:00;409.00
2026-09-21 03:45:00;408.00
2026-09-21 04:00:00;406.00
2026-09-21 04:15:00;405.00
2026-09-21 04:30:00;401.00
2026-09-21 04:45:00;401.00
2026-09-21 05:00:00;398.00
2026-09-21 05:15:00;396.00
2026-09-21 05:30:00;394.00
2026-09-21 05:45:00;393.00
2026-09-21 06:00:00;392.00
2026-09-21 06:15:00;393.00
2026-09-21 06:30:00;395.00
2026-09-21 06:45:00;393.00
2026-09-21 07:00:00;395.00
2026-09-21 07:15:00;397.00
2026-09-21 07:30:00;402.00
2026-09-21 07:45:00;408.00
2026-09-21 08:00:00;417.00
2026-09-21 08:15:00;429.00
2026-09-21 08:30:00;445.00
2026-09-21 08:45:00;466.00
2026-09-21 09:00:00;493.00
2026-09-21 09:15:00;517.00
2026-09-21 09:30:00;540.00
2026-09-21 09:45:00;561.00
2026-09-21 10:00:00;582.00
2026-09-21 10:15:00;602.00
2026-09-21 10:30:00;624.00
2026-09-21 10:45:00;633.00
2026-09-21 11:00:00;650.00
2026-09-21 11:15:00;665.00
2026-09-21 11:30:00;681.00
2026-09-21 11:45:00;695.00
2026-09-21 12:00:00;708.00
2026-09-21 12:15:00;720.00
2026-09-21 12:30:00;729.00
2026-09-21 12:45:00;738.00
2026-09-21 13:00:00;746.00
2026-09-21 13:15:00;757.00
