tau_hours,origin,target_time,recomputed_m,saved_m,abs_difference_m
6,2026-07-01T00:00:00-03:00,2026-07-01T01:00:00-03:00,4.502797969511366,4.502797969511366,0.0
6,2026-07-01T00:00:00-03:00,2026-07-01T02:00:00-03:00,4.418716677172806,4.418716677172805,8.881784197001252e-16
6,2026-07-01T00:00:00-03:00,2026-07-01T03:00:00-03:00,4.3446390727896675,4.344639072789667,8.881784197001252e-16
6,2026-07-01T00:00:00-03:00,2026-07-01T04:00:00-03:00,4.254399881752281,4.254399881752281,0.0
6,2026-07-01T00:00:00-03:00,2026-07-01T05:00:00-03:00,4.167654069129796,4.167654069129796,0.0
6,2026-07-01T00:00:00-03:00,2026-07-01T06:00:00-03:00,4.0890490921462375,4.0890490921462375,0.0
6,2026-07-01T00:00:00-03:00,2026-07-01T07:00:00-03:00,4.027565711177895,4.027565711177895,0.0
6,2026-07-01T00:00:00-03:00,2026-07-01T08:00:00-03:00,3.9860269684322267,3.9860269684322276,8.881784197001252e-16
6,2026-07-01T00:00:00-03:00,2026-07-01T09:00:00-03:00,3.9793509467797588,3.9793509467797588,0.0
6,2026-07-01T00:00:00-03:00,2026-07-01T10:00:00-03:00,3.996897288938836,3.9968972889388352,8.881784197001252e-16
6,2026-07-01T00:00:00-03:00,2026-07-01T11:00:00-03:00,4.0326438246108856,4.0326438246108856,0.0
6,2026-07-01T00:00:00-03:00,2026-07-01T12:00:00-03:00,4.081657792061528,4.081657792061528,0.0
6,2026-07-02T21:00:00-03:00,2026-07-02T22:00:00-03:00,7.253426000427063,7.253426000427063,0.0
6,2026-07-02T21:00:00-03:00,2026-07-02T23:00:00-03:00,7.45498537440671,7.45498537440671,0.0
6,2026-07-02T21:00:00-03:00,2026-07-03T00:00:00-03:00,7.649854317082075,7.649854317082075,0.0
6,2026-07-02T21:00:00-03:00,2026-07-03T01:00:00-03:00,7.797235681420541,7.797235681420541,0.0
6,2026-07-02T21:00:00-03:00,2026-07-03T02:00:00-03:00,7.90833256698065,7.90833256698065,0.0
6,2026-07-02T21:00:00-03:00,2026-07-03T03:00:00-03:00,8.024043344375624,8.02404334437562,3.552713678800501e-15
6,2026-07-02T21:00:00-03:00,2026-07-03T04:00:00-03:00,8.125319334554835,8.125319334554835,0.0
6,2026-07-02T21:00:00-03:00,2026-07-03T05:00:00-03:00,8.207398359832215,8.207398359832215,0.0
6,2026-07-02T21:00:00-03:00,2026-07-03T06:00:00-03:00,8.270044841956956,8.270044841956956,0.0
6,2026-07-02T21:00:00-03:00,2026-07-03T07:00:00-03:00,8.308093110932646,8.308093110932646,0.0
6,2026-07-02T21:00:00-03:00,2026-07-03T08:00:00-03:00,8.346140270911231,8.346140270911231,0.0
6,2026-07-02T21:00:00-03:00,2026-07-03T09:00:00-03:00,8.34433523590516,8.34433523590516,0.0
6,2026-07-22T08:00:00-03:00,2026-07-22T09:00:00-03:00,17.597731481962395,17.597731481962395,0.0
6,2026-07-22T08:00:00-03:00,2026-07-22T10:00:00-03:00,17.590294711711255,17.590294711711255,0.0
6,2026-07-22T08:00:00-03:00,2026-07-22T11:00:00-03:00,17.994060832233032,17.994060832233032,0.0
6,2026-07-22T08:00:00-03:00,2026-07-22T12:00:00-03:00,17.230285345608635,17.230285345608635,0.0
6,2026-07-22T08:00:00-03:00,2026-07-22T13:00:00-03:00,16.560982047026123,16.56098204702612,3.552713678800501e-15
6,2026-07-22T08:00:00-03:00,2026-07-22T14:00:00-03:00,15.705817244711383,15.705817244711383,0.0
6,2026-07-22T08:00:00-03:00,2026-07-22T15:00:00-03:00,14.946530484899142,14.946530484899142,0.0
6,2026-07-22T08:00:00-03:00,2026-07-22T16:00:00-03:00,14.088086376912106,14.088086376912106,0.0
6,2026-07-22T08:00:00-03:00,2026-07-22T17:00:00-03:00,13.046633276221867,13.046633276221861,5.329070518200751e-15
6,2026-07-22T08:00:00-03:00,2026-07-22T18:00:00-03:00,11.49927793647823,11.499277936478228,1.7763568394002505e-15
6,2026-07-22T08:00:00-03:00,2026-07-22T19:00:00-03:00,10.34373156465276,10.343731564652758,1.7763568394002505e-15
6,2026-07-22T08:00:00-03:00,2026-07-22T20:00:00-03:00,9.084263954808169,9.084263954808169,0.0
6,2026-07-22T09:00:00-03:00,2026-07-22T10:00:00-03:00,18.01632976601764,18.01632976601764,0.0
6,2026-07-22T09:00:00-03:00,2026-07-22T11:00:00-03:00,18.43867413990102,18.43867413990102,0.0
6,2026-07-22T09:00:00-03:00,2026-07-22T12:00:00-03:00,17.871596207009908,17.871596207009908,0.0
6,2026-07-22T09:00:00-03:00,2026-07-22T13:00:00-03:00,17.166730582885805,17.166730582885805,0.0
6,2026-07-22T09:00:00-03:00,2026-07-22T14:00:00-03:00,16.42464130382911,16.42464130382911,0.0
6,2026-07-22T09:00:00-03:00,2026-07-22T15:00:00-03:00,15.66922136805779,15.66922136805779,0.0
6,2026-07-22T09:00:00-03:00,2026-07-22T16:00:00-03:00,14.875038363573307,14.875038363573307,0.0
6,2026-07-22T09:00:00-03:00,2026-07-22T17:00:00-03:00,13.827191144408248,13.82719114440825,1.7763568394002505e-15
6,2026-07-22T09:00:00-03:00,2026-07-22T18:00:00-03:00,12.406666289833188,12.406666289833185,3.552713678800501e-15
6,2026-07-22T09:00:00-03:00,2026-07-22T19:00:00-03:00,11.24069620871342,11.240696208713418,1.7763568394002505e-15
6,2026-07-22T09:00:00-03:00,2026-07-22T20:00:00-03:00,10.069712036368179,10.069712036368175,3.552713678800501e-15
6,2026-07-22T09:00:00-03:00,2026-07-22T21:00:00-03:00,8.751684352869809,8.751684352869807,1.7763568394002505e-15
6,2026-07-22T11:00:00-03:00,2026-07-22T12:00:00-03:00,19.160696413184535,19.160696413184535,0.0
6,2026-07-22T11:00:00-03:00,2026-07-22T13:00:00-03:00,19.772014480524728,19.772014480524728,0.0
6,2026-07-22T11:00:00-03:00,2026-07-22T14:00:00-03:00,20.41780597221653,20.41780597221653,0.0
6,2026-07-22T11:00:00-03:00,2026-07-22T15:00:00-03:00,21.242218295587662,21.242218295587662,0.0
6,2026-07-22T11:00:00-03:00,2026-07-22T16:00:00-03:00,21.943917919827715,21.943917919827715,0.0
6,2026-07-22T11:00:00-03:00,2026-07-22T17:00:00-03:00,22.60660652670227,22.60660652670227,0.0
6,2026-07-22T11:00:00-03:00,2026-07-22T18:00:00-03:00,23.045091188035887,23.045091188035887,0.0
6,2026-07-22T11:00:00-03:00,2026-07-22T19:00:00-03:00,23.720344913970436,23.720344913970436,0.0
6,2026-07-22T11:00:00-03:00,2026-07-22T20:00:00-03:00,24.39667360276884,24.396673602768846,7.105427357601002e-15
6,2026-07-22T11:00:00-03:00,2026-07-22T21:00:00-03:00,24.91500759200787,24.91500759200787,0.0
6,2026-07-22T11:00:00-03:00,2026-07-22T22:00:00-03:00,25.212477938219866,25.212477938219866,0.0
6,2026-07-22T11:00:00-03:00,2026-07-22T23:00:00-03:00,25.49415895814758,25.49415895814758,0.0
6,2026-08-13T09:00:00-03:00,2026-08-13T10:00:00-03:00,8.784942320149979,8.784942320149979,0.0
6,2026-08-13T09:00:00-03:00,2026-08-13T11:00:00-03:00,8.99206319561982,8.99206319561982,0.0
6,2026-08-13T09:00:00-03:00,2026-08-13T12:00:00-03:00,9.170371340349437,9.170371340349437,0.0
6,2026-08-13T09:00:00-03:00,2026-08-13T13:00:00-03:00,9.333462701049843,9.333462701049843,0.0
6,2026-08-13T09:00:00-03:00,2026-08-13T14:00:00-03:00,9.459925585037022,9.459925585037022,0.0
6,2026-08-13T09:00:00-03:00,2026-08-13T15:00:00-03:00,9.539445347007076,9.539445347007076,0.0
6,2026-08-13T09:00:00-03:00,2026-08-13T16:00:00-03:00,9.59583564978569,9.59583564978569,0.0
6,2026-08-13T09:00:00-03:00,2026-08-13T17:00:00-03:00,9.618648907294737,9.618648907294737,0.0
6,2026-08-13T09:00:00-03:00,2026-08-13T18:00:00-03:00,9.61709749690493,9.61709749690493,0.0
6,2026-08-13T09:00:00-03:00,2026-08-13T19:00:00-03:00,9.624351456528412,9.624351456528412,0.0
6,2026-08-13T09:00:00-03:00,2026-08-13T20:00:00-03:00,9.663025512177912,9.663025512177912,0.0
6,2026-08-13T09:00:00-03:00,2026-08-13T21:00:00-03:00,9.728695686048907,9.728695686048908,1.7763568394002505e-15
2,2026-07-01T00:00:00-03:00,2026-07-01T01:00:00-03:00,4.3164818754606715,4.316481875460671,8.881784197001252e-16
2,2026-07-01T00:00:00-03:00,2026-07-01T02:00:00-03:00,4.1703104964201785,4.170310496420178,8.881784197001252e-16
2,2026-07-01T00:00:00-03:00,2026-07-01T03:00:00-03:00,4.07764693741353,4.07764693741353,0.0
2,2026-07-01T00:00:00-03:00,2026-07-01T04:00:00-03:00,3.992064582327811,3.992064582327811,0.0
2,2026-07-01T00:00:00-03:00,2026-07-01T05:00:00-03:00,3.922417928767188,3.922417928767188,0.0
2,2026-07-01T00:00:00-03:00,2026-07-01T06:00:00-03:00,3.8666851292302296,3.8666851292302296,0.0
2,2026-07-01T00:00:00-03:00,2026-07-01T07:00:00-03:00,3.830169669583168,3.830169669583168,0.0
2,2026-07-01T00:00:00-03:00,2026-07-01T08:00:00-03:00,3.81346404795319,3.81346404795319,0.0
2,2026-07-01T00:00:00-03:00,2026-07-01T09:00:00-03:00,3.830582061599698,3.830582061599698,0.0
2,2026-07-01T00:00:00-03:00,2026-07-01T10:00:00-03:00,3.869853749230631,3.8698537492306304,4.440892098500626e-16
2,2026-07-01T00:00:00-03:00,2026-07-01T11:00:00-03:00,3.924875198995398,3.924875198995398,0.0
2,2026-07-01T00:00:00-03:00,2026-07-01T12:00:00-03:00,3.9906601522382106,3.9906601522382106,0.0
2,2026-07-02T21:00:00-03:00,2026-07-02T22:00:00-03:00,7.075750471066019,7.075750471066019,0.0
2,2026-07-02T21:00:00-03:00,2026-07-02T23:00:00-03:00,7.225491414143212,7.225491414143213,8.881784197001252e-16
2,2026-07-02T21:00:00-03:00,2026-07-03T00:00:00-03:00,7.4100203910898745,7.4100203910898745,0.0
2,2026-07-02T21:00:00-03:00,2026-07-03T01:00:00-03:00,7.567576444886802,7.567576444886802,0.0
2,2026-07-02T21:00:00-03:00,2026-07-03T02:00:00-03:00,7.69827850104443,7.69827850104443,0.0
2,2026-07-02T21:00:00-03:00,2026-07-03T03:00:00-03:00,7.837471273432095,7.837471273432093,1.7763568394002505e-15
2,2026-07-02T21:00:00-03:00,2026-07-03T04:00:00-03:00,7.962422372218636,7.962422372218636,0.0
2,2026-07-02T21:00:00-03:00,2026-07-03T05:00:00-03:00,8.066662682264276,8.066662682264276,0.0
2,2026-07-02T21:00:00-03:00,2026-07-03T06:00:00-03:00,8.14925852216469,8.14925852216469,0.0
2,2026-07-02T21:00:00-03:00,2026-07-03T07:00:00-03:00,8.204813665645176,8.204813665645176,0.0
2,2026-07-02T21:00:00-03:00,2026-07-03T08:00:00-03:00,8.258168944280442,8.258168944280445,3.552713678800501e-15
2,2026-07-02T21:00:00-03:00,2026-07-03T09:00:00-03:00,8.26938640897928,8.26938640897928,0.0
2,2026-07-22T08:00:00-03:00,2026-07-22T09:00:00-03:00,17.45958723147034,17.45958723147034,0.0
2,2026-07-22T08:00:00-03:00,2026-07-22T10:00:00-03:00,17.409039698313588,17.409039698313588,0.0
2,2026-07-22T08:00:00-03:00,2026-07-22T11:00:00-03:00,17.80442196432657,17.80442196432657,0.0
2,2026-07-22T08:00:00-03:00,2026-07-22T12:00:00-03:00,17.04133784846348,17.04133784846348,0.0
2,2026-07-22T08:00:00-03:00,2026-07-22T13:00:00-03:00,16.382095575373842,16.38209557537384,3.552713678800501e-15
2,2026-07-22T08:00:00-03:00,2026-07-22T14:00:00-03:00,15.539875145416541,15.539875145416541,0.0
2,2026-07-22T08:00:00-03:00,2026-07-22T15:00:00-03:00,14.795729712913246,14.795729712913245,1.7763568394002505e-15
2,2026-07-22T08:00:00-03:00,2026-07-22T16:00:00-03:00,13.951845769809578,13.951845769809578,0.0
2,2026-07-22T08:00:00-03:00,2026-07-22T17:00:00-03:00,12.923128899908145,12.923128899908141,3.552713678800501e-15
2,2026-07-22T08:00:00-03:00,2026-07-22T18:00:00-03:00,11.384250382250215,11.384250382250213,1.7763568394002505e-15
2,2026-07-22T08:00:00-03:00,2026-07-22T19:00:00-03:00,10.238357642066603,10.238357642066601,1.7763568394002505e-15
2,2026-07-22T08:00:00-03:00,2026-07-22T20:00:00-03:00,8.986368006324149,8.986368006324147,1.7763568394002505e-15
2,2026-07-22T09:00:00-03:00,2026-07-22T10:00:00-03:00,17.880342658594834,17.880342658594834,0.0
2,2026-07-22T09:00:00-03:00,2026-07-22T11:00:00-03:00,18.262919094037954,18.262919094037954,0.0
2,2026-07-22T09:00:00-03:00,2026-07-22T12:00:00-03:00,17.68127634025365,17.68127634025365,0.0
2,2026-07-22T09:00:00-03:00,2026-07-22T13:00:00-03:00,16.977473531210542,16.977473531210542,0.0
2,2026-07-22T09:00:00-03:00,2026-07-22T14:00:00-03:00,16.244925958112585,16.244925958112585,0.0
2,2026-07-22T09:00:00-03:00,2026-07-22T15:00:00-03:00,15.503132982833588,15.503132982833588,0.0
2,2026-07-22T09:00:00-03:00,2026-07-22T16:00:00-03:00,14.723854292034648,14.723854292034648,0.0
2,2026-07-22T09:00:00-03:00,2026-07-22T17:00:00-03:00,13.689354376653517,13.689354376653519,1.7763568394002505e-15
2,2026-07-22T09:00:00-03:00,2026-07-22T18:00:00-03:00,12.279082426186436,12.279082426186433,3.552713678800501e-15
2,2026-07-22T09:00:00-03:00,2026-07-22T19:00:00-03:00,11.12394747458796,11.123947474587958,1.7763568394002505e-15
2,2026-07-22T09:00:00-03:00,2026-07-22T20:00:00-03:00,9.96242926505208,9.962429265052076,3.552713678800501e-15
2,2026-07-22T09:00:00-03:00,2026-07-22T21:00:00-03:00,8.6512498669215,8.6512498669215,0.0
2,2026-07-22T11:00:00-03:00,2026-07-22T12:00:00-03:00,19.20289710736888,19.20289710736888,0.0
2,2026-07-22T11:00:00-03:00,2026-07-22T13:00:00-03:00,19.82623161866076,19.82623161866076,0.0
2,2026-07-22T11:00:00-03:00,2026-07-22T14:00:00-03:00,20.474192334780476,20.474192334780476,0.0
2,2026-07-22T11:00:00-03:00,2026-07-22T15:00:00-03:00,21.295530713806322,21.295530713806322,0.0
2,2026-07-22T11:00:00-03:00,2026-07-22T16:00:00-03:00,21.992151793845444,21.992151793845444,0.0
2,2026-07-22T11:00:00-03:00,2026-07-22T17:00:00-03:00,22.64907432681004,22.64907432681004,0.0
2,2026-07-22T11:00:00-03:00,2026-07-22T18:00:00-03:00,23.08204450350002,23.08204450350002,0.0
2,2026-07-22T11:00:00-03:00,2026-07-22T19:00:00-03:00,23.7519206936645,23.7519206936645,0.0
2,2026-07-22T11:00:00-03:00,2026-07-22T20:00:00-03:00,24.423446741292366,24.423446741292366,0.0
2,2026-07-22T11:00:00-03:00,2026-07-22T21:00:00-03:00,24.93768071912542,24.93768071912542,0.0
2,2026-07-22T11:00:00-03:00,2026-07-22T22:00:00-03:00,25.231712863623887,25.231712863623883,3.552713678800501e-15
2,2026-07-22T11:00:00-03:00,2026-07-22T23:00:00-03:00,25.51043956151703,25.51043956151703,0.0
2,2026-08-13T09:00:00-03:00,2026-08-13T10:00:00-03:00,8.757539043287705,8.757539043287705,0.0
2,2026-08-13T09:00:00-03:00,2026-08-13T11:00:00-03:00,8.956647903287639,8.956647903287639,0.0
2,2026-08-13T09:00:00-03:00,2026-08-13T12:00:00-03:00,9.133234711751356,9.133234711751356,0.0
2,2026-08-13T09:00:00-03:00,2026-08-13T13:00:00-03:00,9.297858310778807,9.297858310778807,0.0
2,2026-08-13T09:00:00-03:00,2026-08-13T14:00:00-03:00,9.427326082124702,9.427326082124702,0.0
2,2026-08-13T09:00:00-03:00,2026-08-13T15:00:00-03:00,9.510358689993584,9.510358689993582,1.7763568394002505e-15
2,2026-08-13T09:00:00-03:00,2026-08-13T16:00:00-03:00,9.570317249959663,9.570317249959663,0.0
2,2026-08-13T09:00:00-03:00,2026-08-13T17:00:00-03:00,9.59648298237041,9.59648298237041,0.0
2,2026-08-13T09:00:00-03:00,2026-08-13T18:00:00-03:00,9.597971171765302,9.597971171765302,0.0
2,2026-08-13T09:00:00-03:00,2026-08-13T19:00:00-03:00,9.607950083411604,9.607950083411604,0.0
2,2026-08-13T09:00:00-03:00,2026-08-13T20:00:00-03:00,9.649044054343156,9.649044054343156,0.0
2,2026-08-13T09:00:00-03:00,2026-08-13T21:00:00-03:00,9.716830085176065,9.716830085176067,1.7763568394002505e-15
12,2026-07-01T00:00:00-03:00,2026-07-01T01:00:00-03:00,4.561774385578602,4.561774385578602,0.0
12,2026-07-01T00:00:00-03:00,2026-07-01T02:00:00-03:00,4.513387079316478,4.513387079316477,8.881784197001252e-16
12,2026-07-01T00:00:00-03:00,2026-07-01T03:00:00-03:00,4.466573903039104,4.466573903039104,0.0
12,2026-07-01T00:00:00-03:00,2026-07-01T04:00:00-03:00,4.397094071013134,4.397094071013134,0.0
12,2026-07-01T00:00:00-03:00,2026-07-01T05:00:00-03:00,4.325508221414049,4.325508221414049,0.0
12,2026-07-01T00:00:00-03:00,2026-07-01T06:00:00-03:00,4.257324698939238,4.257324698939238,0.0
12,2026-07-01T00:00:00-03:00,2026-07-01T07:00:00-03:00,4.2020821165740845,4.2020821165740845,0.0
12,2026-07-01T00:00:00-03:00,2026-07-01T08:00:00-03:00,4.163185191421607,4.163185191421608,8.881784197001252e-16
12,2026-07-01T00:00:00-03:00,2026-07-01T09:00:00-03:00,4.155723258711401,4.155723258711401,0.0
12,2026-07-01T00:00:00-03:00,2026-07-01T10:00:00-03:00,4.169900673303935,4.169900673303935,0.0
12,2026-07-01T00:00:00-03:00,2026-07-01T11:00:00-03:00,4.200366682373982,4.200366682373982,0.0
12,2026-07-01T00:00:00-03:00,2026-07-01T12:00:00-03:00,4.242757188834352,4.242757188834352,0.0
12,2026-07-02T21:00:00-03:00,2026-07-02T22:00:00-03:00,7.310110176271614,7.310110176271614,0.0
12,2026-07-02T21:00:00-03:00,2026-07-02T23:00:00-03:00,7.543529699521407,7.543529699521408,8.881784197001252e-16
12,2026-07-02T21:00:00-03:00,2026-07-03T00:00:00-03:00,7.761064787848508,7.761064787848508,0.0
12,2026-07-02T21:00:00-03:00,2026-07-03T01:00:00-03:00,7.924313115620014,7.924313115620014,0.0
12,2026-07-02T21:00:00-03:00,2026-07-03T02:00:00-03:00,8.046017294309511,8.046017294309511,0.0
12,2026-07-02T21:00:00-03:00,2026-07-03T03:00:00-03:00,8.167883845822033,8.167883845822033,0.0
12,2026-07-02T21:00:00-03:00,2026-07-03T04:00:00-03:00,8.272020228511373,8.272020228511373,0.0
12,2026-07-02T21:00:00-03:00,2026-07-03T05:00:00-03:00,8.354486270152378,8.354486270152378,0.0
12,2026-07-02T21:00:00-03:00,2026-07-03T06:00:00-03:00,8.415659131161057,8.415659131161057,0.0
12,2026-07-02T21:00:00-03:00,2026-07-03T07:00:00-03:00,8.45090797717097,8.45090797717097,0.0
12,2026-07-02T21:00:00-03:00,2026-07-03T08:00:00-03:00,8.484961361434525,8.484961361434529,3.552713678800501e-15
12,2026-07-02T21:00:00-03:00,2026-07-03T09:00:00-03:00,8.478669014259545,8.478669014259545,0.0
12,2026-07-22T08:00:00-03:00,2026-07-22T09:00:00-03:00,17.64209262439239,17.64209262439239,0.0
12,2026-07-22T08:00:00-03:00,2026-07-22T10:00:00-03:00,17.66081922926603,17.66081922926603,0.0
12,2026-07-22T08:00:00-03:00,2026-07-22T11:00:00-03:00,18.082794426455063,18.082794426455063,0.0
12,2026-07-22T08:00:00-03:00,2026-07-22T12:00:00-03:00,17.335723764692673,17.335723764692673,0.0
12,2026-07-22T08:00:00-03:00,2026-07-22T13:00:00-03:00,16.679134192831786,16.679134192831786,0.0
12,2026-07-22T08:00:00-03:00,2026-07-22T14:00:00-03:00,15.834584343788107,15.834584343788107,0.0
12,2026-07-22T08:00:00-03:00,2026-07-22T15:00:00-03:00,15.08306951715615,15.08306951715615,0.0
12,2026-07-22T08:00:00-03:00,2026-07-22T16:00:00-03:00,14.231080442979113,14.231080442979113,0.0
12,2026-07-22T08:00:00-03:00,2026-07-22T17:00:00-03:00,13.195968654124426,13.195968654124425,1.7763568394002505e-15
12,2026-07-22T08:00:00-03:00,2026-07-22T18:00:00-03:00,11.658524454882436,11.658524454882436,0.0
12,2026-07-22T08:00:00-03:00,2026-07-22T19:00:00-03:00,10.509942675889194,10.509942675889192,1.7763568394002505e-15
12,2026-07-22T08:00:00-03:00,2026-07-22T20:00:00-03:00,9.259299911140515,9.259299911140515,0.0
12,2026-07-22T09:00:00-03:00,2026-07-22T10:00:00-03:00,18.06000367590842,18.06000367590842,0.0
12,2026-07-22T09:00:00-03:00,2026-07-22T11:00:00-03:00,18.50708220522338,18.50708220522338,0.0
12,2026-07-22T09:00:00-03:00,2026-07-22T12:00:00-03:00,17.960642978507337,17.960642978507337,0.0
12,2026-07-22T09:00:00-03:00,2026-07-22T13:00:00-03:00,17.272337555761016,17.272337555761016,0.0
12,2026-07-22T09:00:00-03:00,2026-07-22T14:00:00-03:00,16.543330551402793,16.543330551402793,0.0
12,2026-07-22T09:00:00-03:00,2026-07-22T15:00:00-03:00,15.79809790195622,15.79809790195622,0.0
12,2026-07-22T09:00:00-03:00,2026-07-22T16:00:00-03:00,15.0119162804908,15.0119162804908,0.0
12,2026-07-22T09:00:00-03:00,2026-07-22T17:00:00-03:00,13.97182893431597,13.971828934315973,1.7763568394002505e-15
12,2026-07-22T09:00:00-03:00,2026-07-22T18:00:00-03:00,12.560837852464754,12.560837852464752,1.7763568394002505e-15
12,2026-07-22T09:00:00-03:00,2026-07-22T19:00:00-03:00,11.40227160451819,11.402271604518187,3.552713678800501e-15
12,2026-07-22T09:00:00-03:00,2026-07-22T20:00:00-03:00,10.238858934652589,10.238858934652587,1.7763568394002505e-15
12,2026-07-22T09:00:00-03:00,2026-07-22T21:00:00-03:00,8.93112873869612,8.931128738696119,1.7763568394002505e-15
12,2026-07-22T11:00:00-03:00,2026-07-22T12:00:00-03:00,19.147087736776722,19.147087736776722,0.0
12,2026-07-22T11:00:00-03:00,2026-07-22T13:00:00-03:00,19.750797722861737,19.750797722861737,0.0
12,2026-07-22T11:00:00-03:00,2026-07-22T14:00:00-03:00,20.391258930237704,20.391258930237704,0.0
12,2026-07-22T11:00:00-03:00,2026-07-22T15:00:00-03:00,21.212269863285456,21.212269863285456,0.0
12,2026-07-22T11:00:00-03:00,2026-07-22T16:00:00-03:00,21.91184119629728,21.91184119629728,0.0
12,2026-07-22T11:00:00-03:00,2026-07-22T17:00:00-03:00,22.573420123649456,22.573420123649456,0.0
12,2026-07-22T11:00:00-03:00,2026-07-22T18:00:00-03:00,23.01139419124619,23.01139419124619,0.0
12,2026-07-22T11:00:00-03:00,2026-07-22T19:00:00-03:00,23.686964042904428,23.686964042904428,0.0
12,2026-07-22T11:00:00-03:00,2026-07-22T20:00:00-03:00,24.364057116804915,24.364057116804915,0.0
12,2026-07-22T11:00:00-03:00,2026-07-22T21:00:00-03:00,24.8833523105569,24.8833523105569,0.0
12,2026-07-22T11:00:00-03:00,2026-07-22T22:00:00-03:00,25.181856165978292,25.181856165978292,0.0
12,2026-07-22T11:00:00-03:00,2026-07-22T23:00:00-03:00,25.464740743691543,25.464740743691543,0.0
12,2026-08-13T09:00:00-03:00,2026-08-13T10:00:00-03:00,8.793759876865026,8.793759876865026,0.0
12,2026-08-13T09:00:00-03:00,2026-08-13T11:00:00-03:00,9.005882287286262,9.005882287286262,0.0
12,2026-08-13T09:00:00-03:00,2026-08-13T12:00:00-03:00,9.187801240004607,9.187801240004607,0.0
12,2026-08-13T09:00:00-03:00,2026-08-13T13:00:00-03:00,9.353402482923423,9.353402482923423,0.0
12,2026-08-13T09:00:00-03:00,2026-08-13T14:00:00-03:00,9.48154210861937,9.48154210861937,0.0
12,2026-08-13T09:00:00-03:00,2026-08-13T15:00:00-03:00,9.562113468786995,9.562113468786993,1.7763568394002505e-15
12,2026-08-13T09:00:00-03:00,2026-08-13T16:00:00-03:00,9.619046846526489,9.619046846526489,0.0
12,2026-08-13T09:00:00-03:00,2026-08-13T17:00:00-03:00,9.6420279398875,9.6420279398875,0.0
12,2026-08-13T09:00:00-03:00,2026-08-13T18:00:00-03:00,9.64034905321954,9.64034905321954,0.0
12,2026-08-13T09:00:00-03:00,2026-08-13T19:00:00-03:00,9.647206179376703,9.647206179376703,0.0
12,2026-08-13T09:00:00-03:00,2026-08-13T20:00:00-03:00,9.685244552479544,9.685244552479544,0.0
12,2026-08-13T09:00:00-03:00,2026-08-13T21:00:00-03:00,9.750101773524426,9.750101773524426,0.0
