forecast_record,evidence_kind,station_id,datum_id,model_id,model_version,registered_at,valid_at,nominal_lead_h,actual_lead_h,minimum_verified_lead_h,shorter_than_nominal_lead,forecast_m,observed_m,abs_error_m,observation_record,goal_eligible,hit_within_050m,flood_event_id,status,exclusion_reasons
cad2d809bd5618a95964025893ca9aa8943849f4101560f74b96c32da4aa4c86,archival_forecast_import,86510000,ANA:86510000:reference-unverified,radar_arvores_previsao_chuva,source-snapshot:22d28c1163abf41d8b6a0f4924f3ae2a43e536ca7014bcce090470f0361e710f,2026-09-21T19:48:15.175215+00:00,2026-09-21T16:00:00-03:00,1.0,-0.8042153375000001,-1,True,10.354225675568127,11.64,1.2857743244318733,fb3c7e41208e0f230b5dfa4a31d878a16891639ae467fdc44cfbd7d33d5c2297,False,False,9f2806d96e56e502689c8137,matched,"archival_import,registered_after_target,outside_1_to_12h_actual_lead_buckets,timezone_unverified,datum_unverified"
cad2d809bd5618a95964025893ca9aa8943849f4101560f74b96c32da4aa4c86,archival_forecast_import,86510000,ANA:86510000:reference-unverified,radar_arvores_previsao_chuva,source-snapshot:22d28c1163abf41d8b6a0f4924f3ae2a43e536ca7014bcce090470f0361e710f,2026-09-21T19:48:15.175215+00:00,2026-09-21T17:00:00-03:00,2.0,0.1957846625,0,True,11.209646933704338,12.97,1.7603530662956626,fb3c7e41208e0f230b5dfa4a31d878a16891639ae467fdc44cfbd7d33d5c2297,False,False,9f2806d96e56e502689c8137,matched,"archival_import,outside_1_to_12h_actual_lead_buckets,timezone_unverified,datum_unverified"
cad2d809bd5618a95964025893ca9aa8943849f4101560f74b96c32da4aa4c86,archival_forecast_import,86510000,ANA:86510000:reference-unverified,radar_arvores_previsao_chuva,source-snapshot:22d28c1163abf41d8b6a0f4924f3ae2a43e536ca7014bcce090470f0361e710f,2026-09-21T19:48:15.175215+00:00,2026-09-21T18:00:00-03:00,3.0,1.1957846625,1,True,11.501219284075743,13.87,2.368780715924256,fb3c7e41208e0f230b5dfa4a31d878a16891639ae467fdc44cfbd7d33d5c2297,False,False,9f2806d96e56e502689c8137,matched,"archival_import,timezone_unverified,datum_unverified"
cad2d809bd5618a95964025893ca9aa8943849f4101560f74b96c32da4aa4c86,archival_forecast_import,86510000,ANA:86510000:reference-unverified,radar_arvores_previsao_chuva,source-snapshot:22d28c1163abf41d8b6a0f4924f3ae2a43e536ca7014bcce090470f0361e710f,2026-09-21T19:48:15.175215+00:00,2026-09-21T19:00:00-03:00,4.0,2.1957846625,2,True,11.650989959045251,14.61,2.959010040954748,fb3c7e41208e0f230b5dfa4a31d878a16891639ae467fdc44cfbd7d33d5c2297,False,False,9f2806d96e56e502689c8137,matched,"archival_import,timezone_unverified,datum_unverified"
cad2d809bd5618a95964025893ca9aa8943849f4101560f74b96c32da4aa4c86,archival_forecast_import,86510000,ANA:86510000:reference-unverified,radar_arvores_previsao_chuva,source-snapshot:22d28c1163abf41d8b6a0f4924f3ae2a43e536ca7014bcce090470f0361e710f,2026-09-21T19:48:15.175215+00:00,2026-09-21T20:00:00-03:00,5.0,3.1957846625000004,3,True,12.403635040443014,15.26,2.856364959556986,fb3c7e41208e0f230b5dfa4a31d878a16891639ae467fdc44cfbd7d33d5c2297,False,False,9f2806d96e56e502689c8137,matched,"archival_import,timezone_unverified,datum_unverified"
cad2d809bd5618a95964025893ca9aa8943849f4101560f74b96c32da4aa4c86,archival_forecast_import,86510000,ANA:86510000:reference-unverified,radar_arvores_previsao_chuva,source-snapshot:22d28c1163abf41d8b6a0f4924f3ae2a43e536ca7014bcce090470f0361e710f,2026-09-21T19:48:15.175215+00:00,2026-09-21T21:00:00-03:00,6.0,4.1957846625,4,True,12.103225906054362,15.85,3.7467740939456373,fb3c7e41208e0f230b5dfa4a31d878a16891639ae467fdc44cfbd7d33d5c2297,False,False,9f2806d96e56e502689c8137,matched,"archival_import,timezone_unverified,datum_unverified"
cad2d809bd5618a95964025893ca9aa8943849f4101560f74b96c32da4aa4c86,archival_forecast_import,86510000,ANA:86510000:reference-unverified,radar_arvores_previsao_chuva,source-snapshot:22d28c1163abf41d8b6a0f4924f3ae2a43e536ca7014bcce090470f0361e710f,2026-09-21T19:48:15.175215+00:00,2026-09-21T22:00:00-03:00,7.0,5.1957846625,5,True,13.445622097751722,16.45,3.0043779022482777,fb3c7e41208e0f230b5dfa4a31d878a16891639ae467fdc44cfbd7d33d5c2297,False,False,9f2806d96e56e502689c8137,matched,"archival_import,timezone_unverified,datum_unverified"
cad2d809bd5618a95964025893ca9aa8943849f4101560f74b96c32da4aa4c86,archival_forecast_import,86510000,ANA:86510000:reference-unverified,radar_arvores_previsao_chuva,source-snapshot:22d28c1163abf41d8b6a0f4924f3ae2a43e536ca7014bcce090470f0361e710f,2026-09-21T19:48:15.175215+00:00,2026-09-21T23:00:00-03:00,8.0,6.1957846625,6,True,13.629904539529917,,,,False,,,missing_exact_observation,archival_import
cad2d809bd5618a95964025893ca9aa8943849f4101560f74b96c32da4aa4c86,archival_forecast_import,86510000,ANA:86510000:reference-unverified,radar_arvores_previsao_chuva,source-snapshot:22d28c1163abf41d8b6a0f4924f3ae2a43e536ca7014bcce090470f0361e710f,2026-09-21T19:48:15.175215+00:00,2026-09-22T00:00:00-03:00,9.0,7.1957846625,7,True,14.164101359105347,,,,False,,,not_due,archival_import
cad2d809bd5618a95964025893ca9aa8943849f4101560f74b96c32da4aa4c86,archival_forecast_import,86510000,ANA:86510000:reference-unverified,radar_arvores_previsao_chuva,source-snapshot:22d28c1163abf41d8b6a0f4924f3ae2a43e536ca7014bcce090470f0361e710f,2026-09-21T19:48:15.175215+00:00,2026-09-22T01:00:00-03:00,10.0,8.1957846625,8,True,13.977466606446058,,,,False,,,not_due,archival_import
cad2d809bd5618a95964025893ca9aa8943849f4101560f74b96c32da4aa4c86,archival_forecast_import,86510000,ANA:86510000:reference-unverified,radar_arvores_previsao_chuva,source-snapshot:22d28c1163abf41d8b6a0f4924f3ae2a43e536ca7014bcce090470f0361e710f,2026-09-21T19:48:15.175215+00:00,2026-09-22T02:00:00-03:00,11.0,9.1957846625,9,True,13.799682357580576,,,,False,,,not_due,archival_import
cad2d809bd5618a95964025893ca9aa8943849f4101560f74b96c32da4aa4c86,archival_forecast_import,86510000,ANA:86510000:reference-unverified,radar_arvores_previsao_chuva,source-snapshot:22d28c1163abf41d8b6a0f4924f3ae2a43e536ca7014bcce090470f0361e710f,2026-09-21T19:48:15.175215+00:00,2026-09-22T03:00:00-03:00,12.0,10.1957846625,10,True,13.737598273980495,,,,False,,,not_due,archival_import
a902a27977447df91473e8635f7fbd08691551605395f344255d363ee2bff369,forecast_issue,86510000,ANA:86510000:reference-unverified,radar_arvores_live_candidate,hourly-live-weather-v1:6618f3723be5a3b3,2026-09-21T20:01:10.071258+00:00,2026-09-21T18:00:00-03:00,2,0.9805357616666667,0,True,13.431351832537016,13.87,0.43864816746298274,fb3c7e41208e0f230b5dfa4a31d878a16891639ae467fdc44cfbd7d33d5c2297,False,True,9f2806d96e56e502689c8137,matched,"outside_1_to_12h_actual_lead_buckets,timezone_unverified,datum_unverified"
a902a27977447df91473e8635f7fbd08691551605395f344255d363ee2bff369,forecast_issue,86510000,ANA:86510000:reference-unverified,radar_arvores_live_candidate,hourly-live-weather-v1:6618f3723be5a3b3,2026-09-21T20:01:10.071258+00:00,2026-09-21T19:00:00-03:00,3,1.9805357616666668,1,True,13.805797219057444,14.61,0.8042027809425552,fb3c7e41208e0f230b5dfa4a31d878a16891639ae467fdc44cfbd7d33d5c2297,False,False,9f2806d96e56e502689c8137,matched,"timezone_unverified,datum_unverified"
a902a27977447df91473e8635f7fbd08691551605395f344255d363ee2bff369,forecast_issue,86510000,ANA:86510000:reference-unverified,radar_arvores_live_candidate,hourly-live-weather-v1:6618f3723be5a3b3,2026-09-21T20:01:10.071258+00:00,2026-09-21T20:00:00-03:00,4,2.980535761666667,2,True,13.858118929632376,15.26,1.401881070367624,fb3c7e41208e0f230b5dfa4a31d878a16891639ae467fdc44cfbd7d33d5c2297,False,False,9f2806d96e56e502689c8137,matched,"timezone_unverified,datum_unverified"
a902a27977447df91473e8635f7fbd08691551605395f344255d363ee2bff369,forecast_issue,86510000,ANA:86510000:reference-unverified,radar_arvores_live_candidate,hourly-live-weather-v1:6618f3723be5a3b3,2026-09-21T20:01:10.071258+00:00,2026-09-21T21:00:00-03:00,5,3.980535761666667,3,True,14.092156104250122,15.85,1.7578438957498772,fb3c7e41208e0f230b5dfa4a31d878a16891639ae467fdc44cfbd7d33d5c2297,False,False,9f2806d96e56e502689c8137,matched,"timezone_unverified,datum_unverified"
a902a27977447df91473e8635f7fbd08691551605395f344255d363ee2bff369,forecast_issue,86510000,ANA:86510000:reference-unverified,radar_arvores_live_candidate,hourly-live-weather-v1:6618f3723be5a3b3,2026-09-21T20:01:10.071258+00:00,2026-09-21T22:00:00-03:00,6,4.980535761666666,4,True,14.507678811472015,16.45,1.942321188527984,fb3c7e41208e0f230b5dfa4a31d878a16891639ae467fdc44cfbd7d33d5c2297,False,False,9f2806d96e56e502689c8137,matched,"timezone_unverified,datum_unverified"
a902a27977447df91473e8635f7fbd08691551605395f344255d363ee2bff369,forecast_issue,86510000,ANA:86510000:reference-unverified,radar_arvores_live_candidate,hourly-live-weather-v1:6618f3723be5a3b3,2026-09-21T20:01:10.071258+00:00,2026-09-21T23:00:00-03:00,7,5.980535761666666,5,True,16.063879112380313,,,,False,,,missing_exact_observation,
a902a27977447df91473e8635f7fbd08691551605395f344255d363ee2bff369,forecast_issue,86510000,ANA:86510000:reference-unverified,radar_arvores_live_candidate,hourly-live-weather-v1:6618f3723be5a3b3,2026-09-21T20:01:10.071258+00:00,2026-09-22T00:00:00-03:00,8,6.980535761666666,6,True,16.216642949985655,,,,False,,,not_due,
a902a27977447df91473e8635f7fbd08691551605395f344255d363ee2bff369,forecast_issue,86510000,ANA:86510000:reference-unverified,radar_arvores_live_candidate,hourly-live-weather-v1:6618f3723be5a3b3,2026-09-21T20:01:10.071258+00:00,2026-09-22T01:00:00-03:00,9,7.980535761666666,7,True,16.35588868109237,,,,False,,,not_due,
a902a27977447df91473e8635f7fbd08691551605395f344255d363ee2bff369,forecast_issue,86510000,ANA:86510000:reference-unverified,radar_arvores_live_candidate,hourly-live-weather-v1:6618f3723be5a3b3,2026-09-21T20:01:10.071258+00:00,2026-09-22T02:00:00-03:00,10,8.980535761666667,8,True,16.082439428663644,,,,False,,,not_due,
a902a27977447df91473e8635f7fbd08691551605395f344255d363ee2bff369,forecast_issue,86510000,ANA:86510000:reference-unverified,radar_arvores_live_candidate,hourly-live-weather-v1:6618f3723be5a3b3,2026-09-21T20:01:10.071258+00:00,2026-09-22T03:00:00-03:00,11,9.980535761666665,9,True,16.304644718818714,,,,False,,,not_due,
a902a27977447df91473e8635f7fbd08691551605395f344255d363ee2bff369,forecast_issue,86510000,ANA:86510000:reference-unverified,radar_arvores_live_candidate,hourly-live-weather-v1:6618f3723be5a3b3,2026-09-21T20:01:10.071258+00:00,2026-09-22T04:00:00-03:00,12,10.980535761666665,10,True,16.39647998282067,,,,False,,,not_due,
a902a27977447df91473e8635f7fbd08691551605395f344255d363ee2bff369,forecast_issue,86510000,ANA:86510000:reference-unverified,radar_arvores_live_candidate,hourly-live-weather-v1:6618f3723be5a3b3,2026-09-21T20:01:10.071258+00:00,2026-09-22T05:00:00-03:00,13,11.980535761666665,11,True,16.395978655269165,,,,False,,,not_due,
a902a27977447df91473e8635f7fbd08691551605395f344255d363ee2bff369,forecast_issue,86510000,ANA:86510000:reference-unverified,radar_arvores_live_candidate,hourly-live-weather-v1:6618f3723be5a3b3,2026-09-21T20:01:10.071258+00:00,2026-09-22T06:00:00-03:00,14,12.980535761666665,12,True,16.637989283263586,,,,False,,,not_due,
ad0f135386ab111c85f9db922cd9fd67361446bf9d616bd888be02671f8fef2c,forecast_issue,86510000,ANA:86510000:reference-unverified,radar_arvores_live_candidate,hourly-live-weather-v1:5e5d62467a8ec22d,2026-09-21T20:31:09.277372+00:00,2026-09-21T18:00:00-03:00,1,0.48075628555555555,0,True,13.858761417465697,13.87,0.01123858253430221,fb3c7e41208e0f230b5dfa4a31d878a16891639ae467fdc44cfbd7d33d5c2297,False,True,9f2806d96e56e502689c8137,matched,"outside_1_to_12h_actual_lead_buckets,timezone_unverified,datum_unverified"
ad0f135386ab111c85f9db922cd9fd67361446bf9d616bd888be02671f8fef2c,forecast_issue,86510000,ANA:86510000:reference-unverified,radar_arvores_live_candidate,hourly-live-weather-v1:5e5d62467a8ec22d,2026-09-21T20:31:09.277372+00:00,2026-09-21T19:00:00-03:00,2,1.4807562855555556,1,True,14.716829744307622,14.61,0.10682974430762293,fb3c7e41208e0f230b5dfa4a31d878a16891639ae467fdc44cfbd7d33d5c2297,False,True,9f2806d96e56e502689c8137,matched,"timezone_unverified,datum_unverified"
ad0f135386ab111c85f9db922cd9fd67361446bf9d616bd888be02671f8fef2c,forecast_issue,86510000,ANA:86510000:reference-unverified,radar_arvores_live_candidate,hourly-live-weather-v1:5e5d62467a8ec22d,2026-09-21T20:31:09.277372+00:00,2026-09-21T20:00:00-03:00,3,2.4807562855555556,2,True,15.02809347940137,15.26,0.23190652059862948,fb3c7e41208e0f230b5dfa4a31d878a16891639ae467fdc44cfbd7d33d5c2297,False,True,9f2806d96e56e502689c8137,matched,"timezone_unverified,datum_unverified"
ad0f135386ab111c85f9db922cd9fd67361446bf9d616bd888be02671f8fef2c,forecast_issue,86510000,ANA:86510000:reference-unverified,radar_arvores_live_candidate,hourly-live-weather-v1:5e5d62467a8ec22d,2026-09-21T20:31:09.277372+00:00,2026-09-21T21:00:00-03:00,4,3.4807562855555556,3,True,15.150391365390632,15.85,0.6996086346093673,fb3c7e41208e0f230b5dfa4a31d878a16891639ae467fdc44cfbd7d33d5c2297,False,False,9f2806d96e56e502689c8137,matched,"timezone_unverified,datum_unverified"
ad0f135386ab111c85f9db922cd9fd67361446bf9d616bd888be02671f8fef2c,forecast_issue,86510000,ANA:86510000:reference-unverified,radar_arvores_live_candidate,hourly-live-weather-v1:5e5d62467a8ec22d,2026-09-21T20:31:09.277372+00:00,2026-09-21T22:00:00-03:00,5,4.480756285555556,4,True,15.348342778009691,16.45,1.1016572219903082,fb3c7e41208e0f230b5dfa4a31d878a16891639ae467fdc44cfbd7d33d5c2297,False,False,9f2806d96e56e502689c8137,matched,"timezone_unverified,datum_unverified"
ad0f135386ab111c85f9db922cd9fd67361446bf9d616bd888be02671f8fef2c,forecast_issue,86510000,ANA:86510000:reference-unverified,radar_arvores_live_candidate,hourly-live-weather-v1:5e5d62467a8ec22d,2026-09-21T20:31:09.277372+00:00,2026-09-21T23:00:00-03:00,6,5.480756285555556,5,True,15.345135286074397,,,,False,,,missing_exact_observation,
ad0f135386ab111c85f9db922cd9fd67361446bf9d616bd888be02671f8fef2c,forecast_issue,86510000,ANA:86510000:reference-unverified,radar_arvores_live_candidate,hourly-live-weather-v1:5e5d62467a8ec22d,2026-09-21T20:31:09.277372+00:00,2026-09-22T00:00:00-03:00,7,6.480756285555556,6,True,17.06931714776762,,,,False,,,not_due,
ad0f135386ab111c85f9db922cd9fd67361446bf9d616bd888be02671f8fef2c,forecast_issue,86510000,ANA:86510000:reference-unverified,radar_arvores_live_candidate,hourly-live-weather-v1:5e5d62467a8ec22d,2026-09-21T20:31:09.277372+00:00,2026-09-22T01:00:00-03:00,8,7.480756285555556,7,True,17.523693451125084,,,,False,,,not_due,
ad0f135386ab111c85f9db922cd9fd67361446bf9d616bd888be02671f8fef2c,forecast_issue,86510000,ANA:86510000:reference-unverified,radar_arvores_live_candidate,hourly-live-weather-v1:5e5d62467a8ec22d,2026-09-21T20:31:09.277372+00:00,2026-09-22T02:00:00-03:00,9,8.480756285555556,8,True,17.328019715212335,,,,False,,,not_due,
ad0f135386ab111c85f9db922cd9fd67361446bf9d616bd888be02671f8fef2c,forecast_issue,86510000,ANA:86510000:reference-unverified,radar_arvores_live_candidate,hourly-live-weather-v1:5e5d62467a8ec22d,2026-09-21T20:31:09.277372+00:00,2026-09-22T03:00:00-03:00,10,9.480756285555556,9,True,17.03127374723592,,,,False,,,not_due,
ad0f135386ab111c85f9db922cd9fd67361446bf9d616bd888be02671f8fef2c,forecast_issue,86510000,ANA:86510000:reference-unverified,radar_arvores_live_candidate,hourly-live-weather-v1:5e5d62467a8ec22d,2026-09-21T20:31:09.277372+00:00,2026-09-22T04:00:00-03:00,11,10.480756285555556,10,True,16.95690878877776,,,,False,,,not_due,
ad0f135386ab111c85f9db922cd9fd67361446bf9d616bd888be02671f8fef2c,forecast_issue,86510000,ANA:86510000:reference-unverified,radar_arvores_live_candidate,hourly-live-weather-v1:5e5d62467a8ec22d,2026-09-21T20:31:09.277372+00:00,2026-09-22T05:00:00-03:00,12,11.480756285555556,11,True,17.23717234666836,,,,False,,,not_due,
ad0f135386ab111c85f9db922cd9fd67361446bf9d616bd888be02671f8fef2c,forecast_issue,86510000,ANA:86510000:reference-unverified,radar_arvores_live_candidate,hourly-live-weather-v1:5e5d62467a8ec22d,2026-09-21T20:31:09.277372+00:00,2026-09-22T06:00:00-03:00,13,12.480756285555556,12,True,17.366385650021318,,,,False,,,not_due,
ad0f135386ab111c85f9db922cd9fd67361446bf9d616bd888be02671f8fef2c,forecast_issue,86510000,ANA:86510000:reference-unverified,radar_arvores_live_candidate,hourly-live-weather-v1:5e5d62467a8ec22d,2026-09-21T20:31:09.277372+00:00,2026-09-22T07:00:00-03:00,14,13.480756285555556,13,True,17.140323594091196,,,,False,,,not_due,outside_1_to_12h_actual_lead_buckets
971a360ec71a51cf033cb732230d29ecf3db0b1657199019814d504f3753851a,forecast_issue,86510000,ANA:86510000:reference-unverified,radar_arvores_live_candidate,hourly-live-weather-v1:5e5d62467a8ec22d,2026-09-21T21:02:09.620438+00:00,2026-09-21T19:00:00-03:00,1,0.9639943227777777,0,True,14.663204540021836,14.61,0.053204540021836166,fb3c7e41208e0f230b5dfa4a31d878a16891639ae467fdc44cfbd7d33d5c2297,False,True,9f2806d96e56e502689c8137,matched,"outside_1_to_12h_actual_lead_buckets,timezone_unverified,datum_unverified"
971a360ec71a51cf033cb732230d29ecf3db0b1657199019814d504f3753851a,forecast_issue,86510000,ANA:86510000:reference-unverified,radar_arvores_live_candidate,hourly-live-weather-v1:5e5d62467a8ec22d,2026-09-21T21:02:09.620438+00:00,2026-09-21T20:00:00-03:00,2,1.9639943227777779,1,True,15.505140462318343,15.26,0.24514046231834286,fb3c7e41208e0f230b5dfa4a31d878a16891639ae467fdc44cfbd7d33d5c2297,False,True,9f2806d96e56e502689c8137,matched,"timezone_unverified,datum_unverified"
971a360ec71a51cf033cb732230d29ecf3db0b1657199019814d504f3753851a,forecast_issue,86510000,ANA:86510000:reference-unverified,radar_arvores_live_candidate,hourly-live-weather-v1:5e5d62467a8ec22d,2026-09-21T21:02:09.620438+00:00,2026-09-21T21:00:00-03:00,3,2.963994322777778,2,True,15.294166411447963,15.85,0.5558335885520371,fb3c7e41208e0f230b5dfa4a31d878a16891639ae467fdc44cfbd7d33d5c2297,False,False,9f2806d96e56e502689c8137,matched,"timezone_unverified,datum_unverified"
971a360ec71a51cf033cb732230d29ecf3db0b1657199019814d504f3753851a,forecast_issue,86510000,ANA:86510000:reference-unverified,radar_arvores_live_candidate,hourly-live-weather-v1:5e5d62467a8ec22d,2026-09-21T21:02:09.620438+00:00,2026-09-21T22:00:00-03:00,4,3.963994322777778,3,True,15.933228222373168,16.45,0.5167717776268308,fb3c7e41208e0f230b5dfa4a31d878a16891639ae467fdc44cfbd7d33d5c2297,False,False,9f2806d96e56e502689c8137,matched,"timezone_unverified,datum_unverified"
971a360ec71a51cf033cb732230d29ecf3db0b1657199019814d504f3753851a,forecast_issue,86510000,ANA:86510000:reference-unverified,radar_arvores_live_candidate,hourly-live-weather-v1:5e5d62467a8ec22d,2026-09-21T21:02:09.620438+00:00,2026-09-21T23:00:00-03:00,5,4.963994322777777,4,True,15.454791397903154,,,,False,,,missing_exact_observation,
971a360ec71a51cf033cb732230d29ecf3db0b1657199019814d504f3753851a,forecast_issue,86510000,ANA:86510000:reference-unverified,radar_arvores_live_candidate,hourly-live-weather-v1:5e5d62467a8ec22d,2026-09-21T21:02:09.620438+00:00,2026-09-22T00:00:00-03:00,6,5.963994322777777,5,True,15.992029992989462,,,,False,,,not_due,
971a360ec71a51cf033cb732230d29ecf3db0b1657199019814d504f3753851a,forecast_issue,86510000,ANA:86510000:reference-unverified,radar_arvores_live_candidate,hourly-live-weather-v1:5e5d62467a8ec22d,2026-09-21T21:02:09.620438+00:00,2026-09-22T01:00:00-03:00,7,6.963994322777777,6,True,17.468243688315567,,,,False,,,not_due,
971a360ec71a51cf033cb732230d29ecf3db0b1657199019814d504f3753851a,forecast_issue,86510000,ANA:86510000:reference-unverified,radar_arvores_live_candidate,hourly-live-weather-v1:5e5d62467a8ec22d,2026-09-21T21:02:09.620438+00:00,2026-09-22T02:00:00-03:00,8,7.963994322777777,7,True,17.25946085998826,,,,False,,,not_due,
971a360ec71a51cf033cb732230d29ecf3db0b1657199019814d504f3753851a,forecast_issue,86510000,ANA:86510000:reference-unverified,radar_arvores_live_candidate,hourly-live-weather-v1:5e5d62467a8ec22d,2026-09-21T21:02:09.620438+00:00,2026-09-22T03:00:00-03:00,9,8.963994322777777,8,True,17.138367340622114,,,,False,,,not_due,
971a360ec71a51cf033cb732230d29ecf3db0b1657199019814d504f3753851a,forecast_issue,86510000,ANA:86510000:reference-unverified,radar_arvores_live_candidate,hourly-live-weather-v1:5e5d62467a8ec22d,2026-09-21T21:02:09.620438+00:00,2026-09-22T04:00:00-03:00,10,9.96399432277778,9,True,17.655127309147133,,,,False,,,not_due,
971a360ec71a51cf033cb732230d29ecf3db0b1657199019814d504f3753851a,forecast_issue,86510000,ANA:86510000:reference-unverified,radar_arvores_live_candidate,hourly-live-weather-v1:5e5d62467a8ec22d,2026-09-21T21:02:09.620438+00:00,2026-09-22T05:00:00-03:00,11,10.96399432277778,10,True,17.679066862287904,,,,False,,,not_due,
971a360ec71a51cf033cb732230d29ecf3db0b1657199019814d504f3753851a,forecast_issue,86510000,ANA:86510000:reference-unverified,radar_arvores_live_candidate,hourly-live-weather-v1:5e5d62467a8ec22d,2026-09-21T21:02:09.620438+00:00,2026-09-22T06:00:00-03:00,12,11.96399432277778,11,True,17.32468204740732,,,,False,,,not_due,
971a360ec71a51cf033cb732230d29ecf3db0b1657199019814d504f3753851a,forecast_issue,86510000,ANA:86510000:reference-unverified,radar_arvores_live_candidate,hourly-live-weather-v1:5e5d62467a8ec22d,2026-09-21T21:02:09.620438+00:00,2026-09-22T07:00:00-03:00,13,12.96399432277778,12,True,17.141754633735324,,,,False,,,not_due,
971a360ec71a51cf033cb732230d29ecf3db0b1657199019814d504f3753851a,forecast_issue,86510000,ANA:86510000:reference-unverified,radar_arvores_live_candidate,hourly-live-weather-v1:5e5d62467a8ec22d,2026-09-21T21:02:09.620438+00:00,2026-09-22T08:00:00-03:00,14,13.96399432277778,13,True,17.073602215324712,,,,False,,,not_due,outside_1_to_12h_actual_lead_buckets
4291fc462eca9b448f6950b435232d04b1754d905e3091175ef70b0b0ec4de4d,forecast_issue,86510000,ANA:86510000:reference-unverified,radar_arvores_live_candidate,hourly-live-weather-v1:2c265b53228f8345,2026-09-21T21:35:00.363259+00:00,2026-09-21T19:00:00-03:00,1,0.4165657613888889,0,True,14.720831087917523,14.61,0.11083108791752316,fb3c7e41208e0f230b5dfa4a31d878a16891639ae467fdc44cfbd7d33d5c2297,False,True,9f2806d96e56e502689c8137,matched,"manual_revision_outside_scheduled_sample,outside_1_to_12h_actual_lead_buckets,timezone_unverified,datum_unverified"
4291fc462eca9b448f6950b435232d04b1754d905e3091175ef70b0b0ec4de4d,forecast_issue,86510000,ANA:86510000:reference-unverified,radar_arvores_live_candidate,hourly-live-weather-v1:2c265b53228f8345,2026-09-21T21:35:00.363259+00:00,2026-09-21T20:00:00-03:00,2,1.416565761388889,1,True,15.62473221318511,15.26,0.3647322131851105,fb3c7e41208e0f230b5dfa4a31d878a16891639ae467fdc44cfbd7d33d5c2297,False,True,9f2806d96e56e502689c8137,matched,"manual_revision_outside_scheduled_sample,timezone_unverified,datum_unverified"
4291fc462eca9b448f6950b435232d04b1754d905e3091175ef70b0b0ec4de4d,forecast_issue,86510000,ANA:86510000:reference-unverified,radar_arvores_live_candidate,hourly-live-weather-v1:2c265b53228f8345,2026-09-21T21:35:00.363259+00:00,2026-09-21T21:00:00-03:00,3,2.416565761388889,2,True,15.925827263880532,15.85,0.07582726388053196,fb3c7e41208e0f230b5dfa4a31d878a16891639ae467fdc44cfbd7d33d5c2297,False,True,9f2806d96e56e502689c8137,matched,"manual_revision_outside_scheduled_sample,timezone_unverified,datum_unverified"
4291fc462eca9b448f6950b435232d04b1754d905e3091175ef70b0b0ec4de4d,forecast_issue,86510000,ANA:86510000:reference-unverified,radar_arvores_live_candidate,hourly-live-weather-v1:2c265b53228f8345,2026-09-21T21:35:00.363259+00:00,2026-09-21T22:00:00-03:00,4,3.416565761388889,3,True,16.334541896715105,16.45,0.11545810328489381,fb3c7e41208e0f230b5dfa4a31d878a16891639ae467fdc44cfbd7d33d5c2297,False,True,9f2806d96e56e502689c8137,matched,"manual_revision_outside_scheduled_sample,timezone_unverified,datum_unverified"
4291fc462eca9b448f6950b435232d04b1754d905e3091175ef70b0b0ec4de4d,forecast_issue,86510000,ANA:86510000:reference-unverified,radar_arvores_live_candidate,hourly-live-weather-v1:2c265b53228f8345,2026-09-21T21:35:00.363259+00:00,2026-09-21T23:00:00-03:00,5,4.416565761388889,4,True,16.308324092059138,,,,False,,,missing_exact_observation,manual_revision_outside_scheduled_sample
4291fc462eca9b448f6950b435232d04b1754d905e3091175ef70b0b0ec4de4d,forecast_issue,86510000,ANA:86510000:reference-unverified,radar_arvores_live_candidate,hourly-live-weather-v1:2c265b53228f8345,2026-09-21T21:35:00.363259+00:00,2026-09-22T00:00:00-03:00,6,5.416565761388888,5,True,16.406752610681757,,,,False,,,not_due,manual_revision_outside_scheduled_sample
4291fc462eca9b448f6950b435232d04b1754d905e3091175ef70b0b0ec4de4d,forecast_issue,86510000,ANA:86510000:reference-unverified,radar_arvores_live_candidate,hourly-live-weather-v1:2c265b53228f8345,2026-09-21T21:35:00.363259+00:00,2026-09-22T01:00:00-03:00,7,6.416565761388888,6,True,17.650971685190136,,,,False,,,not_due,manual_revision_outside_scheduled_sample
4291fc462eca9b448f6950b435232d04b1754d905e3091175ef70b0b0ec4de4d,forecast_issue,86510000,ANA:86510000:reference-unverified,radar_arvores_live_candidate,hourly-live-weather-v1:2c265b53228f8345,2026-09-21T21:35:00.363259+00:00,2026-09-22T02:00:00-03:00,8,7.416565761388888,7,True,17.814547169949197,,,,False,,,not_due,manual_revision_outside_scheduled_sample
4291fc462eca9b448f6950b435232d04b1754d905e3091175ef70b0b0ec4de4d,forecast_issue,86510000,ANA:86510000:reference-unverified,radar_arvores_live_candidate,hourly-live-weather-v1:2c265b53228f8345,2026-09-21T21:35:00.363259+00:00,2026-09-22T03:00:00-03:00,9,8.416565761388888,8,True,18.214609162381112,,,,False,,,not_due,manual_revision_outside_scheduled_sample
4291fc462eca9b448f6950b435232d04b1754d905e3091175ef70b0b0ec4de4d,forecast_issue,86510000,ANA:86510000:reference-unverified,radar_arvores_live_candidate,hourly-live-weather-v1:2c265b53228f8345,2026-09-21T21:35:00.363259+00:00,2026-09-22T04:00:00-03:00,10,9.41656576138889,9,True,18.06714593158055,,,,False,,,not_due,manual_revision_outside_scheduled_sample
4291fc462eca9b448f6950b435232d04b1754d905e3091175ef70b0b0ec4de4d,forecast_issue,86510000,ANA:86510000:reference-unverified,radar_arvores_live_candidate,hourly-live-weather-v1:2c265b53228f8345,2026-09-21T21:35:00.363259+00:00,2026-09-22T05:00:00-03:00,11,10.41656576138889,10,True,17.501119128968664,,,,False,,,not_due,manual_revision_outside_scheduled_sample
4291fc462eca9b448f6950b435232d04b1754d905e3091175ef70b0b0ec4de4d,forecast_issue,86510000,ANA:86510000:reference-unverified,radar_arvores_live_candidate,hourly-live-weather-v1:2c265b53228f8345,2026-09-21T21:35:00.363259+00:00,2026-09-22T06:00:00-03:00,12,11.41656576138889,11,True,17.599878846798042,,,,False,,,not_due,manual_revision_outside_scheduled_sample
4291fc462eca9b448f6950b435232d04b1754d905e3091175ef70b0b0ec4de4d,forecast_issue,86510000,ANA:86510000:reference-unverified,radar_arvores_live_candidate,hourly-live-weather-v1:2c265b53228f8345,2026-09-21T21:35:00.363259+00:00,2026-09-22T07:00:00-03:00,13,12.41656576138889,12,True,17.857580125008727,,,,False,,,not_due,manual_revision_outside_scheduled_sample
4291fc462eca9b448f6950b435232d04b1754d905e3091175ef70b0b0ec4de4d,forecast_issue,86510000,ANA:86510000:reference-unverified,radar_arvores_live_candidate,hourly-live-weather-v1:2c265b53228f8345,2026-09-21T21:35:00.363259+00:00,2026-09-22T08:00:00-03:00,14,13.41656576138889,13,True,17.68745556809328,,,,False,,,not_due,"manual_revision_outside_scheduled_sample,outside_1_to_12h_actual_lead_buckets"
b31d299f358563172a98bf233a20c0c68216f592fde27f6af61686f6dbec89d4,forecast_issue,86510000,ANA:86510000:reference-unverified,radar_arvores_live_candidate,hourly-live-weather-v1:2c265b53228f8345,2026-09-21T22:02:15.832959+00:00,2026-09-21T20:00:00-03:00,1,0.9622686225,0,True,15.446775094517431,15.26,0.18677509451743113,fb3c7e41208e0f230b5dfa4a31d878a16891639ae467fdc44cfbd7d33d5c2297,False,True,9f2806d96e56e502689c8137,matched,"outside_1_to_12h_actual_lead_buckets,timezone_unverified,datum_unverified"
b31d299f358563172a98bf233a20c0c68216f592fde27f6af61686f6dbec89d4,forecast_issue,86510000,ANA:86510000:reference-unverified,radar_arvores_live_candidate,hourly-live-weather-v1:2c265b53228f8345,2026-09-21T22:02:15.832959+00:00,2026-09-21T21:00:00-03:00,2,1.9622686225,1,True,15.992488996255059,15.85,0.14248899625505906,fb3c7e41208e0f230b5dfa4a31d878a16891639ae467fdc44cfbd7d33d5c2297,False,True,9f2806d96e56e502689c8137,matched,"timezone_unverified,datum_unverified"
b31d299f358563172a98bf233a20c0c68216f592fde27f6af61686f6dbec89d4,forecast_issue,86510000,ANA:86510000:reference-unverified,radar_arvores_live_candidate,hourly-live-weather-v1:2c265b53228f8345,2026-09-21T22:02:15.832959+00:00,2026-09-21T22:00:00-03:00,3,2.9622686225000003,2,True,16.479325382724674,16.45,0.02932538272467511,fb3c7e41208e0f230b5dfa4a31d878a16891639ae467fdc44cfbd7d33d5c2297,False,True,9f2806d96e56e502689c8137,matched,"timezone_unverified,datum_unverified"
b31d299f358563172a98bf233a20c0c68216f592fde27f6af61686f6dbec89d4,forecast_issue,86510000,ANA:86510000:reference-unverified,radar_arvores_live_candidate,hourly-live-weather-v1:2c265b53228f8345,2026-09-21T22:02:15.832959+00:00,2026-09-21T23:00:00-03:00,4,3.9622686225000003,3,True,16.834635852269898,,,,False,,,missing_exact_observation,
b31d299f358563172a98bf233a20c0c68216f592fde27f6af61686f6dbec89d4,forecast_issue,86510000,ANA:86510000:reference-unverified,radar_arvores_live_candidate,hourly-live-weather-v1:2c265b53228f8345,2026-09-21T22:02:15.832959+00:00,2026-09-22T00:00:00-03:00,5,4.9622686225,4,True,16.662990792197764,,,,False,,,not_due,
b31d299f358563172a98bf233a20c0c68216f592fde27f6af61686f6dbec89d4,forecast_issue,86510000,ANA:86510000:reference-unverified,radar_arvores_live_candidate,hourly-live-weather-v1:2c265b53228f8345,2026-09-21T22:02:15.832959+00:00,2026-09-22T01:00:00-03:00,6,5.9622686225,5,True,16.726942934586496,,,,False,,,not_due,
b31d299f358563172a98bf233a20c0c68216f592fde27f6af61686f6dbec89d4,forecast_issue,86510000,ANA:86510000:reference-unverified,radar_arvores_live_candidate,hourly-live-weather-v1:2c265b53228f8345,2026-09-21T22:02:15.832959+00:00,2026-09-22T02:00:00-03:00,7,6.9622686225,6,True,17.835044631145763,,,,False,,,not_due,
b31d299f358563172a98bf233a20c0c68216f592fde27f6af61686f6dbec89d4,forecast_issue,86510000,ANA:86510000:reference-unverified,radar_arvores_live_candidate,hourly-live-weather-v1:2c265b53228f8345,2026-09-21T22:02:15.832959+00:00,2026-09-22T03:00:00-03:00,8,7.9622686225,7,True,17.59876489953817,,,,False,,,not_due,
b31d299f358563172a98bf233a20c0c68216f592fde27f6af61686f6dbec89d4,forecast_issue,86510000,ANA:86510000:reference-unverified,radar_arvores_live_candidate,hourly-live-weather-v1:2c265b53228f8345,2026-09-21T22:02:15.832959+00:00,2026-09-22T04:00:00-03:00,9,8.9622686225,8,True,17.227914571605908,,,,False,,,not_due,
b31d299f358563172a98bf233a20c0c68216f592fde27f6af61686f6dbec89d4,forecast_issue,86510000,ANA:86510000:reference-unverified,radar_arvores_live_candidate,hourly-live-weather-v1:2c265b53228f8345,2026-09-21T22:02:15.832959+00:00,2026-09-22T05:00:00-03:00,10,9.9622686225,9,True,17.182311875499778,,,,False,,,not_due,
b31d299f358563172a98bf233a20c0c68216f592fde27f6af61686f6dbec89d4,forecast_issue,86510000,ANA:86510000:reference-unverified,radar_arvores_live_candidate,hourly-live-weather-v1:2c265b53228f8345,2026-09-21T22:02:15.832959+00:00,2026-09-22T06:00:00-03:00,11,10.9622686225,10,True,17.44077281637829,,,,False,,,not_due,
b31d299f358563172a98bf233a20c0c68216f592fde27f6af61686f6dbec89d4,forecast_issue,86510000,ANA:86510000:reference-unverified,radar_arvores_live_candidate,hourly-live-weather-v1:2c265b53228f8345,2026-09-21T22:02:15.832959+00:00,2026-09-22T07:00:00-03:00,12,11.9622686225,11,True,17.517336712517167,,,,False,,,not_due,
b31d299f358563172a98bf233a20c0c68216f592fde27f6af61686f6dbec89d4,forecast_issue,86510000,ANA:86510000:reference-unverified,radar_arvores_live_candidate,hourly-live-weather-v1:2c265b53228f8345,2026-09-21T22:02:15.832959+00:00,2026-09-22T08:00:00-03:00,13,12.9622686225,12,True,17.404939055538037,,,,False,,,not_due,
b31d299f358563172a98bf233a20c0c68216f592fde27f6af61686f6dbec89d4,forecast_issue,86510000,ANA:86510000:reference-unverified,radar_arvores_live_candidate,hourly-live-weather-v1:2c265b53228f8345,2026-09-21T22:02:15.832959+00:00,2026-09-22T09:00:00-03:00,14,13.9622686225,13,True,17.56444767942702,,,,False,,,not_due,outside_1_to_12h_actual_lead_buckets
d81951889c96952a8718a5420d0090d30e15932904ff6cd96296b9cf507368f9,forecast_issue,86510000,ANA:86510000:reference-unverified,radar_arvores_live_candidate,hourly-live-weather-v1:2c265b53228f8345,2026-09-21T23:04:38.599665+00:00,2026-09-21T21:00:00-03:00,1,0.9226112041666666,0,True,15.808767107615092,15.85,0.041232892384908126,fb3c7e41208e0f230b5dfa4a31d878a16891639ae467fdc44cfbd7d33d5c2297,False,True,9f2806d96e56e502689c8137,matched,"outside_1_to_12h_actual_lead_buckets,timezone_unverified,datum_unverified"
d81951889c96952a8718a5420d0090d30e15932904ff6cd96296b9cf507368f9,forecast_issue,86510000,ANA:86510000:reference-unverified,radar_arvores_live_candidate,hourly-live-weather-v1:2c265b53228f8345,2026-09-21T23:04:38.599665+00:00,2026-09-21T22:00:00-03:00,2,1.9226112041666668,1,True,16.647527558130452,16.45,0.19752755813045297,fb3c7e41208e0f230b5dfa4a31d878a16891639ae467fdc44cfbd7d33d5c2297,False,True,9f2806d96e56e502689c8137,matched,"timezone_unverified,datum_unverified"
d81951889c96952a8718a5420d0090d30e15932904ff6cd96296b9cf507368f9,forecast_issue,86510000,ANA:86510000:reference-unverified,radar_arvores_live_candidate,hourly-live-weather-v1:2c265b53228f8345,2026-09-21T23:04:38.599665+00:00,2026-09-21T23:00:00-03:00,3,2.9226112041666665,2,True,17.05832720943136,,,,False,,,missing_exact_observation,
d81951889c96952a8718a5420d0090d30e15932904ff6cd96296b9cf507368f9,forecast_issue,86510000,ANA:86510000:reference-unverified,radar_arvores_live_candidate,hourly-live-weather-v1:2c265b53228f8345,2026-09-21T23:04:38.599665+00:00,2026-09-22T00:00:00-03:00,4,3.9226112041666665,3,True,17.33535951468713,,,,False,,,not_due,
d81951889c96952a8718a5420d0090d30e15932904ff6cd96296b9cf507368f9,forecast_issue,86510000,ANA:86510000:reference-unverified,radar_arvores_live_candidate,hourly-live-weather-v1:2c265b53228f8345,2026-09-21T23:04:38.599665+00:00,2026-09-22T01:00:00-03:00,5,4.9226112041666665,4,True,17.50226141810957,,,,False,,,not_due,
d81951889c96952a8718a5420d0090d30e15932904ff6cd96296b9cf507368f9,forecast_issue,86510000,ANA:86510000:reference-unverified,radar_arvores_live_candidate,hourly-live-weather-v1:2c265b53228f8345,2026-09-21T23:04:38.599665+00:00,2026-09-22T02:00:00-03:00,6,5.9226112041666665,5,True,17.26655289401833,,,,False,,,not_due,
d81951889c96952a8718a5420d0090d30e15932904ff6cd96296b9cf507368f9,forecast_issue,86510000,ANA:86510000:reference-unverified,radar_arvores_live_candidate,hourly-live-weather-v1:2c265b53228f8345,2026-09-21T23:04:38.599665+00:00,2026-09-22T03:00:00-03:00,7,6.9226112041666665,6,True,18.24570662479849,,,,False,,,not_due,
d81951889c96952a8718a5420d0090d30e15932904ff6cd96296b9cf507368f9,forecast_issue,86510000,ANA:86510000:reference-unverified,radar_arvores_live_candidate,hourly-live-weather-v1:2c265b53228f8345,2026-09-21T23:04:38.599665+00:00,2026-09-22T04:00:00-03:00,8,7.9226112041666665,7,True,18.250955853342163,,,,False,,,not_due,
d81951889c96952a8718a5420d0090d30e15932904ff6cd96296b9cf507368f9,forecast_issue,86510000,ANA:86510000:reference-unverified,radar_arvores_live_candidate,hourly-live-weather-v1:2c265b53228f8345,2026-09-21T23:04:38.599665+00:00,2026-09-22T05:00:00-03:00,9,8.922611204166666,8,True,18.187154062083962,,,,False,,,not_due,
d81951889c96952a8718a5420d0090d30e15932904ff6cd96296b9cf507368f9,forecast_issue,86510000,ANA:86510000:reference-unverified,radar_arvores_live_candidate,hourly-live-weather-v1:2c265b53228f8345,2026-09-21T23:04:38.599665+00:00,2026-09-22T06:00:00-03:00,10,9.922611204166666,9,True,17.921276521322387,,,,False,,,not_due,
d81951889c96952a8718a5420d0090d30e15932904ff6cd96296b9cf507368f9,forecast_issue,86510000,ANA:86510000:reference-unverified,radar_arvores_live_candidate,hourly-live-weather-v1:2c265b53228f8345,2026-09-21T23:04:38.599665+00:00,2026-09-22T07:00:00-03:00,11,10.922611204166666,10,True,18.004602388746974,,,,False,,,not_due,
d81951889c96952a8718a5420d0090d30e15932904ff6cd96296b9cf507368f9,forecast_issue,86510000,ANA:86510000:reference-unverified,radar_arvores_live_candidate,hourly-live-weather-v1:2c265b53228f8345,2026-09-21T23:04:38.599665+00:00,2026-09-22T08:00:00-03:00,12,11.922611204166666,11,True,17.612406955033993,,,,False,,,not_due,
d81951889c96952a8718a5420d0090d30e15932904ff6cd96296b9cf507368f9,forecast_issue,86510000,ANA:86510000:reference-unverified,radar_arvores_live_candidate,hourly-live-weather-v1:2c265b53228f8345,2026-09-21T23:04:38.599665+00:00,2026-09-22T09:00:00-03:00,13,12.922611204166666,12,True,17.954794648989935,,,,False,,,not_due,
d81951889c96952a8718a5420d0090d30e15932904ff6cd96296b9cf507368f9,forecast_issue,86510000,ANA:86510000:reference-unverified,radar_arvores_live_candidate,hourly-live-weather-v1:2c265b53228f8345,2026-09-21T23:04:38.599665+00:00,2026-09-22T10:00:00-03:00,14,13.922611204166666,13,True,18.13541555710787,,,,False,,,not_due,outside_1_to_12h_actual_lead_buckets
ab68649c464d53c610c4f97b80976b71a030b851c0731aa912081fae1c0bddd4,forecast_issue,86510000,ANA:86510000:reference-unverified,radar_arvores_live_candidate,hourly-live-weather-v1:2c265b53228f8345,2026-09-22T00:02:20.346907+00:00,2026-09-21T22:00:00-03:00,1,0.9610147480555555,0,True,16.34494395216809,16.45,0.10505604783190847,fb3c7e41208e0f230b5dfa4a31d878a16891639ae467fdc44cfbd7d33d5c2297,False,True,9f2806d96e56e502689c8137,matched,"outside_1_to_12h_actual_lead_buckets,timezone_unverified,datum_unverified"
ab68649c464d53c610c4f97b80976b71a030b851c0731aa912081fae1c0bddd4,forecast_issue,86510000,ANA:86510000:reference-unverified,radar_arvores_live_candidate,hourly-live-weather-v1:2c265b53228f8345,2026-09-22T00:02:20.346907+00:00,2026-09-21T23:00:00-03:00,2,1.9610147480555555,1,True,17.040968391208963,,,,False,,,missing_exact_observation,
ab68649c464d53c610c4f97b80976b71a030b851c0731aa912081fae1c0bddd4,forecast_issue,86510000,ANA:86510000:reference-unverified,radar_arvores_live_candidate,hourly-live-weather-v1:2c265b53228f8345,2026-09-22T00:02:20.346907+00:00,2026-09-22T00:00:00-03:00,3,2.9610147480555558,2,True,17.478820176875942,,,,False,,,not_due,
ab68649c464d53c610c4f97b80976b71a030b851c0731aa912081fae1c0bddd4,forecast_issue,86510000,ANA:86510000:reference-unverified,radar_arvores_live_candidate,hourly-live-weather-v1:2c265b53228f8345,2026-09-22T00:02:20.346907+00:00,2026-09-22T01:00:00-03:00,4,3.9610147480555558,3,True,17.853298118669517,,,,False,,,not_due,
ab68649c464d53c610c4f97b80976b71a030b851c0731aa912081fae1c0bddd4,forecast_issue,86510000,ANA:86510000:reference-unverified,radar_arvores_live_candidate,hourly-live-weather-v1:2c265b53228f8345,2026-09-22T00:02:20.346907+00:00,2026-09-22T02:00:00-03:00,5,4.961014748055556,4,True,17.55021143522344,,,,False,,,not_due,
ab68649c464d53c610c4f97b80976b71a030b851c0731aa912081fae1c0bddd4,forecast_issue,86510000,ANA:86510000:reference-unverified,radar_arvores_live_candidate,hourly-live-weather-v1:2c265b53228f8345,2026-09-22T00:02:20.346907+00:00,2026-09-22T03:00:00-03:00,6,5.961014748055556,5,True,17.596145700025247,,,,False,,,not_due,
ab68649c464d53c610c4f97b80976b71a030b851c0731aa912081fae1c0bddd4,forecast_issue,86510000,ANA:86510000:reference-unverified,radar_arvores_live_candidate,hourly-live-weather-v1:2c265b53228f8345,2026-09-22T00:02:20.346907+00:00,2026-09-22T04:00:00-03:00,7,6.961014748055556,6,True,17.32438377696611,,,,False,,,not_due,
ab68649c464d53c610c4f97b80976b71a030b851c0731aa912081fae1c0bddd4,forecast_issue,86510000,ANA:86510000:reference-unverified,radar_arvores_live_candidate,hourly-live-weather-v1:2c265b53228f8345,2026-09-22T00:02:20.346907+00:00,2026-09-22T05:00:00-03:00,8,7.961014748055556,7,True,17.226820196031525,,,,False,,,not_due,
ab68649c464d53c610c4f97b80976b71a030b851c0731aa912081fae1c0bddd4,forecast_issue,86510000,ANA:86510000:reference-unverified,radar_arvores_live_candidate,hourly-live-weather-v1:2c265b53228f8345,2026-09-22T00:02:20.346907+00:00,2026-09-22T06:00:00-03:00,9,8.961014748055556,8,True,17.315970817820208,,,,False,,,not_due,
ab68649c464d53c610c4f97b80976b71a030b851c0731aa912081fae1c0bddd4,forecast_issue,86510000,ANA:86510000:reference-unverified,radar_arvores_live_candidate,hourly-live-weather-v1:2c265b53228f8345,2026-09-22T00:02:20.346907+00:00,2026-09-22T07:00:00-03:00,10,9.961014748055556,9,True,17.061664215184138,,,,False,,,not_due,
ab68649c464d53c610c4f97b80976b71a030b851c0731aa912081fae1c0bddd4,forecast_issue,86510000,ANA:86510000:reference-unverified,radar_arvores_live_candidate,hourly-live-weather-v1:2c265b53228f8345,2026-09-22T00:02:20.346907+00:00,2026-09-22T08:00:00-03:00,11,10.961014748055556,10,True,16.898029678746806,,,,False,,,not_due,
ab68649c464d53c610c4f97b80976b71a030b851c0731aa912081fae1c0bddd4,forecast_issue,86510000,ANA:86510000:reference-unverified,radar_arvores_live_candidate,hourly-live-weather-v1:2c265b53228f8345,2026-09-22T00:02:20.346907+00:00,2026-09-22T09:00:00-03:00,12,11.961014748055556,11,True,17.156509422284053,,,,False,,,not_due,
ab68649c464d53c610c4f97b80976b71a030b851c0731aa912081fae1c0bddd4,forecast_issue,86510000,ANA:86510000:reference-unverified,radar_arvores_live_candidate,hourly-live-weather-v1:2c265b53228f8345,2026-09-22T00:02:20.346907+00:00,2026-09-22T10:00:00-03:00,13,12.961014748055556,12,True,17.035745717805252,,,,False,,,not_due,
ab68649c464d53c610c4f97b80976b71a030b851c0731aa912081fae1c0bddd4,forecast_issue,86510000,ANA:86510000:reference-unverified,radar_arvores_live_candidate,hourly-live-weather-v1:2c265b53228f8345,2026-09-22T00:02:20.346907+00:00,2026-09-22T11:00:00-03:00,14,13.961014748055556,13,True,17.64707503303009,,,,False,,,not_due,outside_1_to_12h_actual_lead_buckets
bc57eee5908f2544692f44f1a34cd20c16db7fc77cbf34e5ca9942b2631400e3,forecast_issue,86510000,ANA:86510000:reference-unverified,radar_arvores_live_candidate,hourly-live-weather-v1:fd40fd74e87486e7,2026-09-22T01:02:08.546775+00:00,2026-09-21T23:00:00-03:00,1,0.9642925625000001,0,True,17.138005179943782,,,,False,,,missing_exact_observation,outside_1_to_12h_actual_lead_buckets
bc57eee5908f2544692f44f1a34cd20c16db7fc77cbf34e5ca9942b2631400e3,forecast_issue,86510000,ANA:86510000:reference-unverified,radar_arvores_live_candidate,hourly-live-weather-v1:fd40fd74e87486e7,2026-09-22T01:02:08.546775+00:00,2026-09-22T00:00:00-03:00,2,1.9642925625,1,True,17.687505020174704,,,,False,,,not_due,
bc57eee5908f2544692f44f1a34cd20c16db7fc77cbf34e5ca9942b2631400e3,forecast_issue,86510000,ANA:86510000:reference-unverified,radar_arvores_live_candidate,hourly-live-weather-v1:fd40fd74e87486e7,2026-09-22T01:02:08.546775+00:00,2026-09-22T01:00:00-03:00,3,2.9642925625,2,True,18.156463359667455,,,,False,,,not_due,
bc57eee5908f2544692f44f1a34cd20c16db7fc77cbf34e5ca9942b2631400e3,forecast_issue,86510000,ANA:86510000:reference-unverified,radar_arvores_live_candidate,hourly-live-weather-v1:fd40fd74e87486e7,2026-09-22T01:02:08.546775+00:00,2026-09-22T02:00:00-03:00,4,3.9642925625,3,True,18.336787235722518,,,,False,,,not_due,
bc57eee5908f2544692f44f1a34cd20c16db7fc77cbf34e5ca9942b2631400e3,forecast_issue,86510000,ANA:86510000:reference-unverified,radar_arvores_live_candidate,hourly-live-weather-v1:fd40fd74e87486e7,2026-09-22T01:02:08.546775+00:00,2026-09-22T03:00:00-03:00,5,4.964292562500001,4,True,18.077194539897317,,,,False,,,not_due,
bc57eee5908f2544692f44f1a34cd20c16db7fc77cbf34e5ca9942b2631400e3,forecast_issue,86510000,ANA:86510000:reference-unverified,radar_arvores_live_candidate,hourly-live-weather-v1:fd40fd74e87486e7,2026-09-22T01:02:08.546775+00:00,2026-09-22T04:00:00-03:00,6,5.964292562500001,5,True,18.103166990344775,,,,False,,,not_due,
bc57eee5908f2544692f44f1a34cd20c16db7fc77cbf34e5ca9942b2631400e3,forecast_issue,86510000,ANA:86510000:reference-unverified,radar_arvores_live_candidate,hourly-live-weather-v1:fd40fd74e87486e7,2026-09-22T01:02:08.546775+00:00,2026-09-22T05:00:00-03:00,7,6.964292562500001,6,True,18.13216519810027,,,,False,,,not_due,
bc57eee5908f2544692f44f1a34cd20c16db7fc77cbf34e5ca9942b2631400e3,forecast_issue,86510000,ANA:86510000:reference-unverified,radar_arvores_live_candidate,hourly-live-weather-v1:fd40fd74e87486e7,2026-09-22T01:02:08.546775+00:00,2026-09-22T06:00:00-03:00,8,7.964292562500001,7,True,17.8221167425832,,,,False,,,not_due,
bc57eee5908f2544692f44f1a34cd20c16db7fc77cbf34e5ca9942b2631400e3,forecast_issue,86510000,ANA:86510000:reference-unverified,radar_arvores_live_candidate,hourly-live-weather-v1:fd40fd74e87486e7,2026-09-22T01:02:08.546775+00:00,2026-09-22T07:00:00-03:00,9,8.9642925625,8,True,17.80800737395199,,,,False,,,not_due,
bc57eee5908f2544692f44f1a34cd20c16db7fc77cbf34e5ca9942b2631400e3,forecast_issue,86510000,ANA:86510000:reference-unverified,radar_arvores_live_candidate,hourly-live-weather-v1:fd40fd74e87486e7,2026-09-22T01:02:08.546775+00:00,2026-09-22T08:00:00-03:00,10,9.964292562499999,9,True,17.267032369081505,,,,False,,,not_due,
bc57eee5908f2544692f44f1a34cd20c16db7fc77cbf34e5ca9942b2631400e3,forecast_issue,86510000,ANA:86510000:reference-unverified,radar_arvores_live_candidate,hourly-live-weather-v1:fd40fd74e87486e7,2026-09-22T01:02:08.546775+00:00,2026-09-22T09:00:00-03:00,11,10.964292562499999,10,True,17.111016033613872,,,,False,,,not_due,
bc57eee5908f2544692f44f1a34cd20c16db7fc77cbf34e5ca9942b2631400e3,forecast_issue,86510000,ANA:86510000:reference-unverified,radar_arvores_live_candidate,hourly-live-weather-v1:fd40fd74e87486e7,2026-09-22T01:02:08.546775+00:00,2026-09-22T10:00:00-03:00,12,11.964292562499999,11,True,17.24980497881898,,,,False,,,not_due,
bc57eee5908f2544692f44f1a34cd20c16db7fc77cbf34e5ca9942b2631400e3,forecast_issue,86510000,ANA:86510000:reference-unverified,radar_arvores_live_candidate,hourly-live-weather-v1:fd40fd74e87486e7,2026-09-22T01:02:08.546775+00:00,2026-09-22T11:00:00-03:00,13,12.964292562499999,12,True,17.616955279314944,,,,False,,,not_due,
bc57eee5908f2544692f44f1a34cd20c16db7fc77cbf34e5ca9942b2631400e3,forecast_issue,86510000,ANA:86510000:reference-unverified,radar_arvores_live_candidate,hourly-live-weather-v1:fd40fd74e87486e7,2026-09-22T01:02:08.546775+00:00,2026-09-22T12:00:00-03:00,14,13.964292562499999,13,True,17.337873335062568,,,,False,,,not_due,outside_1_to_12h_actual_lead_buckets
cf0512133a9b6cac4f3e292c8f1dbfc4667e5546e25d8bee984b3bd55fc6ddbe,forecast_issue,86510000,ANA:86510000:reference-unverified,radar_arvores_live_candidate,hourly-live-weather-v1:fd40fd74e87486e7,2026-09-22T02:02:10.864694+00:00,2026-09-22T00:00:00-03:00,1,0.9636486961111111,0,True,17.51152569704853,,,,False,,,not_due,outside_1_to_12h_actual_lead_buckets
cf0512133a9b6cac4f3e292c8f1dbfc4667e5546e25d8bee984b3bd55fc6ddbe,forecast_issue,86510000,ANA:86510000:reference-unverified,radar_arvores_live_candidate,hourly-live-weather-v1:fd40fd74e87486e7,2026-09-22T02:02:10.864694+00:00,2026-09-22T01:00:00-03:00,2,1.963648696111111,1,True,18.082919068118766,,,,False,,,not_due,
cf0512133a9b6cac4f3e292c8f1dbfc4667e5546e25d8bee984b3bd55fc6ddbe,forecast_issue,86510000,ANA:86510000:reference-unverified,radar_arvores_live_candidate,hourly-live-weather-v1:fd40fd74e87486e7,2026-09-22T02:02:10.864694+00:00,2026-09-22T02:00:00-03:00,3,2.963648696111111,2,True,18.70806871606997,,,,False,,,not_due,
cf0512133a9b6cac4f3e292c8f1dbfc4667e5546e25d8bee984b3bd55fc6ddbe,forecast_issue,86510000,ANA:86510000:reference-unverified,radar_arvores_live_candidate,hourly-live-weather-v1:fd40fd74e87486e7,2026-09-22T02:02:10.864694+00:00,2026-09-22T03:00:00-03:00,4,3.963648696111111,3,True,18.630779187000797,,,,False,,,not_due,
cf0512133a9b6cac4f3e292c8f1dbfc4667e5546e25d8bee984b3bd55fc6ddbe,forecast_issue,86510000,ANA:86510000:reference-unverified,radar_arvores_live_candidate,hourly-live-weather-v1:fd40fd74e87486e7,2026-09-22T02:02:10.864694+00:00,2026-09-22T04:00:00-03:00,5,4.963648696111111,4,True,18.5960941430735,,,,False,,,not_due,
cf0512133a9b6cac4f3e292c8f1dbfc4667e5546e25d8bee984b3bd55fc6ddbe,forecast_issue,86510000,ANA:86510000:reference-unverified,radar_arvores_live_candidate,hourly-live-weather-v1:fd40fd74e87486e7,2026-09-22T02:02:10.864694+00:00,2026-09-22T05:00:00-03:00,6,5.963648696111111,5,True,18.411192076976512,,,,False,,,not_due,
cf0512133a9b6cac4f3e292c8f1dbfc4667e5546e25d8bee984b3bd55fc6ddbe,forecast_issue,86510000,ANA:86510000:reference-unverified,radar_arvores_live_candidate,hourly-live-weather-v1:fd40fd74e87486e7,2026-09-22T02:02:10.864694+00:00,2026-09-22T06:00:00-03:00,7,6.963648696111111,6,True,18.382882320322594,,,,False,,,not_due,
cf0512133a9b6cac4f3e292c8f1dbfc4667e5546e25d8bee984b3bd55fc6ddbe,forecast_issue,86510000,ANA:86510000:reference-unverified,radar_arvores_live_candidate,hourly-live-weather-v1:fd40fd74e87486e7,2026-09-22T02:02:10.864694+00:00,2026-09-22T07:00:00-03:00,8,7.963648696111111,7,True,18.253439830460177,,,,False,,,not_due,
cf0512133a9b6cac4f3e292c8f1dbfc4667e5546e25d8bee984b3bd55fc6ddbe,forecast_issue,86510000,ANA:86510000:reference-unverified,radar_arvores_live_candidate,hourly-live-weather-v1:fd40fd74e87486e7,2026-09-22T02:02:10.864694+00:00,2026-09-22T08:00:00-03:00,9,8.963648696111111,8,True,17.97283319560853,,,,False,,,not_due,
cf0512133a9b6cac4f3e292c8f1dbfc4667e5546e25d8bee984b3bd55fc6ddbe,forecast_issue,86510000,ANA:86510000:reference-unverified,radar_arvores_live_candidate,hourly-live-weather-v1:fd40fd74e87486e7,2026-09-22T02:02:10.864694+00:00,2026-09-22T09:00:00-03:00,10,9.96364869611111,9,True,17.90298622380851,,,,False,,,not_due,
cf0512133a9b6cac4f3e292c8f1dbfc4667e5546e25d8bee984b3bd55fc6ddbe,forecast_issue,86510000,ANA:86510000:reference-unverified,radar_arvores_live_candidate,hourly-live-weather-v1:fd40fd74e87486e7,2026-09-22T02:02:10.864694+00:00,2026-09-22T10:00:00-03:00,11,10.96364869611111,10,True,17.638103106177226,,,,False,,,not_due,
cf0512133a9b6cac4f3e292c8f1dbfc4667e5546e25d8bee984b3bd55fc6ddbe,forecast_issue,86510000,ANA:86510000:reference-unverified,radar_arvores_live_candidate,hourly-live-weather-v1:fd40fd74e87486e7,2026-09-22T02:02:10.864694+00:00,2026-09-22T11:00:00-03:00,12,11.96364869611111,11,True,17.506397157068086,,,,False,,,not_due,
cf0512133a9b6cac4f3e292c8f1dbfc4667e5546e25d8bee984b3bd55fc6ddbe,forecast_issue,86510000,ANA:86510000:reference-unverified,radar_arvores_live_candidate,hourly-live-weather-v1:fd40fd74e87486e7,2026-09-22T02:02:10.864694+00:00,2026-09-22T12:00:00-03:00,13,12.96364869611111,12,True,17.789529313102506,,,,False,,,not_due,
cf0512133a9b6cac4f3e292c8f1dbfc4667e5546e25d8bee984b3bd55fc6ddbe,forecast_issue,86510000,ANA:86510000:reference-unverified,radar_arvores_live_candidate,hourly-live-weather-v1:fd40fd74e87486e7,2026-09-22T02:02:10.864694+00:00,2026-09-22T13:00:00-03:00,14,13.96364869611111,13,True,17.563718362126234,,,,False,,,not_due,outside_1_to_12h_actual_lead_buckets
