plant,field,origin,assumed_available_before,source_time,age_after_delay_minutes,value_m,usable
julho,val_nivelmontante,2026-09-21T14:00:00-03:00,2026-09-21T13:00:00-03:00,2026-09-21T13:00:00-03:00,0.0,106.3,True
julho,val_nivelmontante,2026-09-21T15:00:00-03:00,2026-09-21T14:00:00-03:00,2026-09-21T14:00:00-03:00,0.0,106.19,True
julho,val_nivelmontante,2026-09-21T16:00:00-03:00,2026-09-21T15:00:00-03:00,2026-09-21T15:00:00-03:00,0.0,106.54,True
julho,val_nivelmontante,2026-09-21T17:00:00-03:00,2026-09-21T16:00:00-03:00,2026-09-21T16:00:00-03:00,0.0,107.08,True
julho,val_nivelmontante,2026-09-21T18:00:00-03:00,2026-09-21T17:00:00-03:00,2026-09-21T17:00:00-03:00,0.0,107.41,True
julho,val_nivelmontante,2026-09-21T19:00:00-03:00,2026-09-21T18:00:00-03:00,2026-09-21T18:00:00-03:00,0.0,107.78,True
julho,val_nivelmontante,2026-09-21T20:00:00-03:00,2026-09-21T19:00:00-03:00,2026-09-21T19:00:00-03:00,0.0,107.79,True
julho,val_nivelmontante,2026-09-21T21:00:00-03:00,2026-09-21T20:00:00-03:00,2026-09-21T20:00:00-03:00,0.0,107.95,True
julho,val_niveljusante,2026-09-21T14:00:00-03:00,2026-09-21T13:00:00-03:00,2026-09-21T13:00:00-03:00,0.0,75.95,True
julho,val_niveljusante,2026-09-21T15:00:00-03:00,2026-09-21T14:00:00-03:00,2026-09-21T14:00:00-03:00,0.0,77.11,True
julho,val_niveljusante,2026-09-21T16:00:00-03:00,2026-09-21T15:00:00-03:00,2026-09-21T15:00:00-03:00,0.0,77.46,True
julho,val_niveljusante,2026-09-21T17:00:00-03:00,2026-09-21T16:00:00-03:00,2026-09-21T16:00:00-03:00,0.0,78.28,True
julho,val_niveljusante,2026-09-21T18:00:00-03:00,2026-09-21T17:00:00-03:00,2026-09-21T17:00:00-03:00,0.0,78.86,True
julho,val_niveljusante,2026-09-21T19:00:00-03:00,2026-09-21T18:00:00-03:00,2026-09-21T18:00:00-03:00,0.0,79.67,True
julho,val_niveljusante,2026-09-21T20:00:00-03:00,2026-09-21T19:00:00-03:00,2026-09-21T19:00:00-03:00,0.0,81.15,True
julho,val_niveljusante,2026-09-21T21:00:00-03:00,2026-09-21T20:00:00-03:00,2026-09-21T20:00:00-03:00,0.0,82.1,True
monte,val_nivelmontante,2026-09-21T14:00:00-03:00,2026-09-21T13:00:00-03:00,2026-09-21T13:00:00-03:00,0.0,150.74,True
monte,val_nivelmontante,2026-09-21T15:00:00-03:00,2026-09-21T14:00:00-03:00,2026-09-21T14:00:00-03:00,0.0,151.5,True
monte,val_nivelmontante,2026-09-21T16:00:00-03:00,2026-09-21T15:00:00-03:00,2026-09-21T15:00:00-03:00,0.0,151.97,True
monte,val_nivelmontante,2026-09-21T17:00:00-03:00,2026-09-21T16:00:00-03:00,2026-09-21T16:00:00-03:00,0.0,152.1,True
monte,val_nivelmontante,2026-09-21T18:00:00-03:00,2026-09-21T17:00:00-03:00,2026-09-21T17:00:00-03:00,0.0,152.18,True
monte,val_nivelmontante,2026-09-21T19:00:00-03:00,2026-09-21T18:00:00-03:00,2026-09-21T18:00:00-03:00,0.0,152.76,True
monte,val_nivelmontante,2026-09-21T20:00:00-03:00,2026-09-21T19:00:00-03:00,2026-09-21T19:00:00-03:00,0.0,153.55,True
monte,val_nivelmontante,2026-09-21T21:00:00-03:00,2026-09-21T20:00:00-03:00,2026-09-21T20:00:00-03:00,0.0,153.94,True
monte,val_niveljusante,2026-09-21T14:00:00-03:00,2026-09-21T13:00:00-03:00,2026-09-21T13:00:00-03:00,0.0,111.85,True
monte,val_niveljusante,2026-09-21T15:00:00-03:00,2026-09-21T14:00:00-03:00,2026-09-21T14:00:00-03:00,0.0,113.16,True
monte,val_niveljusante,2026-09-21T16:00:00-03:00,2026-09-21T15:00:00-03:00,2026-09-21T15:00:00-03:00,0.0,114.23,True
monte,val_niveljusante,2026-09-21T17:00:00-03:00,2026-09-21T16:00:00-03:00,2026-09-21T16:00:00-03:00,0.0,115.2,True
monte,val_niveljusante,2026-09-21T18:00:00-03:00,2026-09-21T17:00:00-03:00,2026-09-21T17:00:00-03:00,0.0,115.88,True
monte,val_niveljusante,2026-09-21T19:00:00-03:00,2026-09-21T18:00:00-03:00,2026-09-21T18:00:00-03:00,0.0,117.1,True
monte,val_niveljusante,2026-09-21T20:00:00-03:00,2026-09-21T19:00:00-03:00,2026-09-21T19:00:00-03:00,0.0,118.42,True
monte,val_niveljusante,2026-09-21T21:00:00-03:00,2026-09-21T20:00:00-03:00,2026-09-21T20:00:00-03:00,0.0,119.55,True
castro,val_nivelmontante,2026-09-21T14:00:00-03:00,2026-09-21T13:00:00-03:00,2026-09-21T13:00:00-03:00,0.0,243.65,True
castro,val_nivelmontante,2026-09-21T15:00:00-03:00,2026-09-21T14:00:00-03:00,2026-09-21T14:00:00-03:00,0.0,243.88,True
castro,val_nivelmontante,2026-09-21T16:00:00-03:00,2026-09-21T15:00:00-03:00,2026-09-21T15:00:00-03:00,0.0,244.44,True
castro,val_nivelmontante,2026-09-21T17:00:00-03:00,2026-09-21T16:00:00-03:00,2026-09-21T16:00:00-03:00,0.0,245.47,True
castro,val_nivelmontante,2026-09-21T18:00:00-03:00,2026-09-21T17:00:00-03:00,2026-09-21T17:00:00-03:00,0.0,246.17,True
castro,val_nivelmontante,2026-09-21T19:00:00-03:00,2026-09-21T18:00:00-03:00,2026-09-21T18:00:00-03:00,0.0,246.81,True
castro,val_nivelmontante,2026-09-21T20:00:00-03:00,2026-09-21T19:00:00-03:00,2026-09-21T19:00:00-03:00,0.0,247.16,True
castro,val_nivelmontante,2026-09-21T21:00:00-03:00,2026-09-21T20:00:00-03:00,2026-09-21T20:00:00-03:00,0.0,246.96,True
castro,val_niveljusante,2026-09-21T14:00:00-03:00,2026-09-21T13:00:00-03:00,2026-09-21T13:00:00-03:00,0.0,152.51,True
castro,val_niveljusante,2026-09-21T15:00:00-03:00,2026-09-21T14:00:00-03:00,2026-09-21T14:00:00-03:00,0.0,153.58,True
castro,val_niveljusante,2026-09-21T16:00:00-03:00,2026-09-21T15:00:00-03:00,2026-09-21T15:00:00-03:00,0.0,154.24,True
castro,val_niveljusante,2026-09-21T17:00:00-03:00,2026-09-21T16:00:00-03:00,2026-09-21T16:00:00-03:00,0.0,155.09,True
castro,val_niveljusante,2026-09-21T18:00:00-03:00,2026-09-21T17:00:00-03:00,2026-09-21T17:00:00-03:00,0.0,156.18,True
castro,val_niveljusante,2026-09-21T19:00:00-03:00,2026-09-21T18:00:00-03:00,2026-09-21T18:00:00-03:00,0.0,157.4,True
castro,val_niveljusante,2026-09-21T20:00:00-03:00,2026-09-21T19:00:00-03:00,2026-09-21T19:00:00-03:00,0.0,158.64,True
castro,val_niveljusante,2026-09-21T21:00:00-03:00,2026-09-21T20:00:00-03:00,2026-09-21T20:00:00-03:00,0.0,159.36,True
